date,real_yield_10y,breakeven_10y,usd_broad,vix
1990-01-02,,,,17.240000
1990-01-03,,,,18.190000
1990-01-04,,,,19.220000
1990-01-05,,,,20.110000
1990-01-08,,,,20.260000
1990-01-09,,,,22.200000
1990-01-10,,,,22.440000
1990-01-11,,,,20.050000
1990-01-12,,,,24.640000
1990-01-15,,,,26.340000
1990-01-16,,,,24.180000
1990-01-17,,,,24.160000
1990-01-18,,,,24.340000
1990-01-19,,,,22.500000
1990-01-22,,,,26.700000
1990-01-23,,,,24.720000
1990-01-24,,,,25.390000
1990-01-25,,,,25.630000
1990-01-26,,,,26.280000
1990-01-29,,,,26.440000
1990-01-30,,,,27.250000
1990-01-31,,,,25.360000
1990-02-01,,,,24.870000
1990-02-02,,,,24.320000
1990-02-05,,,,24.540000
1990-02-06,,,,24.690000
1990-02-07,,,,24.290000
1990-02-08,,,,23.770000
1990-02-09,,,,23.690000
1990-02-12,,,,24.380000
1990-02-13,,,,23.760000
1990-02-14,,,,22.050000
1990-02-15,,,,19.710000
1990-02-16,,,,20.780000
1990-02-19,,,,
1990-02-20,,,,22.780000
1990-02-21,,,,23.890000
1990-02-22,,,,22.540000
1990-02-23,,,,23.690000
1990-02-26,,,,23.560000
1990-02-27,,,,22.690000
1990-02-28,,,,21.990000
1990-03-01,,,,21.900000
1990-03-02,,,,21.340000
1990-03-05,,,,22.030000
1990-03-06,,,,20.550000
1990-03-07,,,,19.100000
1990-03-08,,,,19.740000
1990-03-09,,,,20.300000
1990-03-12,,,,20.070000
1990-03-13,,,,21.050000
1990-03-14,,,,19.650000
1990-03-15,,,,18.810000
1990-03-16,,,,17.620000
1990-03-19,,,,18.290000
1990-03-20,,,,19.060000
1990-03-21,,,,20.100000
1990-03-22,,,,22.740000
1990-03-23,,,,20.460000
1990-03-26,,,,19.590000
1990-03-27,,,,21.010000
1990-03-28,,,,19.770000
1990-03-29,,,,18.460000
1990-03-30,,,,19.730000
1990-04-02,,,,22.840000
1990-04-03,,,,20.440000
1990-04-04,,,,22.030000
1990-04-05,,,,21.210000
1990-04-06,,,,21.760000
1990-04-09,,,,22.300000
1990-04-10,,,,21.690000
1990-04-11,,,,17.730000
1990-04-12,,,,19.800000
1990-04-13,,,,
1990-04-16,,,,20.750000
1990-04-17,,,,20.380000
1990-04-18,,,,22.670000
1990-04-19,,,,22.460000
1990-04-20,,,,23.330000
1990-04-23,,,,24.160000
1990-04-24,,,,21.700000
1990-04-25,,,,20.860000
1990-04-26,,,,20.250000
1990-04-27,,,,22.190000
1990-04-30,,,,19.520000
1990-05-01,,,,18.430000
1990-05-02,,,,19.320000
1990-05-03,,,,17.810000
1990-05-04,,,,17.280000
1990-05-07,,,,17.650000
1990-05-08,,,,18.490000
1990-05-09,,,,18.640000
1990-05-10,,,,18.590000
1990-05-11,,,,19.810000
1990-05-14,,,,20.140000
1990-05-15,,,,19.490000
1990-05-16,,,,17.710000
1990-05-17,,,,17.270000
1990-05-18,,,,17.200000
1990-05-21,,,,16.720000
1990-05-22,,,,17.840000
1990-05-23,,,,17.180000
1990-05-24,,,,17.700000
1990-05-25,,,,17.320000
1990-05-28,,,,
1990-05-29,,,,18.750000
1990-05-30,,,,17.440000
1990-05-31,,,,17.370000
1990-06-01,,,,17.090000
1990-06-04,,,,18.390000
1990-06-05,,,,18.970000
1990-06-06,,,,17.420000
1990-06-07,,,,16.880000
1990-06-08,,,,17.580000
1990-06-11,,,,16.340000
1990-06-12,,,,16.600000
1990-06-13,,,,17.380000
1990-06-14,,,,17.400000
1990-06-15,,,,15.900000
1990-06-18,,,,17.710000
1990-06-19,,,,15.230000
1990-06-20,,,,15.270000
1990-06-21,,,,14.720000
1990-06-22,,,,19.360000
1990-06-25,,,,17.060000
1990-06-26,,,,16.290000
1990-06-27,,,,16.000000
1990-06-28,,,,16.180000
1990-06-29,,,,15.500000
1990-07-02,,,,16.260000
1990-07-03,,,,16.110000
1990-07-04,,,,
1990-07-05,,,,17.250000
1990-07-06,,,,16.410000
1990-07-09,,,,16.660000
1990-07-10,,,,16.920000
1990-07-11,,,,16.680000
1990-07-12,,,,17.060000
1990-07-13,,,,17.090000
1990-07-16,,,,16.750000
1990-07-17,,,,16.660000
1990-07-18,,,,18.900000
1990-07-19,,,,18.560000
1990-07-20,,,,15.630000
1990-07-23,,,,23.680000
1990-07-24,,,,21.790000
1990-07-25,,,,20.190000
1990-07-26,,,,20.260000
1990-07-27,,,,21.120000
1990-07-30,,,,21.160000
1990-07-31,,,,21.110000
1990-08-01,,,,21.640000
1990-08-02,,,,20.430000
1990-08-03,,,,28.740000
1990-08-06,,,,35.910000
1990-08-07,,,,32.750000
1990-08-08,,,,28.270000
1990-08-09,,,,24.390000
1990-08-10,,,,25.750000
1990-08-13,,,,25.740000
1990-08-14,,,,24.180000
1990-08-15,,,,23.310000
1990-08-16,,,,27.160000
1990-08-17,,,,27.530000
1990-08-20,,,,26.460000
1990-08-21,,,,28.900000
1990-08-22,,,,30.550000
1990-08-23,,,,36.470000
1990-08-24,,,,33.930000
1990-08-27,,,,29.630000
1990-08-28,,,,29.120000
1990-08-29,,,,27.380000
1990-08-30,,,,29.890000
1990-08-31,,,,29.900000
1990-09-03,,,,
1990-09-04,,,,29.580000
1990-09-05,,,,28.520000
1990-09-06,,,,30.190000
1990-09-07,,,,28.730000
1990-09-10,,,,29.340000
1990-09-11,,,,28.380000
1990-09-12,,,,28.120000
1990-09-13,,,,29.330000
1990-09-14,,,,30.560000
1990-09-17,,,,29.550000
1990-09-18,,,,28.820000
1990-09-19,,,,27.880000
1990-09-20,,,,28.660000
1990-09-21,,,,30.040000
1990-09-24,,,,30.560000
1990-09-25,,,,28.810000
1990-09-26,,,,28.190000
1990-09-27,,,,28.670000
1990-09-28,,,,29.110000
1990-10-01,,,,28.060000
1990-10-02,,,,27.280000
1990-10-03,,,,27.900000
1990-10-04,,,,27.510000
1990-10-05,,,,27.850000
1990-10-08,,,,28.040000
1990-10-09,,,,30.710000
1990-10-10,,,,31.190000
1990-10-11,,,,33.980000
1990-10-12,,,,31.940000
1990-10-15,,,,31.640000
1990-10-16,,,,31.450000
1990-10-17,,,,31.370000
1990-10-18,,,,29.600000
1990-10-19,,,,27.860000
1990-10-22,,,,27.270000
1990-10-23,,,,27.570000
1990-10-24,,,,28.280000
1990-10-25,,,,29.040000
1990-10-26,,,,30.750000
1990-10-29,,,,31.540000
1990-10-30,,,,30.520000
1990-10-31,,,,30.040000
1990-11-01,,,,30.250000
1990-11-02,,,,30.030000
1990-11-05,,,,29.850000
1990-11-06,,,,29.110000
1990-11-07,,,,30.870000
1990-11-08,,,,30.790000
1990-11-09,,,,26.960000
1990-11-12,,,,25.600000
1990-11-13,,,,24.580000
1990-11-14,,,,22.890000
1990-11-15,,,,22.570000
1990-11-16,,,,21.340000
1990-11-19,,,,20.950000
1990-11-20,,,,20.090000
1990-11-21,,,,21.090000
1990-11-22,,,,
1990-11-23,,,,20.980000
1990-11-26,,,,22.760000
1990-11-27,,,,22.860000
1990-11-28,,,,22.960000
1990-11-29,,,,23.910000
1990-11-30,,,,22.160000
1990-12-03,,,,22.290000
1990-12-04,,,,22.030000
1990-12-05,,,,20.940000
1990-12-06,,,,22.620000
1990-12-07,,,,22.590000
1990-12-10,,,,23.580000
1990-12-11,,,,23.750000
1990-12-12,,,,21.280000
1990-12-13,,,,23.050000
1990-12-14,,,,23.850000
1990-12-17,,,,24.850000
1990-12-18,,,,23.110000
1990-12-19,,,,23.080000
1990-12-20,,,,23.130000
1990-12-21,,,,22.660000
1990-12-24,,,,24.030000
1990-12-25,,,,
1990-12-26,,,,24.180000
1990-12-27,,,,24.810000
1990-12-28,,,,25.050000
1990-12-31,,,,26.380000
1991-01-01,,,,
1991-01-02,,,,26.620000
1991-01-03,,,,27.930000
1991-01-04,,,,27.190000
1991-01-07,,,,28.950000
1991-01-08,,,,30.380000
1991-01-09,,,,33.300000
1991-01-10,,,,31.330000
1991-01-11,,,,32.630000
1991-01-14,,,,36.200000
1991-01-15,,,,36.160000
1991-01-16,,,,33.200000
1991-01-17,,,,27.450000
1991-01-18,,,,25.390000
1991-01-21,,,,24.330000
1991-01-22,,,,24.900000
1991-01-23,,,,23.920000
1991-01-24,,,,22.860000
1991-01-25,,,,22.200000
1991-01-28,,,,23.050000
1991-01-29,,,,23.170000
1991-01-30,,,,21.370000
1991-01-31,,,,20.910000
1991-02-01,,,,21.040000
1991-02-04,,,,21.860000
1991-02-05,,,,21.460000
1991-02-06,,,,22.680000
1991-02-07,,,,23.600000
1991-02-08,,,,23.380000
1991-02-11,,,,22.560000
1991-02-12,,,,22.260000
1991-02-13,,,,20.860000
1991-02-14,,,,21.480000
1991-02-15,,,,19.570000
1991-02-18,,,,
1991-02-19,,,,19.840000
1991-02-20,,,,22.260000
1991-02-21,,,,20.780000
1991-02-22,,,,21.010000
1991-02-25,,,,22.860000
1991-02-26,,,,20.380000
1991-02-27,,,,21.260000
1991-02-28,,,,21.230000
1991-03-01,,,,
1991-03-04,,,,20.860000
1991-03-05,,,,20.450000
1991-03-06,,,,20.550000
1991-03-07,,,,21.050000
1991-03-08,,,,20.810000
1991-03-11,,,,20.880000
1991-03-12,,,,18.820000
1991-03-13,,,,16.090000
1991-03-14,,,,14.940000
1991-03-15,,,,14.900000
1991-03-18,,,,15.790000
1991-03-19,,,,16.110000
1991-03-20,,,,16.040000
1991-03-21,,,,16.860000
1991-03-22,,,,16.490000
1991-03-25,,,,16.760000
1991-03-26,,,,16.310000
1991-03-27,,,,16.550000
1991-03-28,,,,16.880000
1991-03-29,,,,
1991-04-01,,,,17.420000
1991-04-02,,,,17.400000
1991-04-03,,,,17.610000
1991-04-04,,,,18.010000
1991-04-05,,,,17.630000
1991-04-08,,,,17.410000
1991-04-09,,,,20.120000
1991-04-10,,,,19.730000
1991-04-11,,,,17.240000
1991-04-12,,,,18.450000
1991-04-15,,,,16.500000
1991-04-16,,,,15.820000
1991-04-17,,,,15.470000
1991-04-18,,,,16.260000
1991-04-19,,,,15.680000
1991-04-22,,,,16.780000
1991-04-23,,,,17.020000
1991-04-24,,,,16.720000
1991-04-25,,,,17.150000
1991-04-26,,,,17.270000
1991-04-29,,,,18.270000
1991-04-30,,,,18.240000
1991-05-01,,,,17.770000
1991-05-02,,,,17.520000
1991-05-03,,,,17.240000
1991-05-06,,,,17.920000
1991-05-07,,,,17.460000
1991-05-08,,,,17.780000
1991-05-09,,,,17.170000
1991-05-10,,,,17.540000
1991-05-13,,,,17.660000
1991-05-14,,,,18.000000
1991-05-15,,,,18.380000
1991-05-16,,,,17.240000
1991-05-17,,,,16.640000
1991-05-20,,,,17.100000
1991-05-21,,,,16.070000
1991-05-22,,,,16.160000
1991-05-23,,,,16.110000
1991-05-24,,,,15.230000
1991-05-27,,,,
1991-05-28,,,,15.670000
1991-05-29,,,,15.900000
1991-05-30,,,,16.020000
1991-05-31,,,,15.930000
1991-06-03,,,,16.870000
1991-06-04,,,,16.170000
1991-06-05,,,,16.400000
1991-06-06,,,,16.930000
1991-06-07,,,,16.980000
1991-06-10,,,,17.470000
1991-06-11,,,,17.320000
1991-06-12,,,,17.720000
1991-06-13,,,,16.990000
1991-06-14,,,,15.980000
1991-06-17,,,,15.500000
1991-06-18,,,,16.140000
1991-06-19,,,,17.440000
1991-06-20,,,,16.750000
1991-06-21,,,,16.510000
1991-06-24,,,,18.280000
1991-06-25,,,,17.850000
1991-06-26,,,,17.980000
1991-06-27,,,,17.870000
1991-06-28,,,,19.550000
1991-07-01,,,,18.640000
1991-07-02,,,,17.630000
1991-07-03,,,,19.470000
1991-07-04,,,,
1991-07-05,,,,18.350000
1991-07-08,,,,20.290000
1991-07-09,,,,19.760000
1991-07-10,,,,19.190000
1991-07-11,,,,17.390000
1991-07-12,,,,18.290000
1991-07-15,,,,17.780000
1991-07-16,,,,17.490000
1991-07-17,,,,17.520000
1991-07-18,,,,15.770000
1991-07-19,,,,15.500000
1991-07-22,,,,16.900000
1991-07-23,,,,16.580000
1991-07-24,,,,16.410000
1991-07-25,,,,15.740000
1991-07-26,,,,15.450000
1991-07-29,,,,15.670000
1991-07-30,,,,15.470000
1991-07-31,,,,15.180000
1991-08-01,,,,15.470000
1991-08-02,,,,15.260000
1991-08-05,,,,15.920000
1991-08-06,,,,15.540000
1991-08-07,,,,15.560000
1991-08-08,,,,15.980000
1991-08-09,,,,15.450000
1991-08-12,,,,15.260000
1991-08-13,,,,14.730000
1991-08-14,,,,15.090000
1991-08-15,,,,15.190000
1991-08-16,,,,16.010000
1991-08-19,,,,21.190000
1991-08-20,,,,18.860000
1991-08-21,,,,15.620000
1991-08-22,,,,14.590000
1991-08-23,,,,14.410000
1991-08-26,,,,14.810000
1991-08-27,,,,15.460000
1991-08-28,,,,15.310000
1991-08-29,,,,14.820000
1991-08-30,,,,14.460000
1991-09-02,,,,
1991-09-03,,,,16.570000
1991-09-04,,,,17.180000
1991-09-05,,,,17.310000
1991-09-06,,,,16.760000
1991-09-09,,,,17.730000
1991-09-10,,,,18.220000
1991-09-11,,,,17.960000
1991-09-12,,,,16.210000
1991-09-13,,,,17.880000
1991-09-16,,,,17.820000
1991-09-17,,,,17.680000
1991-09-18,,,,17.560000
1991-09-19,,,,17.560000
1991-09-20,,,,17.080000
1991-09-23,,,,16.380000
1991-09-24,,,,16.040000
1991-09-25,,,,15.680000
1991-09-26,,,,15.350000
1991-09-27,,,,16.310000
1991-09-30,,,,15.850000
1991-10-01,,,,14.810000
1991-10-02,,,,15.810000
1991-10-03,,,,17.040000
1991-10-04,,,,15.630000
1991-10-07,,,,18.580000
1991-10-08,,,,17.810000
1991-10-09,,,,18.540000
1991-10-10,,,,17.800000
1991-10-11,,,,17.600000
1991-10-14,,,,16.710000
1991-10-15,,,,16.220000
1991-10-16,,,,14.850000
1991-10-17,,,,16.320000
1991-10-18,,,,15.870000
1991-10-21,,,,16.660000
1991-10-22,,,,16.550000
1991-10-23,,,,16.260000
1991-10-24,,,,15.620000
1991-10-25,,,,15.750000
1991-10-28,,,,15.450000
1991-10-29,,,,15.550000
1991-10-30,,,,15.460000
1991-10-31,,,,15.480000
1991-11-01,,,,15.600000
1991-11-04,,,,16.350000
1991-11-05,,,,16.480000
1991-11-06,,,,16.470000
1991-11-07,,,,15.970000
1991-11-08,,,,15.430000
1991-11-11,,,,14.890000
1991-11-12,,,,14.040000
1991-11-13,,,,13.950000
1991-11-14,,,,13.960000
1991-11-15,,,,21.180000
1991-11-18,,,,18.280000
1991-11-19,,,,20.340000
1991-11-20,,,,20.400000
1991-11-21,,,,19.110000
1991-11-22,,,,21.200000
1991-11-25,,,,21.920000
1991-11-26,,,,19.800000
1991-11-27,,,,19.840000
1991-11-28,,,,
1991-11-29,,,,20.260000
1991-12-02,,,,20.180000
1991-12-03,,,,19.700000
1991-12-04,,,,19.540000
1991-12-05,,,,20.190000
1991-12-06,,,,19.040000
1991-12-09,,,,19.740000
1991-12-10,,,,19.890000
1991-12-11,,,,20.570000
1991-12-12,,,,19.080000
1991-12-13,,,,17.880000
1991-12-16,,,,17.620000
1991-12-17,,,,18.120000
1991-12-18,,,,17.780000
1991-12-19,,,,17.960000
1991-12-20,,,,17.650000
1991-12-23,,,,16.610000
1991-12-24,,,,15.670000
1991-12-25,,,,
1991-12-26,,,,15.440000
1991-12-27,,,,15.700000
1991-12-30,,,,17.630000
1991-12-31,,,,19.310000
1992-01-01,,,,
1992-01-02,,,,18.950000
1992-01-03,,,,18.750000
1992-01-06,,,,18.960000
1992-01-07,,,,19.230000
1992-01-08,,,,18.720000
1992-01-09,,,,18.960000
1992-01-10,,,,18.450000
1992-01-13,,,,18.010000
1992-01-14,,,,17.010000
1992-01-15,,,,17.390000
1992-01-16,,,,17.640000
1992-01-17,,,,16.320000
1992-01-20,,,,16.420000
1992-01-21,,,,17.920000
1992-01-22,,,,16.750000
1992-01-23,,,,16.460000
1992-01-24,,,,16.240000
1992-01-27,,,,16.670000
1992-01-28,,,,17.670000
1992-01-29,,,,17.620000
1992-01-30,,,,17.490000
1992-01-31,,,,17.400000
1992-02-03,,,,18.200000
1992-02-04,,,,17.960000
1992-02-05,,,,18.220000
1992-02-06,,,,18.790000
1992-02-07,,,,18.510000
1992-02-10,,,,18.560000
1992-02-11,,,,17.700000
1992-02-12,,,,17.370000
1992-02-13,,,,17.450000
1992-02-14,,,,17.030000
1992-02-17,,,,
1992-02-18,,,,18.220000
1992-02-19,,,,17.160000
1992-02-20,,,,16.720000
1992-02-21,,,,16.870000
1992-02-24,,,,17.130000
1992-02-25,,,,16.350000
1992-02-26,,,,16.640000
1992-02-27,,,,16.510000
1992-02-28,,,,16.680000
1992-03-02,,,,16.880000
1992-03-03,,,,17.260000
1992-03-04,,,,17.890000
1992-03-05,,,,18.470000
1992-03-06,,,,19.750000
1992-03-09,,,,19.680000
1992-03-10,,,,18.680000
1992-03-11,,,,19.790000
1992-03-12,,,,19.720000
1992-03-13,,,,18.350000
1992-03-16,,,,18.460000
1992-03-17,,,,16.790000
1992-03-18,,,,16.690000
1992-03-19,,,,16.520000
1992-03-20,,,,16.820000
1992-03-23,,,,16.730000
1992-03-24,,,,16.320000
1992-03-25,,,,16.190000
1992-03-26,,,,16.290000
1992-03-27,,,,16.020000
1992-03-30,,,,15.970000
1992-03-31,,,,16.180000
1992-04-01,,,,16.480000
1992-04-02,,,,17.060000
1992-04-03,,,,16.720000
1992-04-06,,,,16.720000
1992-04-07,,,,18.810000
1992-04-08,,,,20.150000
1992-04-09,,,,17.890000
1992-04-10,,,,16.850000
1992-04-13,,,,16.990000
1992-04-14,,,,15.980000
1992-04-15,,,,15.150000
1992-04-16,,,,14.850000
1992-04-17,,,,
1992-04-20,,,,15.930000
1992-04-21,,,,16.530000
1992-04-22,,,,15.960000
1992-04-23,,,,15.830000
1992-04-24,,,,15.710000
1992-04-27,,,,16.490000
1992-04-28,,,,16.240000
1992-04-29,,,,15.950000
1992-04-30,,,,15.530000
1992-05-01,,,,16.610000
1992-05-04,,,,16.920000
1992-05-05,,,,16.660000
1992-05-06,,,,16.810000
1992-05-07,,,,16.540000
1992-05-08,,,,15.650000
1992-05-11,,,,15.170000
1992-05-12,,,,15.680000
1992-05-13,,,,15.190000
1992-05-14,,,,15.490000
1992-05-15,,,,14.820000
1992-05-18,,,,14.620000
1992-05-19,,,,13.570000
1992-05-20,,,,13.620000
1992-05-21,,,,13.920000
1992-05-22,,,,13.730000
1992-05-25,,,,
1992-05-26,,,,14.920000
1992-05-27,,,,13.990000
1992-05-28,,,,13.770000
1992-05-29,,,,13.860000
1992-06-01,,,,14.430000
1992-06-02,,,,14.570000
1992-06-03,,,,14.350000
1992-06-04,,,,13.660000
1992-06-05,,,,14.650000
1992-06-08,,,,15.190000
1992-06-09,,,,15.970000
1992-06-10,,,,16.620000
1992-06-11,,,,16.290000
1992-06-12,,,,14.950000
1992-06-15,,,,14.760000
1992-06-16,,,,15.220000
1992-06-17,,,,18.080000
1992-06-18,,,,18.200000
1992-06-19,,,,16.310000
1992-06-22,,,,16.660000
1992-06-23,,,,14.530000
1992-06-24,,,,14.400000
1992-06-25,,,,14.400000
1992-06-26,,,,14.670000
1992-06-29,,,,13.210000
1992-06-30,,,,13.350000
1992-07-01,,,,13.340000
1992-07-02,,,,13.880000
1992-07-03,,,,
1992-07-06,,,,14.870000
1992-07-07,,,,15.830000
1992-07-08,,,,15.530000
1992-07-09,,,,14.600000
1992-07-10,,,,13.700000
1992-07-13,,,,14.010000
1992-07-14,,,,13.500000
1992-07-15,,,,12.520000
1992-07-16,,,,12.270000
1992-07-17,,,,12.600000
1992-07-20,,,,12.660000
1992-07-21,,,,12.600000
1992-07-22,,,,13.570000
1992-07-23,,,,13.330000
1992-07-24,,,,13.370000
1992-07-27,,,,13.900000
1992-07-28,,,,13.050000
1992-07-29,,,,13.440000
1992-07-30,,,,13.500000
1992-07-31,,,,13.170000
1992-08-03,,,,13.830000
1992-08-04,,,,13.580000
1992-08-05,,,,13.820000
1992-08-06,,,,14.230000
1992-08-07,,,,13.940000
1992-08-10,,,,14.510000
1992-08-11,,,,15.090000
1992-08-12,,,,14.880000
1992-08-13,,,,15.340000
1992-08-14,,,,14.660000
1992-08-17,,,,14.610000
1992-08-18,,,,13.840000
1992-08-19,,,,14.350000
1992-08-20,,,,14.480000
1992-08-21,,,,15.010000
1992-08-24,,,,16.190000
1992-08-25,,,,15.620000
1992-08-26,,,,14.500000
1992-08-27,,,,13.660000
1992-08-28,,,,13.140000
1992-08-31,,,,13.580000
1992-09-01,,,,13.400000
1992-09-02,,,,12.730000
1992-09-03,,,,12.880000
1992-09-04,,,,12.980000
1992-09-07,,,,
1992-09-08,,,,13.650000
1992-09-09,,,,13.360000
1992-09-10,,,,12.920000
1992-09-11,,,,12.470000
1992-09-14,,,,13.000000
1992-09-15,,,,13.630000
1992-09-16,,,,14.720000
1992-09-17,,,,14.310000
1992-09-18,,,,13.740000
1992-09-21,,,,13.450000
1992-09-22,,,,13.880000
1992-09-23,,,,13.830000
1992-09-24,,,,13.440000
1992-09-25,,,,14.800000
1992-09-28,,,,15.190000
1992-09-29,,,,14.970000
1992-09-30,,,,14.280000
1992-10-01,,,,16.310000
1992-10-02,,,,17.790000
1992-10-05,,,,20.010000
1992-10-06,,,,19.950000
1992-10-07,,,,21.020000
1992-10-08,,,,19.260000
1992-10-09,,,,20.510000
1992-10-12,,,,19.490000
1992-10-13,,,,17.900000
1992-10-14,,,,18.420000
1992-10-15,,,,17.110000
1992-10-16,,,,17.010000
1992-10-19,,,,17.310000
1992-10-20,,,,16.870000
1992-10-21,,,,16.620000
1992-10-22,,,,15.840000
1992-10-23,,,,16.460000
1992-10-26,,,,16.320000
1992-10-27,,,,16.240000
1992-10-28,,,,15.950000
1992-10-29,,,,15.470000
1992-10-30,,,,16.150000
1992-11-02,,,,16.670000
1992-11-03,,,,17.330000
1992-11-04,,,,16.280000
1992-11-05,,,,15.380000
1992-11-06,,,,14.690000
1992-11-09,,,,14.230000
1992-11-10,,,,14.370000
1992-11-11,,,,13.990000
1992-11-12,,,,14.370000
1992-11-13,,,,14.610000
1992-11-16,,,,14.860000
1992-11-17,,,,15.010000
1992-11-18,,,,14.550000
1992-11-19,,,,14.330000
1992-11-20,,,,13.670000
1992-11-23,,,,13.400000
1992-11-24,,,,12.660000
1992-11-25,,,,12.500000
1992-11-26,,,,
1992-11-27,,,,12.580000
1992-11-30,,,,13.010000
1992-12-01,,,,12.800000
1992-12-02,,,,12.560000
1992-12-03,,,,12.030000
1992-12-04,,,,11.810000
1992-12-07,,,,12.000000
1992-12-08,,,,11.730000
1992-12-09,,,,12.580000
1992-12-10,,,,12.750000
1992-12-11,,,,12.340000
1992-12-14,,,,12.660000
1992-12-15,,,,12.410000
1992-12-16,,,,12.580000
1992-12-17,,,,12.140000
1992-12-18,,,,11.660000
1992-12-21,,,,11.650000
1992-12-22,,,,11.750000
1992-12-23,,,,11.510000
1992-12-24,,,,11.570000
1992-12-25,,,,
1992-12-28,,,,12.220000
1992-12-29,,,,12.290000
1992-12-30,,,,12.600000
1992-12-31,,,,12.570000
1993-01-01,,,,
1993-01-04,,,,13.360000
1993-01-05,,,,13.350000
1993-01-06,,,,13.370000
1993-01-07,,,,14.720000
1993-01-08,,,,13.770000
1993-01-11,,,,12.860000
1993-01-12,,,,12.780000
1993-01-13,,,,12.420000
1993-01-14,,,,11.990000
1993-01-15,,,,11.570000
1993-01-18,,,,11.490000
1993-01-19,,,,12.060000
1993-01-20,,,,12.150000
1993-01-21,,,,11.690000
1993-01-22,,,,11.300000
1993-01-25,,,,11.380000
1993-01-26,,,,11.450000
1993-01-27,,,,12.010000
1993-01-28,,,,12.040000
1993-01-29,,,,12.420000
1993-02-01,,,,12.330000
1993-02-02,,,,12.250000
1993-02-03,,,,12.120000
1993-02-04,,,,12.290000
1993-02-05,,,,12.900000
1993-02-08,,,,13.220000
1993-02-09,,,,13.480000
1993-02-10,,,,13.430000
1993-02-11,,,,12.690000
1993-02-12,,,,12.380000
1993-02-15,,,,
1993-02-16,,,,15.760000
1993-02-17,,,,15.900000
1993-02-18,,,,15.560000
1993-02-19,,,,15.020000
1993-02-22,,,,14.700000
1993-02-23,,,,15.040000
1993-02-24,,,,14.720000
1993-02-25,,,,13.760000
1993-02-26,,,,13.160000
1993-03-01,,,,13.600000
1993-03-02,,,,12.490000
1993-03-03,,,,13.130000
1993-03-04,,,,13.440000
1993-03-05,,,,14.080000
1993-03-08,,,,16.220000
1993-03-09,,,,14.170000
1993-03-10,,,,13.910000
1993-03-11,,,,14.260000
1993-03-12,,,,15.660000
1993-03-15,,,,14.740000
1993-03-16,,,,14.510000
1993-03-17,,,,14.530000
1993-03-18,,,,14.170000
1993-03-19,,,,13.230000
1993-03-22,,,,13.660000
1993-03-23,,,,13.020000
1993-03-24,,,,12.440000
1993-03-25,,,,12.080000
1993-03-26,,,,12.210000
1993-03-29,,,,12.630000
1993-03-30,,,,12.230000
1993-03-31,,,,12.530000
1993-04-01,,,,13.020000
1993-04-02,,,,14.500000
1993-04-05,,,,14.120000
1993-04-06,,,,14.240000
1993-04-07,,,,13.640000
1993-04-08,,,,12.830000
1993-04-09,,,,
1993-04-12,,,,11.930000
1993-04-13,,,,11.700000
1993-04-14,,,,11.760000
1993-04-15,,,,10.960000
1993-04-16,,,,11.290000
1993-04-19,,,,12.060000
1993-04-20,,,,11.940000
1993-04-21,,,,12.110000
1993-04-22,,,,12.680000
1993-04-23,,,,13.360000
1993-04-26,,,,15.250000
1993-04-27,,,,13.930000
1993-04-28,,,,13.120000
1993-04-29,,,,12.800000
1993-04-30,,,,12.420000
1993-05-03,,,,12.900000
1993-05-04,,,,12.140000
1993-05-05,,,,12.380000
1993-05-06,,,,13.220000
1993-05-07,,,,13.010000
1993-05-10,,,,13.720000
1993-05-11,,,,13.350000
1993-05-12,,,,13.560000
1993-05-13,,,,14.760000
1993-05-14,,,,14.390000
1993-05-17,,,,14.130000
1993-05-18,,,,14.190000
1993-05-19,,,,14.290000
1993-05-20,,,,13.980000
1993-05-21,,,,14.510000
1993-05-24,,,,14.100000
1993-05-25,,,,14.040000
1993-05-26,,,,12.880000
1993-05-27,,,,13.100000
1993-05-28,,,,13.470000
1993-05-31,,,,
1993-06-01,,,,13.670000
1993-06-02,,,,13.480000
1993-06-03,,,,13.540000
1993-06-04,,,,12.860000
1993-06-07,,,,14.070000
1993-06-08,,,,14.740000
1993-06-09,,,,13.960000
1993-06-10,,,,13.310000
1993-06-11,,,,12.710000
1993-06-14,,,,12.330000
1993-06-15,,,,11.990000
1993-06-16,,,,11.870000
1993-06-17,,,,11.660000
1993-06-18,,,,12.240000
1993-06-21,,,,12.250000
1993-06-22,,,,11.650000
1993-06-23,,,,12.040000
1993-06-24,,,,12.250000
1993-06-25,,,,11.250000
1993-06-28,,,,11.110000
1993-06-29,,,,11.290000
1993-06-30,,,,11.260000
1993-07-01,,,,11.510000
1993-07-02,,,,11.330000
1993-07-05,,,,
1993-07-06,,,,13.870000
1993-07-07,,,,13.050000
1993-07-08,,,,12.240000
1993-07-09,,,,10.800000
1993-07-12,,,,10.850000
1993-07-13,,,,11.020000
1993-07-14,,,,10.780000
1993-07-15,,,,10.600000
1993-07-16,,,,10.960000
1993-07-19,,,,11.460000
1993-07-20,,,,11.050000
1993-07-21,,,,11.970000
1993-07-22,,,,11.690000
1993-07-23,,,,11.320000
1993-07-26,,,,11.320000
1993-07-27,,,,11.340000
1993-07-28,,,,11.370000
1993-07-29,,,,11.250000
1993-07-30,,,,11.730000
1993-08-02,,,,11.470000
1993-08-03,,,,11.490000
1993-08-04,,,,11.710000
1993-08-05,,,,12.030000
1993-08-06,,,,12.330000
1993-08-09,,,,12.390000
1993-08-10,,,,12.310000
1993-08-11,,,,12.070000
1993-08-12,,,,12.380000
1993-08-13,,,,12.190000
1993-08-16,,,,12.010000
1993-08-17,,,,11.590000
1993-08-18,,,,11.520000
1993-08-19,,,,11.630000
1993-08-20,,,,11.620000
1993-08-23,,,,12.150000
1993-08-24,,,,11.800000
1993-08-25,,,,12.100000
1993-08-26,,,,12.140000
1993-08-27,,,,11.910000
1993-08-30,,,,11.740000
1993-08-31,,,,11.850000
1993-09-01,,,,11.480000
1993-09-02,,,,11.870000
1993-09-03,,,,11.160000
1993-09-06,,,,
1993-09-07,,,,12.900000
1993-09-08,,,,13.240000
1993-09-09,,,,12.670000
1993-09-10,,,,11.700000
1993-09-13,,,,12.160000
1993-09-14,,,,13.150000
1993-09-15,,,,12.700000
1993-09-16,,,,13.360000
1993-09-17,,,,13.390000
1993-09-20,,,,14.600000
1993-09-21,,,,17.300000
1993-09-22,,,,13.750000
1993-09-23,,,,13.360000
1993-09-24,,,,12.470000
1993-09-27,,,,12.490000
1993-09-28,,,,12.190000
1993-09-29,,,,12.630000
1993-09-30,,,,12.990000
1993-10-01,,,,11.830000
1993-10-04,,,,12.850000
1993-10-05,,,,12.970000
1993-10-06,,,,12.680000
1993-10-07,,,,13.140000
1993-10-08,,,,12.040000
1993-10-11,,,,12.260000
1993-10-12,,,,12.410000
1993-10-13,,,,11.380000
1993-10-14,,,,11.000000
1993-10-15,,,,10.870000
1993-10-18,,,,11.330000
1993-10-19,,,,11.610000
1993-10-20,,,,11.320000
1993-10-21,,,,11.200000
1993-10-22,,,,11.480000
1993-10-25,,,,11.830000
1993-10-26,,,,11.830000
1993-10-27,,,,12.010000
1993-10-28,,,,11.880000
1993-10-29,,,,11.460000
1993-11-01,,,,11.780000
1993-11-02,,,,11.740000
1993-11-03,,,,13.260000
1993-11-04,,,,14.680000
1993-11-05,,,,14.970000
1993-11-08,,,,14.310000
1993-11-09,,,,13.940000
1993-11-10,,,,13.720000
1993-11-11,,,,13.880000
1993-11-12,,,,13.330000
1993-11-15,,,,14.460000
1993-11-16,,,,15.110000
1993-11-17,,,,15.570000
1993-11-18,,,,14.650000
1993-11-19,,,,15.030000
1993-11-22,,,,15.900000
1993-11-23,,,,14.270000
1993-11-24,,,,13.510000
1993-11-25,,,,
1993-11-26,,,,13.770000
1993-11-29,,,,14.120000
1993-11-30,,,,13.760000
1993-12-01,,,,13.830000
1993-12-02,,,,13.510000
1993-12-03,,,,12.690000
1993-12-06,,,,12.840000
1993-12-07,,,,12.410000
1993-12-08,,,,12.460000
1993-12-09,,,,12.430000
1993-12-10,,,,12.600000
1993-12-13,,,,10.980000
1993-12-14,,,,11.130000
1993-12-15,,,,11.030000
1993-12-16,,,,10.900000
1993-12-17,,,,11.080000
1993-12-20,,,,10.750000
1993-12-21,,,,10.080000
1993-12-22,,,,9.310000
1993-12-23,,,,9.480000
1993-12-24,,,,
1993-12-27,,,,9.700000
1993-12-28,,,,9.820000
1993-12-29,,,,10.460000
1993-12-30,,,,10.690000
1993-12-31,,,,11.660000
1994-01-03,,,,12.570000
1994-01-04,,,,11.910000
1994-01-05,,,,10.940000
1994-01-06,,,,11.270000
1994-01-07,,,,10.960000
1994-01-10,,,,10.740000
1994-01-11,,,,11.290000
1994-01-12,,,,11.650000
1994-01-13,,,,12.080000
1994-01-14,,,,11.150000
1994-01-17,,,,11.880000
1994-01-18,,,,11.630000
1994-01-19,,,,11.760000
1994-01-20,,,,11.160000
1994-01-21,,,,11.090000
1994-01-24,,,,11.600000
1994-01-25,,,,11.380000
1994-01-26,,,,11.170000
1994-01-27,,,,10.300000
1994-01-28,,,,9.940000
1994-01-31,,,,10.630000
1994-02-01,,,,10.650000
1994-02-02,,,,10.610000
1994-02-03,,,,10.750000
1994-02-04,,,,15.250000
1994-02-07,,,,13.960000
1994-02-08,,,,13.660000
1994-02-09,,,,13.300000
1994-02-10,,,,14.240000
1994-02-11,,,,14.460000
1994-02-14,,,,14.280000
1994-02-15,,,,13.400000
1994-02-16,,,,13.130000
1994-02-17,,,,13.790000
1994-02-18,,,,14.700000
1994-02-21,,,,
1994-02-22,,,,13.520000
1994-02-23,,,,13.910000
1994-02-24,,,,15.960000
1994-02-25,,,,14.800000
1994-02-28,,,,14.870000
1994-03-01,,,,15.830000
1994-03-02,,,,16.080000
1994-03-03,,,,16.360000
1994-03-04,,,,16.000000
1994-03-07,,,,14.260000
1994-03-08,,,,16.230000
1994-03-09,,,,14.410000
1994-03-10,,,,16.550000
1994-03-11,,,,14.870000
1994-03-14,,,,16.610000
1994-03-15,,,,14.780000
1994-03-16,,,,14.510000
1994-03-17,,,,12.760000
1994-03-18,,,,13.320000
1994-03-21,,,,14.340000
1994-03-22,,,,13.390000
1994-03-23,,,,12.310000
1994-03-24,,,,13.430000
1994-03-25,,,,13.670000
1994-03-28,,,,14.900000
1994-03-29,,,,16.490000
1994-03-30,,,,18.590000
1994-03-31,,,,20.450000
1994-04-01,,,,
1994-04-04,,,,23.870000
1994-04-05,,,,18.130000
1994-04-06,,,,17.380000
1994-04-07,,,,16.980000
1994-04-08,,,,16.920000
1994-04-11,,,,16.610000
1994-04-12,,,,16.420000
1994-04-13,,,,17.020000
1994-04-14,,,,16.270000
1994-04-15,,,,15.980000
1994-04-18,,,,17.220000
1994-04-19,,,,16.930000
1994-04-20,,,,17.010000
1994-04-21,,,,14.930000
1994-04-22,,,,14.940000
1994-04-25,,,,14.260000
1994-04-26,,,,13.800000
1994-04-27,,,,
1994-04-28,,,,14.510000
1994-04-29,,,,13.770000
1994-05-02,,,,14.110000
1994-05-03,,,,13.810000
1994-05-04,,,,14.290000
1994-05-05,,,,14.560000
1994-05-06,,,,15.080000
1994-05-09,,,,16.160000
1994-05-10,,,,15.190000
1994-05-11,,,,15.550000
1994-05-12,,,,15.460000
1994-05-13,,,,14.540000
1994-05-16,,,,14.670000
1994-05-17,,,,14.080000
1994-05-18,,,,12.550000
1994-05-19,,,,12.330000
1994-05-20,,,,12.790000
1994-05-23,,,,13.490000
1994-05-24,,,,12.730000
1994-05-25,,,,12.430000
1994-05-26,,,,12.500000
1994-05-27,,,,12.490000
1994-05-30,,,,
1994-05-31,,,,13.030000
1994-06-01,,,,12.720000
1994-06-02,,,,12.730000
1994-06-03,,,,12.190000
1994-06-06,,,,13.030000
1994-06-07,,,,13.050000
1994-06-08,,,,13.320000
1994-06-09,,,,13.210000
1994-06-10,,,,12.690000
1994-06-13,,,,11.920000
1994-06-14,,,,11.600000
1994-06-15,,,,11.520000
1994-06-16,,,,11.220000
1994-06-17,,,,12.310000
1994-06-20,,,,13.960000
1994-06-21,,,,14.700000
1994-06-22,,,,14.020000
1994-06-23,,,,14.120000
1994-06-24,,,,16.720000
1994-06-27,,,,15.530000
1994-06-28,,,,15.040000
1994-06-29,,,,14.420000
1994-06-30,,,,14.970000
1994-07-01,,,,14.360000
1994-07-04,,,,
1994-07-05,,,,14.920000
1994-07-06,,,,14.700000
1994-07-07,,,,14.010000
1994-07-08,,,,13.260000
1994-07-11,,,,13.830000
1994-07-12,,,,13.400000
1994-07-13,,,,12.420000
1994-07-14,,,,11.640000
1994-07-15,,,,11.280000
1994-07-18,,,,11.440000
1994-07-19,,,,11.650000
1994-07-20,,,,11.700000
1994-07-21,,,,11.650000
1994-07-22,,,,11.220000
1994-07-25,,,,11.460000
1994-07-26,,,,11.660000
1994-07-27,,,,11.930000
1994-07-28,,,,12.030000
1994-07-29,,,,11.130000
1994-08-01,,,,11.170000
1994-08-02,,,,11.270000
1994-08-03,,,,11.350000
1994-08-04,,,,12.180000
1994-08-05,,,,12.340000
1994-08-08,,,,12.410000
1994-08-09,,,,12.540000
1994-08-10,,,,11.910000
1994-08-11,,,,12.130000
1994-08-12,,,,11.090000
1994-08-15,,,,12.060000
1994-08-16,,,,11.390000
1994-08-17,,,,11.540000
1994-08-18,,,,12.070000
1994-08-19,,,,12.830000
1994-08-22,,,,12.620000
1994-08-23,,,,11.750000
1994-08-24,,,,11.570000
1994-08-25,,,,12.020000
1994-08-26,,,,12.190000
1994-08-29,,,,11.820000
1994-08-30,,,,11.230000
1994-08-31,,,,11.970000
1994-09-01,,,,11.860000
1994-09-02,,,,11.400000
1994-09-05,,,,
1994-09-06,,,,11.690000
1994-09-07,,,,11.810000
1994-09-08,,,,11.860000
1994-09-09,,,,13.120000
1994-09-12,,,,14.010000
1994-09-13,,,,13.770000
1994-09-14,,,,13.090000
1994-09-15,,,,11.880000
1994-09-16,,,,12.800000
1994-09-19,,,,13.060000
1994-09-20,,,,14.450000
1994-09-21,,,,14.490000
1994-09-22,,,,13.890000
1994-09-23,,,,14.530000
1994-09-26,,,,14.560000
1994-09-27,,,,14.130000
1994-09-28,,,,13.250000
1994-09-29,,,,13.970000
1994-09-30,,,,14.280000
1994-10-03,,,,15.440000
1994-10-04,,,,16.660000
1994-10-05,,,,15.920000
1994-10-06,,,,16.240000
1994-10-07,,,,14.920000
1994-10-10,,,,14.720000
1994-10-11,,,,13.550000
1994-10-12,,,,14.510000
1994-10-13,,,,14.900000
1994-10-14,,,,13.320000
1994-10-17,,,,14.760000
1994-10-18,,,,14.590000
1994-10-19,,,,15.130000
1994-10-20,,,,15.990000
1994-10-21,,,,15.910000
1994-10-24,,,,16.970000
1994-10-25,,,,16.130000
1994-10-26,,,,15.700000
1994-10-27,,,,15.670000
1994-10-28,,,,14.560000
1994-10-31,,,,14.560000
1994-11-01,,,,14.840000
1994-11-02,,,,15.340000
1994-11-03,,,,15.580000
1994-11-04,,,,16.750000
1994-11-07,,,,17.370000
1994-11-08,,,,16.300000
1994-11-09,,,,16.420000
1994-11-10,,,,16.000000
1994-11-11,,,,16.500000
1994-11-14,,,,16.680000
1994-11-15,,,,16.660000
1994-11-16,,,,15.560000
1994-11-17,,,,15.910000
1994-11-18,,,,16.000000
1994-11-21,,,,16.130000
1994-11-22,,,,17.240000
1994-11-23,,,,18.410000
1994-11-24,,,,
1994-11-25,,,,17.440000
1994-11-28,,,,16.830000
1994-11-29,,,,16.150000
1994-11-30,,,,15.950000
1994-12-01,,,,16.690000
1994-12-02,,,,16.550000
1994-12-05,,,,16.100000
1994-12-06,,,,16.050000
1994-12-07,,,,16.280000
1994-12-08,,,,18.150000
1994-12-09,,,,16.040000
1994-12-12,,,,15.460000
1994-12-13,,,,14.480000
1994-12-14,,,,13.030000
1994-12-15,,,,12.870000
1994-12-16,,,,12.790000
1994-12-19,,,,13.020000
1994-12-20,,,,12.980000
1994-12-21,,,,12.050000
1994-12-22,,,,12.420000
1994-12-23,,,,11.820000
1994-12-26,,,,
1994-12-27,,,,12.070000
1994-12-28,,,,12.810000
1994-12-29,,,,12.860000
1994-12-30,,,,13.200000
1995-01-02,,,,
1995-01-03,,,,14.250000
1995-01-04,,,,13.530000
1995-01-05,,,,13.500000
1995-01-06,,,,13.130000
1995-01-09,,,,13.330000
1995-01-10,,,,12.520000
1995-01-11,,,,12.150000
1995-01-12,,,,12.830000
1995-01-13,,,,11.100000
1995-01-16,,,,11.140000
1995-01-17,,,,11.790000
1995-01-18,,,,11.570000
1995-01-19,,,,11.860000
1995-01-20,,,,12.150000
1995-01-23,,,,12.790000
1995-01-24,,,,11.940000
1995-01-25,,,,11.460000
1995-01-26,,,,11.250000
1995-01-27,,,,11.250000
1995-01-30,,,,12.260000
1995-01-31,,,,11.960000
1995-02-01,,,,11.730000
1995-02-02,,,,11.130000
1995-02-03,,,,10.980000
1995-02-06,,,,11.220000
1995-02-07,,,,11.170000
1995-02-08,,,,11.420000
1995-02-09,,,,11.630000
1995-02-10,,,,11.280000
1995-02-13,,,,11.410000
1995-02-14,,,,11.430000
1995-02-15,,,,11.520000
1995-02-16,,,,11.610000
1995-02-17,,,,11.710000
1995-02-20,,,,
1995-02-21,,,,12.050000
1995-02-22,,,,11.390000
1995-02-23,,,,11.150000
1995-02-24,,,,10.840000
1995-02-27,,,,12.510000
1995-02-28,,,,11.750000
1995-03-01,,,,11.650000
1995-03-02,,,,12.020000
1995-03-03,,,,11.450000
1995-03-06,,,,12.170000
1995-03-07,,,,14.220000
1995-03-08,,,,13.720000
1995-03-09,,,,13.360000
1995-03-10,,,,12.380000
1995-03-13,,,,12.150000
1995-03-14,,,,12.100000
1995-03-15,,,,12.420000
1995-03-16,,,,11.950000
1995-03-17,,,,11.800000
1995-03-20,,,,11.340000
1995-03-21,,,,11.530000
1995-03-22,,,,11.290000
1995-03-23,,,,11.430000
1995-03-24,,,,11.190000
1995-03-27,,,,11.830000
1995-03-28,,,,11.330000
1995-03-29,,,,12.510000
1995-03-30,,,,12.620000
1995-03-31,,,,13.370000
1995-04-03,,,,13.500000
1995-04-04,,,,12.620000
1995-04-05,,,,12.960000
1995-04-06,,,,12.810000
1995-04-07,,,,12.850000
1995-04-10,,,,12.790000
1995-04-11,,,,12.730000
1995-04-12,,,,12.040000
1995-04-13,,,,11.480000
1995-04-14,,,,
1995-04-17,,,,12.330000
1995-04-18,,,,12.960000
1995-04-19,,,,13.090000
1995-04-20,,,,12.100000
1995-04-21,,,,11.860000
1995-04-24,,,,11.920000
1995-04-25,,,,12.410000
1995-04-26,,,,12.280000
1995-04-27,,,,11.930000
1995-04-28,,,,11.750000
1995-05-01,,,,12.140000
1995-05-02,,,,11.880000
1995-05-03,,,,11.690000
1995-05-04,,,,12.640000
1995-05-05,,,,12.060000
1995-05-08,,,,12.220000
1995-05-09,,,,12.750000
1995-05-10,,,,13.080000
1995-05-11,,,,12.980000
1995-05-12,,,,11.840000
1995-05-15,,,,12.380000
1995-05-16,,,,12.200000
1995-05-17,,,,12.360000
1995-05-18,,,,13.130000
1995-05-19,,,,12.810000
1995-05-22,,,,11.680000
1995-05-23,,,,11.550000
1995-05-24,,,,11.260000
1995-05-25,,,,11.630000
1995-05-26,,,,12.200000
1995-05-29,,,,
1995-05-30,,,,12.520000
1995-05-31,,,,12.850000
1995-06-01,,,,12.210000
1995-06-02,,,,12.980000
1995-06-05,,,,13.450000
1995-06-06,,,,13.000000
1995-06-07,,,,12.840000
1995-06-08,,,,12.890000
1995-06-09,,,,12.760000
1995-06-12,,,,11.910000
1995-06-13,,,,11.290000
1995-06-14,,,,11.290000
1995-06-15,,,,11.230000
1995-06-16,,,,10.750000
1995-06-19,,,,11.210000
1995-06-20,,,,11.160000
1995-06-21,,,,11.320000
1995-06-22,,,,11.440000
1995-06-23,,,,11.120000
1995-06-26,,,,11.800000
1995-06-27,,,,12.370000
1995-06-28,,,,11.740000
1995-06-29,,,,11.590000
1995-06-30,,,,11.380000
1995-07-03,,,,11.570000
1995-07-04,,,,
1995-07-05,,,,12.100000
1995-07-06,,,,11.520000
1995-07-07,,,,11.770000
1995-07-10,,,,12.190000
1995-07-11,,,,12.250000
1995-07-12,,,,12.310000
1995-07-13,,,,12.560000
1995-07-14,,,,12.080000
1995-07-17,,,,12.260000
1995-07-18,,,,12.680000
1995-07-19,,,,13.490000
1995-07-20,,,,12.780000
1995-07-21,,,,12.370000
1995-07-24,,,,12.550000
1995-07-25,,,,12.770000
1995-07-26,,,,13.180000
1995-07-27,,,,13.180000
1995-07-28,,,,13.180000
1995-07-31,,,,13.490000
1995-08-01,,,,13.560000
1995-08-02,,,,13.660000
1995-08-03,,,,13.780000
1995-08-04,,,,13.210000
1995-08-07,,,,13.100000
1995-08-08,,,,13.060000
1995-08-09,,,,12.750000
1995-08-10,,,,13.000000
1995-08-11,,,,12.900000
1995-08-14,,,,13.240000
1995-08-15,,,,12.350000
1995-08-16,,,,12.450000
1995-08-17,,,,12.130000
1995-08-18,,,,12.030000
1995-08-21,,,,13.420000
1995-08-22,,,,12.600000
1995-08-23,,,,13.170000
1995-08-24,,,,12.940000
1995-08-25,,,,12.330000
1995-08-28,,,,12.480000
1995-08-29,,,,12.650000
1995-08-30,,,,12.030000
1995-08-31,,,,11.520000
1995-09-01,,,,11.290000
1995-09-04,,,,
1995-09-05,,,,11.650000
1995-09-06,,,,11.650000
1995-09-07,,,,11.850000
1995-09-08,,,,11.160000
1995-09-11,,,,11.510000
1995-09-12,,,,11.460000
1995-09-13,,,,11.350000
1995-09-14,,,,11.100000
1995-09-15,,,,11.580000
1995-09-18,,,,12.340000
1995-09-19,,,,12.670000
1995-09-20,,,,12.350000
1995-09-21,,,,12.500000
1995-09-22,,,,12.460000
1995-09-25,,,,13.220000
1995-09-26,,,,12.900000
1995-09-27,,,,12.900000
1995-09-28,,,,12.460000
1995-09-29,,,,12.740000
1995-10-02,,,,13.950000
1995-10-03,,,,14.500000
1995-10-04,,,,14.860000
1995-10-05,,,,15.740000
1995-10-06,,,,13.980000
1995-10-09,,,,14.850000
1995-10-10,,,,14.970000
1995-10-11,,,,14.570000
1995-10-12,,,,14.240000
1995-10-13,,,,13.670000
1995-10-16,,,,14.620000
1995-10-17,,,,14.030000
1995-10-18,,,,14.050000
1995-10-19,,,,13.550000
1995-10-20,,,,13.460000
1995-10-23,,,,14.170000
1995-10-24,,,,13.850000
1995-10-25,,,,14.490000
1995-10-26,,,,15.590000
1995-10-27,,,,14.630000
1995-10-30,,,,14.260000
1995-10-31,,,,13.830000
1995-11-01,,,,13.410000
1995-11-02,,,,13.190000
1995-11-03,,,,12.260000
1995-11-06,,,,12.740000
1995-11-07,,,,13.050000
1995-11-08,,,,12.160000
1995-11-09,,,,12.460000
1995-11-10,,,,12.970000
1995-11-13,,,,13.200000
1995-11-14,,,,13.380000
1995-11-15,,,,12.950000
1995-11-16,,,,12.570000
1995-11-17,,,,12.490000
1995-11-20,,,,12.370000
1995-11-21,,,,11.740000
1995-11-22,,,,11.810000
1995-11-23,,,,
1995-11-24,,,,11.870000
1995-11-27,,,,12.430000
1995-11-28,,,,11.570000
1995-11-29,,,,11.650000
1995-11-30,,,,11.580000
1995-12-01,,,,11.110000
1995-12-04,,,,10.660000
1995-12-05,,,,11.650000
1995-12-06,,,,12.700000
1995-12-07,,,,12.740000
1995-12-08,,,,11.120000
1995-12-11,,,,11.060000
1995-12-12,,,,10.630000
1995-12-13,,,,10.360000
1995-12-14,,,,11.070000
1995-12-15,,,,11.440000
1995-12-18,,,,14.550000
1995-12-19,,,,13.160000
1995-12-20,,,,12.200000
1995-12-21,,,,10.770000
1995-12-22,,,,11.510000
1995-12-25,,,,
1995-12-26,,,,11.490000
1995-12-27,,,,11.980000
1995-12-28,,,,12.250000
1995-12-29,,,,12.520000
1996-01-01,,,,
1996-01-02,,,,12.190000
1996-01-03,,,,12.100000
1996-01-04,,,,13.780000
1996-01-05,,,,13.580000
1996-01-08,,,,13.110000
1996-01-09,,,,15.210000
1996-01-10,,,,16.400000
1996-01-11,,,,14.690000
1996-01-12,,,,14.230000
1996-01-15,,,,14.990000
1996-01-16,,,,14.090000
1996-01-17,,,,14.250000
1996-01-18,,,,13.580000
1996-01-19,,,,12.700000
1996-01-22,,,,13.340000
1996-01-23,,,,13.560000
1996-01-24,,,,12.540000
1996-01-25,,,,12.940000
1996-01-26,,,,12.000000
1996-01-29,,,,12.190000
1996-01-30,,,,12.420000
1996-01-31,,,,12.530000
1996-02-01,,,,12.650000
1996-02-02,,,,13.230000
1996-02-05,,,,13.460000
1996-02-06,,,,14.590000
1996-02-07,,,,14.110000
1996-02-08,,,,13.890000
1996-02-09,,,,14.630000
1996-02-12,,,,14.690000
1996-02-13,,,,14.940000
1996-02-14,,,,15.590000
1996-02-15,,,,16.130000
1996-02-16,,,,15.370000
1996-02-19,,,,
1996-02-20,,,,16.800000
1996-02-21,,,,14.470000
1996-02-22,,,,14.560000
1996-02-23,,,,14.780000
1996-02-26,,,,16.380000
1996-02-27,,,,16.630000
1996-02-28,,,,16.720000
1996-02-29,,,,17.040000
1996-03-01,,,,16.720000
1996-03-04,,,,16.670000
1996-03-05,,,,16.100000
1996-03-06,,,,16.560000
1996-03-07,,,,16.490000
1996-03-08,,,,20.700000
1996-03-11,,,,19.400000
1996-03-12,,,,19.090000
1996-03-13,,,,18.130000
1996-03-14,,,,16.930000
1996-03-15,,,,16.540000
1996-03-18,,,,17.310000
1996-03-19,,,,18.350000
1996-03-20,,,,18.660000
1996-03-21,,,,17.740000
1996-03-22,,,,17.050000
1996-03-25,,,,17.840000
1996-03-26,,,,17.800000
1996-03-27,,,,17.890000
1996-03-28,,,,18.160000
1996-03-29,,,,18.880000
1996-04-01,,,,17.900000
1996-04-02,,,,16.450000
1996-04-03,,,,16.330000
1996-04-04,,,,16.180000
1996-04-05,,,,
1996-04-08,,,,18.720000
1996-04-09,,,,17.320000
1996-04-10,,,,20.220000
1996-04-11,,,,19.650000
1996-04-12,,,,17.380000
1996-04-15,,,,16.830000
1996-04-16,,,,16.450000
1996-04-17,,,,17.070000
1996-04-18,,,,16.410000
1996-04-19,,,,15.120000
1996-04-22,,,,15.380000
1996-04-23,,,,15.010000
1996-04-24,,,,14.910000
1996-04-25,,,,14.720000
1996-04-26,,,,14.750000
1996-04-29,,,,15.450000
1996-04-30,,,,15.830000
1996-05-01,,,,16.070000
1996-05-02,,,,18.620000
1996-05-03,,,,16.700000
1996-05-06,,,,16.920000
1996-05-07,,,,16.870000
1996-05-08,,,,15.780000
1996-05-09,,,,16.990000
1996-05-10,,,,15.610000
1996-05-13,,,,15.160000
1996-05-14,,,,14.900000
1996-05-15,,,,15.590000
1996-05-16,,,,15.710000
1996-05-17,,,,15.130000
1996-05-20,,,,15.800000
1996-05-21,,,,16.000000
1996-05-22,,,,15.500000
1996-05-23,,,,16.170000
1996-05-24,,,,15.540000
1996-05-27,,,,
1996-05-28,,,,16.920000
1996-05-29,,,,17.150000
1996-05-30,,,,16.020000
1996-05-31,,,,16.070000
1996-06-03,,,,16.860000
1996-06-04,,,,16.180000
1996-06-05,,,,16.040000
1996-06-06,,,,16.840000
1996-06-07,,,,16.100000
1996-06-10,,,,16.780000
1996-06-11,,,,16.680000
1996-06-12,,,,17.000000
1996-06-13,,,,17.120000
1996-06-14,,,,18.640000
1996-06-17,,,,17.460000
1996-06-18,,,,17.450000
1996-06-19,,,,17.540000
1996-06-20,,,,16.970000
1996-06-21,,,,15.800000
1996-06-24,,,,15.910000
1996-06-25,,,,15.430000
1996-06-26,,,,15.230000
1996-06-27,,,,14.190000
1996-06-28,,,,13.680000
1996-07-01,,,,13.780000
1996-07-02,,,,14.190000
1996-07-03,,,,14.210000
1996-07-04,,,,
1996-07-05,,,,16.090000
1996-07-08,,,,16.420000
1996-07-09,,,,15.490000
1996-07-10,,,,15.510000
1996-07-11,,,,17.810000
1996-07-12,,,,17.090000
1996-07-15,,,,20.110000
1996-07-16,,,,20.100000
1996-07-17,,,,19.220000
1996-07-18,,,,17.930000
1996-07-19,,,,17.260000
1996-07-22,,,,20.410000
1996-07-23,,,,21.550000
1996-07-24,,,,21.440000
1996-07-25,,,,19.390000
1996-07-26,,,,17.450000
1996-07-29,,,,20.090000
1996-07-30,,,,20.530000
1996-07-31,,,,19.460000
1996-08-01,,,,18.760000
1996-08-02,,,,16.190000
1996-08-05,,,,17.360000
1996-08-06,,,,16.930000
1996-08-07,,,,16.240000
1996-08-08,,,,16.040000
1996-08-09,,,,15.770000
1996-08-12,,,,15.570000
1996-08-13,,,,16.410000
1996-08-14,,,,15.960000
1996-08-15,,,,15.460000
1996-08-16,,,,14.810000
1996-08-19,,,,15.270000
1996-08-20,,,,14.730000
1996-08-21,,,,14.520000
1996-08-22,,,,13.710000
1996-08-23,,,,14.180000
1996-08-26,,,,15.380000
1996-08-27,,,,15.110000
1996-08-28,,,,15.100000
1996-08-29,,,,16.220000
1996-08-30,,,,17.010000
1996-09-02,,,,
1996-09-03,,,,18.470000
1996-09-04,,,,18.640000
1996-09-05,,,,20.510000
1996-09-06,,,,17.100000
1996-09-09,,,,16.360000
1996-09-10,,,,16.250000
1996-09-11,,,,16.060000
1996-09-12,,,,15.970000
1996-09-13,,,,15.200000
1996-09-16,,,,15.430000
1996-09-17,,,,15.740000
1996-09-18,,,,15.860000
1996-09-19,,,,16.030000
1996-09-20,,,,15.650000
1996-09-23,,,,16.460000
1996-09-24,,,,16.450000
1996-09-25,,,,16.220000
1996-09-26,,,,16.110000
1996-09-27,,,,16.100000
1996-09-30,,,,16.950000
1996-10-01,,,,17.050000
1996-10-02,,,,16.780000
1996-10-03,,,,16.770000
1996-10-04,,,,14.800000
1996-10-07,,,,15.110000
1996-10-08,,,,15.580000
1996-10-09,,,,16.090000
1996-10-10,,,,16.260000
1996-10-11,,,,15.070000
1996-10-14,,,,15.130000
1996-10-15,,,,15.830000
1996-10-16,,,,15.600000
1996-10-17,,,,15.410000
1996-10-18,,,,15.080000
1996-10-21,,,,15.980000
1996-10-22,,,,16.400000
1996-10-23,,,,16.450000
1996-10-24,,,,16.890000
1996-10-25,,,,17.290000
1996-10-28,,,,18.340000
1996-10-29,,,,18.280000
1996-10-30,,,,18.480000
1996-10-31,,,,18.110000
1996-11-01,,,,17.890000
1996-11-04,,,,18.040000
1996-11-05,,,,17.650000
1996-11-06,,,,16.970000
1996-11-07,,,,17.210000
1996-11-08,,,,15.780000
1996-11-11,,,,14.040000
1996-11-12,,,,15.360000
1996-11-13,,,,14.890000
1996-11-14,,,,13.790000
1996-11-15,,,,14.360000
1996-11-18,,,,15.120000
1996-11-19,,,,15.230000
1996-11-20,,,,15.940000
1996-11-21,,,,15.770000
1996-11-22,,,,14.920000
1996-11-25,,,,15.910000
1996-11-26,,,,16.970000
1996-11-27,,,,16.960000
1996-11-28,,,,
1996-11-29,,,,17.140000
1996-12-02,,,,17.930000
1996-12-03,,,,18.680000
1996-12-04,,,,17.930000
1996-12-05,,,,18.140000
1996-12-06,,,,18.820000
1996-12-09,,,,17.750000
1996-12-10,,,,17.880000
1996-12-11,,,,19.680000
1996-12-12,,,,20.450000
1996-12-13,,,,21.090000
1996-12-16,,,,21.990000
1996-12-17,,,,20.770000
1996-12-18,,,,19.420000
1996-12-19,,,,18.770000
1996-12-20,,,,18.850000
1996-12-23,,,,19.500000
1996-12-24,,,,18.680000
1996-12-25,,,,
1996-12-26,,,,18.590000
1996-12-27,,,,19.130000
1996-12-30,,,,19.510000
1996-12-31,,,,20.920000
1997-01-01,,,,
1997-01-02,,,,21.140000
1997-01-03,,,,19.130000
1997-01-06,,,,19.890000
1997-01-07,,,,19.350000
1997-01-08,,,,20.240000
1997-01-09,,,,20.910000
1997-01-10,,,,19.630000
1997-01-13,,,,19.840000
1997-01-14,,,,19.270000
1997-01-15,,,,19.400000
1997-01-16,,,,19.610000
1997-01-17,,,,18.630000
1997-01-20,,,,18.600000
1997-01-21,,,,17.810000
1997-01-22,,,,17.090000
1997-01-23,,,,18.470000
1997-01-24,,,,19.330000
1997-01-27,,,,20.160000
1997-01-28,,,,20.740000
1997-01-29,,,,20.230000
1997-01-30,,,,19.470000
1997-01-31,,,,
1997-02-03,,,,19.580000
1997-02-04,,,,19.430000
1997-02-05,,,,21.060000
1997-02-06,,,,20.160000
1997-02-07,,,,18.900000
1997-02-10,,,,20.650000
1997-02-11,,,,19.970000
1997-02-12,,,,19.480000
1997-02-13,,,,19.230000
1997-02-14,,,,19.180000
1997-02-17,,,,
1997-02-18,,,,19.700000
1997-02-19,,,,20.610000
1997-02-20,,,,21.410000
1997-02-21,,,,20.550000
1997-02-24,,,,19.840000
1997-02-25,,,,19.980000
1997-02-26,,,,20.740000
1997-02-27,,,,21.080000
1997-02-28,,,,21.100000
1997-03-03,,,,20.890000
1997-03-04,,,,20.620000
1997-03-05,,,,19.490000
1997-03-06,,,,20.480000
1997-03-07,,,,19.320000
1997-03-10,,,,19.000000
1997-03-11,,,,19.250000
1997-03-12,,,,19.610000
1997-03-13,,,,19.790000
1997-03-14,,,,19.810000
1997-03-17,,,,20.950000
1997-03-18,,,,21.260000
1997-03-19,,,,21.740000
1997-03-20,,,,21.220000
1997-03-21,,,,19.690000
1997-03-24,,,,20.060000
1997-03-25,,,,19.260000
1997-03-26,,,,18.320000
1997-03-27,,,,20.500000
1997-03-28,,,,
1997-03-31,,,,22.140000
1997-04-01,,,,20.840000
1997-04-02,,,,21.300000
1997-04-03,,,,21.190000
1997-04-04,,,,19.230000
1997-04-07,,,,18.510000
1997-04-08,,,,18.440000
1997-04-09,,,,18.560000
1997-04-10,,,,19.010000
1997-04-11,,,,19.760000
1997-04-14,,,,19.090000
1997-04-15,,,,18.250000
1997-04-16,,,,17.640000
1997-04-17,,,,18.710000
1997-04-18,,,,18.750000
1997-04-21,,,,20.100000
1997-04-22,,,,19.520000
1997-04-23,,,,20.480000
1997-04-24,,,,20.830000
1997-04-25,,,,21.150000
1997-04-28,,,,21.340000
1997-04-29,,,,19.810000
1997-04-30,,,,20.060000
1997-05-01,,,,19.870000
1997-05-02,,,,17.510000
1997-05-05,,,,20.130000
1997-05-06,,,,20.850000
1997-05-07,,,,21.340000
1997-05-08,,,,21.260000
1997-05-09,,,,20.110000
1997-05-12,,,,20.250000
1997-05-13,,,,20.810000
1997-05-14,,,,21.090000
1997-05-15,,,,19.910000
1997-05-16,,,,21.570000
1997-05-19,,,,21.480000
1997-05-20,,,,19.260000
1997-05-21,,,,19.280000
1997-05-22,,,,18.770000
1997-05-23,,,,18.080000
1997-05-26,,,,
1997-05-27,,,,19.360000
1997-05-28,,,,19.280000
1997-05-29,,,,19.020000
1997-05-30,,,,19.190000
1997-06-02,,,,20.850000
1997-06-03,,,,20.010000
1997-06-04,,,,20.100000
1997-06-05,,,,20.360000
1997-06-06,,,,18.940000
1997-06-09,,,,19.460000
1997-06-10,,,,19.040000
1997-06-11,,,,18.850000
1997-06-12,,,,18.510000
1997-06-13,,,,19.270000
1997-06-16,,,,19.770000
1997-06-17,,,,20.170000
1997-06-18,,,,20.450000
1997-06-19,,,,20.100000
1997-06-20,,,,20.200000
1997-06-23,,,,21.190000
1997-06-24,,,,20.740000
1997-06-25,,,,21.500000
1997-06-26,,,,21.820000
1997-06-27,,,,21.220000
1997-06-30,,,,21.530000
1997-07-01,,,,21.000000
1997-07-02,,,,19.700000
1997-07-03,,,,17.820000
1997-07-04,,,,
1997-07-07,,,,19.130000
1997-07-08,,,,18.760000
1997-07-09,,,,20.400000
1997-07-10,,,,19.920000
1997-07-11,,,,19.060000
1997-07-14,,,,19.580000
1997-07-15,,,,19.000000
1997-07-16,,,,19.360000
1997-07-17,,,,20.540000
1997-07-18,,,,22.280000
1997-07-21,,,,23.510000
1997-07-22,,,,21.770000
1997-07-23,,,,21.300000
1997-07-24,,,,20.960000
1997-07-25,,,,20.820000
1997-07-28,,,,21.840000
1997-07-29,,,,22.020000
1997-07-30,,,,21.390000
1997-07-31,,,,21.480000
1997-08-01,,,,22.290000
1997-08-04,,,,21.940000
1997-08-05,,,,20.640000
1997-08-06,,,,20.050000
1997-08-07,,,,19.770000
1997-08-08,,,,22.460000
1997-08-11,,,,22.770000
1997-08-12,,,,23.750000
1997-08-13,,,,24.520000
1997-08-14,,,,23.110000
1997-08-15,,,,24.450000
1997-08-18,,,,24.370000
1997-08-19,,,,22.640000
1997-08-20,,,,21.090000
1997-08-21,,,,23.830000
1997-08-22,,,,24.740000
1997-08-25,,,,24.100000
1997-08-26,,,,24.730000
1997-08-27,,,,24.260000
1997-08-28,,,,24.510000
1997-08-29,,,,24.760000
1997-09-01,,,,
1997-09-02,,,,24.530000
1997-09-03,,,,24.950000
1997-09-04,,,,25.270000
1997-09-05,,,,24.310000
1997-09-08,,,,24.400000
1997-09-09,,,,23.890000
1997-09-10,,,,24.640000
1997-09-11,,,,25.990000
1997-09-12,,,,25.170000
1997-09-15,,,,25.740000
1997-09-16,,,,23.770000
1997-09-17,,,,24.100000
1997-09-18,,,,23.480000
1997-09-19,,,,22.740000
1997-09-22,,,,22.080000
1997-09-23,,,,22.000000
1997-09-24,,,,22.640000
1997-09-25,,,,22.960000
1997-09-26,,,,22.260000
1997-09-29,,,,22.230000
1997-09-30,,,,22.910000
1997-10-01,,,,22.320000
1997-10-02,,,,22.270000
1997-10-03,,,,21.540000
1997-10-06,,,,21.610000
1997-10-07,,,,20.290000
1997-10-08,,,,20.770000
1997-10-09,,,,22.310000
1997-10-10,,,,19.750000
1997-10-13,,,,20.260000
1997-10-14,,,,19.990000
1997-10-15,,,,20.050000
1997-10-16,,,,20.530000
1997-10-17,,,,21.690000
1997-10-20,,,,20.720000
1997-10-21,,,,19.530000
1997-10-22,,,,19.860000
1997-10-23,,,,22.990000
1997-10-24,,,,23.170000
1997-10-27,,,,31.120000
1997-10-28,,,,31.220000
1997-10-29,,,,33.750000
1997-10-30,,,,38.200000
1997-10-31,,,,35.090000
1997-11-03,,,,32.090000
1997-11-04,,,,32.240000
1997-11-05,,,,32.180000
1997-11-06,,,,32.570000
1997-11-07,,,,36.270000
1997-11-10,,,,36.630000
1997-11-11,,,,36.380000
1997-11-12,,,,37.840000
1997-11-13,,,,36.640000
1997-11-14,,,,33.660000
1997-11-17,,,,31.580000
1997-11-18,,,,31.550000
1997-11-19,,,,29.930000
1997-11-20,,,,27.320000
1997-11-21,,,,26.650000
1997-11-24,,,,29.800000
1997-11-25,,,,28.950000
1997-11-26,,,,
1997-11-27,,,,
1997-11-28,,,,27.430000
1997-12-01,,,,26.010000
1997-12-02,,,,25.660000
1997-12-03,,,,23.920000
1997-12-04,,,,23.840000
1997-12-05,,,,22.650000
1997-12-08,,,,23.220000
1997-12-09,,,,23.360000
1997-12-10,,,,24.550000
1997-12-11,,,,27.630000
1997-12-12,,,,27.920000
1997-12-15,,,,27.370000
1997-12-16,,,,26.110000
1997-12-17,,,,26.330000
1997-12-18,,,,27.190000
1997-12-19,,,,29.180000
1997-12-22,,,,28.560000
1997-12-23,,,,29.860000
1997-12-24,,,,30.270000
1997-12-25,,,,
1997-12-26,,,,29.270000
1997-12-29,,,,26.790000
1997-12-30,,,,24.380000
1997-12-31,,,,24.010000
1998-01-01,,,,
1998-01-02,,,,23.420000
1998-01-05,,,,24.360000
1998-01-06,,,,25.660000
1998-01-07,,,,25.070000
1998-01-08,,,,26.010000
1998-01-09,,,,28.690000
1998-01-12,,,,28.020000
1998-01-13,,,,25.170000
1998-01-14,,,,23.750000
1998-01-15,,,,23.450000
1998-01-16,,,,21.650000
1998-01-19,,,,
1998-01-20,,,,21.650000
1998-01-21,,,,22.530000
1998-01-22,,,,23.160000
1998-01-23,,,,23.320000
1998-01-26,,,,23.970000
1998-01-27,,,,22.270000
1998-01-28,,,,22.060000
1998-01-29,,,,21.650000
1998-01-30,,,,21.470000
1998-02-02,,,,21.360000
1998-02-03,,,,20.670000
1998-02-04,,,,20.550000
1998-02-05,,,,21.290000
1998-02-06,,,,20.510000
1998-02-09,,,,21.550000
1998-02-10,,,,20.660000
1998-02-11,,,,20.380000
1998-02-12,,,,19.730000
1998-02-13,,,,19.840000
1998-02-16,,,,
1998-02-17,,,,20.760000
1998-02-18,,,,19.660000
1998-02-19,,,,19.880000
1998-02-20,,,,19.000000
1998-02-23,,,,18.990000
1998-02-24,,,,19.350000
1998-02-25,,,,18.620000
1998-02-26,,,,18.630000
1998-02-27,,,,18.550000
1998-03-02,,,,19.190000
1998-03-03,,,,19.040000
1998-03-04,,,,19.580000
1998-03-05,,,,20.930000
1998-03-06,,,,19.140000
1998-03-09,,,,20.230000
1998-03-10,,,,19.430000
1998-03-11,,,,18.890000
1998-03-12,,,,18.250000
1998-03-13,,,,18.710000
1998-03-16,,,,18.510000
1998-03-17,,,,18.660000
1998-03-18,,,,18.290000
1998-03-19,,,,17.760000
1998-03-20,,,,18.690000
1998-03-23,,,,19.980000
1998-03-24,,,,20.510000
1998-03-25,,,,22.540000
1998-03-26,,,,22.810000
1998-03-27,,,,23.470000
1998-03-30,,,,24.660000
1998-03-31,,,,24.220000
1998-04-01,,,,23.370000
1998-04-02,,,,21.980000
1998-04-03,,,,21.820000
1998-04-06,,,,22.470000
1998-04-07,,,,23.660000
1998-04-08,,,,23.170000
1998-04-09,,,,21.510000
1998-04-10,,,,
1998-04-13,,,,22.770000
1998-04-14,,,,21.610000
1998-04-15,,,,20.890000
1998-04-16,,,,22.060000
1998-04-17,,,,20.760000
1998-04-20,,,,20.390000
1998-04-21,,,,19.910000
1998-04-22,,,,19.440000
1998-04-23,,,,20.600000
1998-04-24,,,,21.970000
1998-04-27,,,,26.090000
1998-04-28,,,,24.170000
1998-04-29,,,,22.780000
1998-04-30,,,,21.180000
1998-05-01,,,,19.340000
1998-05-04,,,,20.320000
1998-05-05,,,,21.460000
1998-05-06,,,,22.790000
1998-05-07,,,,23.390000
1998-05-08,,,,20.570000
1998-05-11,,,,21.050000
1998-05-12,,,,20.980000
1998-05-13,,,,20.440000
1998-05-14,,,,19.640000
1998-05-15,,,,20.440000
1998-05-18,,,,21.690000
1998-05-19,,,,20.390000
1998-05-20,,,,19.890000
1998-05-21,,,,19.380000
1998-05-22,,,,18.990000
1998-05-25,,,,
1998-05-26,,,,22.070000
1998-05-27,,,,22.590000
1998-05-28,,,,20.740000
1998-05-29,,,,21.320000
1998-06-01,,,,22.830000
1998-06-02,,,,22.000000
1998-06-03,,,,22.850000
1998-06-04,,,,21.220000
1998-06-05,,,,19.780000
1998-06-08,,,,20.580000
1998-06-09,,,,20.520000
1998-06-10,,,,21.480000
1998-06-11,,,,23.570000
1998-06-12,,,,22.780000
1998-06-15,,,,25.940000
1998-06-16,,,,24.800000
1998-06-17,,,,22.890000
1998-06-18,,,,22.400000
1998-06-19,,,,21.920000
1998-06-22,,,,21.940000
1998-06-23,,,,20.170000
1998-06-24,,,,20.020000
1998-06-25,,,,20.250000
1998-06-26,,,,19.360000
1998-06-29,,,,19.570000
1998-06-30,,,,19.710000
1998-07-01,,,,18.000000
1998-07-02,,,,17.670000
1998-07-03,,,,
1998-07-06,,,,18.630000
1998-07-07,,,,18.620000
1998-07-08,,,,17.820000
1998-07-09,,,,18.160000
1998-07-10,,,,17.920000
1998-07-13,,,,18.260000
1998-07-14,,,,17.880000
1998-07-15,,,,17.890000
1998-07-16,,,,16.970000
1998-07-17,,,,16.230000
1998-07-20,,,,17.340000
1998-07-21,,,,20.100000
1998-07-22,,,,20.320000
1998-07-23,,,,23.010000
1998-07-24,,,,23.010000
1998-07-27,,,,23.130000
1998-07-28,,,,25.250000
1998-07-29,,,,24.790000
1998-07-30,,,,22.660000
1998-07-31,,,,24.800000
1998-08-03,,,,25.980000
1998-08-04,,,,31.060000
1998-08-05,,,,29.830000
1998-08-06,,,,28.200000
1998-08-07,,,,27.020000
1998-08-10,,,,28.750000
1998-08-11,,,,31.910000
1998-08-12,,,,28.550000
1998-08-13,,,,29.920000
1998-08-14,,,,34.340000
1998-08-17,,,,31.860000
1998-08-18,,,,28.400000
1998-08-19,,,,28.690000
1998-08-20,,,,30.000000
1998-08-21,,,,33.140000
1998-08-24,,,,31.800000
1998-08-25,,,,30.330000
1998-08-26,,,,31.140000
1998-08-27,,,,38.550000
1998-08-28,,,,39.600000
1998-08-31,,,,44.280000
1998-09-01,,,,36.480000
1998-09-02,,,,36.760000
1998-09-03,,,,41.430000
1998-09-04,,,,43.310000
1998-09-07,,,,
1998-09-08,,,,37.900000
1998-09-09,,,,39.660000
1998-09-10,,,,45.290000
1998-09-11,,,,43.740000
1998-09-14,,,,38.570000
1998-09-15,,,,36.580000
1998-09-16,,,,35.940000
1998-09-17,,,,39.230000
1998-09-18,,,,38.630000
1998-09-21,,,,38.580000
1998-09-22,,,,36.620000
1998-09-23,,,,32.470000
1998-09-24,,,,34.660000
1998-09-25,,,,34.550000
1998-09-28,,,,34.870000
1998-09-29,,,,36.080000
1998-09-30,,,,40.950000
1998-10-01,,,,43.480000
1998-10-02,,,,40.470000
1998-10-05,,,,42.810000
1998-10-06,,,,41.200000
1998-10-07,,,,43.510000
1998-10-08,,,,45.740000
1998-10-09,,,,42.200000
1998-10-12,,,,40.070000
1998-10-13,,,,40.230000
1998-10-14,,,,38.960000
1998-10-15,,,,33.340000
1998-10-16,,,,34.820000
1998-10-19,,,,33.130000
1998-10-20,,,,33.110000
1998-10-21,,,,33.210000
1998-10-22,,,,31.530000
1998-10-23,,,,32.270000
1998-10-26,,,,32.380000
1998-10-27,,,,32.950000
1998-10-28,,,,32.420000
1998-10-29,,,,29.500000
1998-10-30,,,,28.050000
1998-11-02,,,,27.260000
1998-11-03,,,,27.760000
1998-11-04,,,,27.370000
1998-11-05,,,,26.010000
1998-11-06,,,,25.700000
1998-11-09,,,,28.090000
1998-11-10,,,,28.170000
1998-11-11,,,,28.470000
1998-11-12,,,,29.280000
1998-11-13,,,,29.030000
1998-11-16,,,,28.900000
1998-11-17,,,,27.950000
1998-11-18,,,,27.130000
1998-11-19,,,,25.500000
1998-11-20,,,,22.470000
1998-11-23,,,,21.840000
1998-11-24,,,,23.280000
1998-11-25,,,,22.150000
1998-11-26,,,,
1998-11-27,,,,22.090000
1998-11-30,,,,26.010000
1998-12-01,,,,24.970000
1998-12-02,,,,25.430000
1998-12-03,,,,28.700000
1998-12-04,,,,25.310000
1998-12-07,,,,24.900000
1998-12-08,,,,25.580000
1998-12-09,,,,25.660000
1998-12-10,,,,26.810000
1998-12-11,,,,27.720000
1998-12-14,,,,31.310000
1998-12-15,,,,29.420000
1998-12-16,,,,29.960000
1998-12-17,,,,27.960000
1998-12-18,,,,25.040000
1998-12-21,,,,23.860000
1998-12-22,,,,22.780000
1998-12-23,,,,20.210000
1998-12-24,,,,21.480000
1998-12-25,,,,
1998-12-28,,,,23.500000
1998-12-29,,,,22.180000
1998-12-30,,,,23.340000
1998-12-31,,,,24.420000
1999-01-01,,,,
1999-01-04,,,,26.170000
1999-01-05,,,,24.460000
1999-01-06,,,,23.340000
1999-01-07,,,,24.370000
1999-01-08,,,,23.280000
1999-01-11,,,,25.460000
1999-01-12,,,,28.100000
1999-01-13,,,,30.110000
1999-01-14,,,,32.980000
1999-01-15,,,,29.240000
1999-01-18,,,,
1999-01-19,,,,29.240000
1999-01-20,,,,28.600000
1999-01-21,,,,30.920000
1999-01-22,,,,31.950000
1999-01-25,,,,31.130000
1999-01-26,,,,29.230000
1999-01-27,,,,29.730000
1999-01-28,,,,28.110000
1999-01-29,,,,26.250000
1999-02-01,,,,27.670000
1999-02-02,,,,28.160000
1999-02-03,,,,27.880000
1999-02-04,,,,29.480000
1999-02-05,,,,29.670000
1999-02-08,,,,30.270000
1999-02-09,,,,31.360000
1999-02-10,,,,30.450000
1999-02-11,,,,27.420000
1999-02-12,,,,29.760000
1999-02-15,,,,
1999-02-16,,,,29.650000
1999-02-17,,,,30.650000
1999-02-18,,,,30.450000
1999-02-19,,,,29.300000
1999-02-22,,,,25.870000
1999-02-23,,,,26.490000
1999-02-24,,,,27.210000
1999-02-25,,,,28.010000
1999-02-26,,,,27.880000
1999-03-01,,,,28.370000
1999-03-02,,,,29.220000
1999-03-03,,,,29.040000
1999-03-04,,,,26.670000
1999-03-05,,,,24.080000
1999-03-08,,,,24.540000
1999-03-09,,,,25.020000
1999-03-10,,,,24.790000
1999-03-11,,,,24.370000
1999-03-12,,,,24.840000
1999-03-15,,,,25.240000
1999-03-16,,,,25.150000
1999-03-17,,,,25.570000
1999-03-18,,,,24.130000
1999-03-19,,,,24.320000
1999-03-22,,,,25.000000
1999-03-23,,,,27.270000
1999-03-24,,,,26.600000
1999-03-25,,,,24.330000
1999-03-26,,,,24.040000
1999-03-29,,,,23.540000
1999-03-30,,,,22.730000
1999-03-31,,,,23.260000
1999-04-01,,,,22.060000
1999-04-02,,,,
1999-04-05,,,,22.190000
1999-04-06,,,,22.650000
1999-04-07,,,,22.810000
1999-04-08,,,,22.590000
1999-04-09,,,,21.770000
1999-04-12,,,,21.930000
1999-04-13,,,,22.730000
1999-04-14,,,,24.940000
1999-04-15,,,,23.930000
1999-04-16,,,,23.900000
1999-04-19,,,,26.420000
1999-04-20,,,,25.020000
1999-04-21,,,,23.310000
1999-04-22,,,,22.620000
1999-04-23,,,,22.760000
1999-04-26,,,,23.530000
1999-04-27,,,,23.360000
1999-04-28,,,,24.400000
1999-04-29,,,,25.060000
1999-04-30,,,,25.070000
1999-05-03,,,,24.150000
1999-05-04,,,,25.620000
1999-05-05,,,,25.190000
1999-05-06,,,,27.440000
1999-05-07,,,,25.360000
1999-05-10,,,,26.620000
1999-05-11,,,,25.620000
1999-05-12,,,,26.130000
1999-05-13,,,,25.020000
1999-05-14,,,,26.860000
1999-05-17,,,,27.280000
1999-05-18,,,,27.260000
1999-05-19,,,,25.080000
1999-05-20,,,,24.460000
1999-05-21,,,,24.400000
1999-05-24,,,,27.620000
1999-05-25,,,,28.900000
1999-05-26,,,,27.570000
1999-05-27,,,,28.120000
1999-05-28,,,,25.390000
1999-05-31,,,,
1999-06-01,,,,26.620000
1999-06-02,,,,26.210000
1999-06-03,,,,26.200000
1999-06-04,,,,23.430000
1999-06-07,,,,23.780000
1999-06-08,,,,24.020000
1999-06-09,,,,23.900000
1999-06-10,,,,25.320000
1999-06-11,,,,25.900000
1999-06-14,,,,26.510000
1999-06-15,,,,25.910000
1999-06-16,,,,22.400000
1999-06-17,,,,21.950000
1999-06-18,,,,21.750000
1999-06-21,,,,21.810000
1999-06-22,,,,21.700000
1999-06-23,,,,21.320000
1999-06-24,,,,23.060000
1999-06-25,,,,21.760000
1999-06-28,,,,22.630000
1999-06-29,,,,22.510000
1999-06-30,,,,21.090000
1999-07-01,,,,19.690000
1999-07-02,,,,18.660000
1999-07-05,,,,
1999-07-06,,,,20.730000
1999-07-07,,,,20.350000
1999-07-08,,,,20.240000
1999-07-09,,,,17.960000
1999-07-12,,,,19.730000
1999-07-13,,,,19.950000
1999-07-14,,,,19.710000
1999-07-15,,,,18.680000
1999-07-16,,,,17.420000
1999-07-19,,,,19.070000
1999-07-20,,,,21.790000
1999-07-21,,,,21.460000
1999-07-22,,,,23.050000
1999-07-23,,,,23.320000
1999-07-26,,,,24.980000
1999-07-27,,,,23.230000
1999-07-28,,,,22.850000
1999-07-29,,,,24.520000
1999-07-30,,,,24.640000
1999-08-02,,,,25.590000
1999-08-03,,,,26.270000
1999-08-04,,,,27.400000
1999-08-05,,,,27.010000
1999-08-06,,,,26.600000
1999-08-09,,,,27.660000
1999-08-10,,,,28.450000
1999-08-11,,,,25.390000
1999-08-12,,,,25.030000
1999-08-13,,,,22.310000
1999-08-16,,,,23.070000
1999-08-17,,,,21.670000
1999-08-18,,,,23.300000
1999-08-19,,,,24.390000
1999-08-20,,,,22.950000
1999-08-23,,,,22.550000
1999-08-24,,,,22.400000
1999-08-25,,,,20.960000
1999-08-26,,,,21.210000
1999-08-27,,,,21.830000
1999-08-30,,,,24.630000
1999-08-31,,,,24.450000
1999-09-01,,,,22.930000
1999-09-02,,,,24.530000
1999-09-03,,,,20.980000
1999-09-06,,,,
1999-09-07,,,,23.440000
1999-09-08,,,,23.820000
1999-09-09,,,,23.010000
1999-09-10,,,,22.030000
1999-09-13,,,,22.890000
1999-09-14,,,,23.770000
1999-09-15,,,,24.560000
1999-09-16,,,,25.250000
1999-09-17,,,,23.300000
1999-09-20,,,,24.030000
1999-09-21,,,,25.650000
1999-09-22,,,,25.190000
1999-09-23,,,,27.840000
1999-09-24,,,,27.790000
1999-09-27,,,,26.400000
1999-09-28,,,,26.060000
1999-09-29,,,,26.490000
1999-09-30,,,,25.410000
1999-10-01,,,,24.930000
1999-10-04,,,,24.460000
1999-10-05,,,,24.790000
1999-10-06,,,,22.060000
1999-10-07,,,,23.580000
1999-10-08,,,,20.490000
1999-10-11,,,,20.630000
1999-10-12,,,,22.840000
1999-10-13,,,,25.960000
1999-10-14,,,,26.050000
1999-10-15,,,,28.750000
1999-10-18,,,,28.190000
1999-10-19,,,,26.560000
1999-10-20,,,,23.900000
1999-10-21,,,,24.020000
1999-10-22,,,,21.640000
1999-10-25,,,,23.600000
1999-10-26,,,,24.260000
1999-10-27,,,,24.200000
1999-10-28,,,,21.340000
1999-10-29,,,,22.200000
1999-11-01,,,,22.090000
1999-11-02,,,,23.100000
1999-11-03,,,,23.160000
1999-11-04,,,,23.000000
1999-11-05,,,,21.660000
1999-11-08,,,,21.870000
1999-11-09,,,,22.700000
1999-11-10,,,,22.260000
1999-11-11,,,,22.070000
1999-11-12,,,,21.650000
1999-11-15,,,,22.740000
1999-11-16,,,,20.730000
1999-11-17,,,,20.960000
1999-11-18,,,,19.760000
1999-11-19,,,,19.110000
1999-11-22,,,,19.980000
1999-11-23,,,,21.000000
1999-11-24,,,,20.260000
1999-11-25,,,,
1999-11-26,,,,22.330000
1999-11-29,,,,23.570000
1999-11-30,,,,24.180000
1999-12-01,,,,22.230000
1999-12-02,,,,21.770000
1999-12-03,,,,19.320000
1999-12-06,,,,20.580000
1999-12-07,,,,21.090000
1999-12-08,,,,21.250000
1999-12-09,,,,21.190000
1999-12-10,,,,21.480000
1999-12-13,,,,21.720000
1999-12-14,,,,23.060000
1999-12-15,,,,22.030000
1999-12-16,,,,21.910000
1999-12-17,,,,21.350000
1999-12-20,,,,23.780000
1999-12-21,,,,22.660000
1999-12-22,,,,22.430000
1999-12-23,,,,21.120000
1999-12-24,,,,
1999-12-27,,,,23.070000
1999-12-28,,,,22.970000
1999-12-29,,,,23.090000
1999-12-30,,,,24.760000
1999-12-31,,,,24.640000
2000-01-03,,,,24.210000
2000-01-04,,,,27.010000
2000-01-05,,,,26.410000
2000-01-06,,,,25.730000
2000-01-07,,,,21.720000
2000-01-10,,,,21.710000
2000-01-11,,,,22.500000
2000-01-12,,,,22.840000
2000-01-13,,,,21.710000
2000-01-14,,,,19.660000
2000-01-17,,,,
2000-01-18,,,,21.500000
2000-01-19,,,,21.720000
2000-01-20,,,,21.750000
2000-01-21,,,,20.820000
2000-01-24,,,,24.070000
2000-01-25,,,,23.020000
2000-01-26,,,,23.030000
2000-01-27,,,,23.540000
2000-01-28,,,,26.140000
2000-01-31,,,,24.950000
2000-02-01,,,,23.450000
2000-02-02,,,,23.120000
2000-02-03,,,,22.010000
2000-02-04,,,,21.540000
2000-02-07,,,,22.790000
2000-02-08,,,,21.250000
2000-02-09,,,,22.900000
2000-02-10,,,,23.070000
2000-02-11,,,,24.420000
2000-02-14,,,,24.380000
2000-02-15,,,,22.920000
2000-02-16,,,,23.510000
2000-02-17,,,,23.170000
2000-02-18,,,,26.000000
2000-02-21,,,,
2000-02-22,,,,25.860000
2000-02-23,,,,23.890000
2000-02-24,,,,24.380000
2000-02-25,,,,25.200000
2000-02-28,,,,24.680000
2000-02-29,,,,23.370000
2000-03-01,,,,21.640000
2000-03-02,,,,21.060000
2000-03-03,,,,19.210000
2000-03-06,,,,21.500000
2000-03-07,,,,24.310000
2000-03-08,,,,23.820000
2000-03-09,,,,22.210000
2000-03-10,,,,21.240000
2000-03-13,,,,22.850000
2000-03-14,,,,24.410000
2000-03-15,,,,22.340000
2000-03-16,,,,20.770000
2000-03-17,,,,22.370000
2000-03-20,,,,22.960000
2000-03-21,,,,21.700000
2000-03-22,,,,21.490000
2000-03-23,,,,22.260000
2000-03-24,,,,23.310000
2000-03-27,,,,24.530000
2000-03-28,,,,24.860000
2000-03-29,,,,24.100000
2000-03-30,,,,25.470000
2000-03-31,,,,24.110000
2000-04-03,,,,24.030000
2000-04-04,,,,27.120000
2000-04-05,,,,28.410000
2000-04-06,,,,27.150000
2000-04-07,,,,24.390000
2000-04-10,,,,25.990000
2000-04-11,,,,27.250000
2000-04-12,,,,28.980000
2000-04-13,,,,29.400000
2000-04-14,,,,33.490000
2000-04-17,,,,28.950000
2000-04-18,,,,26.120000
2000-04-19,,,,27.020000
2000-04-20,,,,25.850000
2000-04-21,,,,
2000-04-24,,,,27.370000
2000-04-25,,,,25.240000
2000-04-26,,,,26.970000
2000-04-27,,,,26.190000
2000-04-28,,,,26.200000
2000-05-01,,,,25.880000
2000-05-02,,,,28.500000
2000-05-03,,,,31.630000
2000-05-04,,,,30.770000
2000-05-05,,,,27.530000
2000-05-08,,,,28.200000
2000-05-09,,,,28.930000
2000-05-10,,,,29.870000
2000-05-11,,,,27.760000
2000-05-12,,,,26.050000
2000-05-15,,,,24.860000
2000-05-16,,,,24.340000
2000-05-17,,,,23.980000
2000-05-18,,,,23.960000
2000-05-19,,,,25.440000
2000-05-22,,,,26.000000
2000-05-23,,,,25.870000
2000-05-24,,,,24.320000
2000-05-25,,,,24.580000
2000-05-26,,,,24.470000
2000-05-29,,,,
2000-05-30,,,,23.620000
2000-05-31,,,,23.650000
2000-06-01,,,,22.360000
2000-06-02,,,,21.480000
2000-06-05,,,,22.710000
2000-06-06,,,,23.050000
2000-06-07,,,,22.480000
2000-06-08,,,,22.770000
2000-06-09,,,,22.140000
2000-06-12,,,,22.320000
2000-06-13,,,,21.670000
2000-06-14,,,,21.480000
2000-06-15,,,,20.680000
2000-06-16,,,,20.500000
2000-06-19,,,,20.630000
2000-06-20,,,,20.880000
2000-06-21,,,,20.610000
2000-06-22,,,,22.000000
2000-06-23,,,,22.340000
2000-06-26,,,,22.450000
2000-06-27,,,,21.800000
2000-06-28,,,,20.290000
2000-06-29,,,,19.700000
2000-06-30,,,,19.540000
2000-07-03,,,,19.830000
2000-07-04,,,,
2000-07-05,,,,21.160000
2000-07-06,,,,20.940000
2000-07-07,,,,19.220000
2000-07-10,,,,20.330000
2000-07-11,,,,20.110000
2000-07-12,,,,20.030000
2000-07-13,,,,20.030000
2000-07-14,,,,19.320000
2000-07-17,,,,19.450000
2000-07-18,,,,19.750000
2000-07-19,,,,19.650000
2000-07-20,,,,18.940000
2000-07-21,,,,18.940000
2000-07-24,,,,19.920000
2000-07-25,,,,19.390000
2000-07-26,,,,19.670000
2000-07-27,,,,19.600000
2000-07-28,,,,20.840000
2000-07-31,,,,20.740000
2000-08-01,,,,20.550000
2000-08-02,,,,20.000000
2000-08-03,,,,19.990000
2000-08-04,,,,18.620000
2000-08-07,,,,19.030000
2000-08-08,,,,18.790000
2000-08-09,,,,19.180000
2000-08-10,,,,19.190000
2000-08-11,,,,18.550000
2000-08-14,,,,17.880000
2000-08-15,,,,17.980000
2000-08-16,,,,18.020000
2000-08-17,,,,17.480000
2000-08-18,,,,17.050000
2000-08-21,,,,17.350000
2000-08-22,,,,17.470000
2000-08-23,,,,17.380000
2000-08-24,,,,17.040000
2000-08-25,,,,16.530000
2000-08-28,,,,16.540000
2000-08-29,,,,16.890000
2000-08-30,,,,17.690000
2000-08-31,,,,16.840000
2000-09-01,,,,17.530000
2000-09-04,,,,
2000-09-05,,,,19.820000
2000-09-06,,,,20.790000
2000-09-07,,,,19.420000
2000-09-08,,,,18.460000
2000-09-11,,,,18.400000
2000-09-12,,,,18.590000
2000-09-13,,,,18.320000
2000-09-14,,,,18.260000
2000-09-15,,,,18.520000
2000-09-18,,,,20.250000
2000-09-19,,,,19.540000
2000-09-20,,,,19.930000
2000-09-21,,,,20.180000
2000-09-22,,,,20.740000
2000-09-25,,,,21.410000
2000-09-26,,,,21.880000
2000-09-27,,,,21.670000
2000-09-28,,,,19.470000
2000-09-29,,,,20.570000
2000-10-02,,,,21.230000
2000-10-03,,,,21.850000
2000-10-04,,,,21.540000
2000-10-05,,,,21.030000
2000-10-06,,,,22.710000
2000-10-09,,,,24.020000
2000-10-10,,,,24.860000
2000-10-11,,,,26.570000
2000-10-12,,,,30.510000
2000-10-13,,,,27.600000
2000-10-16,,,,26.790000
2000-10-17,,,,27.840000
2000-10-18,,,,28.720000
2000-10-19,,,,25.090000
2000-10-20,,,,24.240000
2000-10-23,,,,24.690000
2000-10-24,,,,24.280000
2000-10-25,,,,26.650000
2000-10-26,,,,28.620000
2000-10-27,,,,26.470000
2000-10-30,,,,25.460000
2000-10-31,,,,23.630000
2000-11-01,,,,24.280000
2000-11-02,,,,23.920000
2000-11-03,,,,23.670000
2000-11-06,,,,24.520000
2000-11-07,,,,24.910000
2000-11-08,,,,25.660000
2000-11-09,,,,27.200000
2000-11-10,,,,28.530000
2000-11-13,,,,29.060000
2000-11-14,,,,26.810000
2000-11-15,,,,26.150000
2000-11-16,,,,25.050000
2000-11-17,,,,24.810000
2000-11-20,,,,27.430000
2000-11-21,,,,26.620000
2000-11-22,,,,27.710000
2000-11-23,,,,
2000-11-24,,,,26.000000
2000-11-27,,,,26.930000
2000-11-28,,,,27.640000
2000-11-29,,,,27.490000
2000-11-30,,,,29.650000
2000-12-01,,,,27.480000
2000-12-04,,,,27.780000
2000-12-05,,,,24.990000
2000-12-06,,,,25.070000
2000-12-07,,,,25.340000
2000-12-08,,,,22.410000
2000-12-11,,,,23.510000
2000-12-12,,,,24.880000
2000-12-13,,,,23.630000
2000-12-14,,,,24.860000
2000-12-15,,,,26.550000
2000-12-18,,,,27.700000
2000-12-19,,,,27.170000
2000-12-20,,,,31.740000
2000-12-21,,,,29.660000
2000-12-22,,,,27.550000
2000-12-25,,,,
2000-12-26,,,,28.730000
2000-12-27,,,,28.140000
2000-12-28,,,,26.570000
2000-12-29,,,,26.850000
2001-01-01,,,,
2001-01-02,,,,29.990000
2001-01-03,,,,26.600000
2001-01-04,,,,26.970000
2001-01-05,,,,28.670000
2001-01-08,,,,29.840000
2001-01-09,,,,27.990000
2001-01-10,,,,26.800000
2001-01-11,,,,25.790000
2001-01-12,,,,24.560000
2001-01-15,,,,
2001-01-16,,,,25.280000
2001-01-17,,,,24.930000
2001-01-18,,,,23.370000
2001-01-19,,,,23.240000
2001-01-22,,,,23.250000
2001-01-23,,,,21.570000
2001-01-24,,,,22.030000
2001-01-25,,,,22.640000
2001-01-26,,,,22.570000
2001-01-29,,,,22.610000
2001-01-30,,,,22.570000
2001-01-31,,,,22.020000
2001-02-01,,,,21.660000
2001-02-02,,,,21.950000
2001-02-05,,,,22.190000
2001-02-06,,,,21.980000
2001-02-07,,,,21.670000
2001-02-08,,,,21.460000
2001-02-09,,,,22.030000
2001-02-12,,,,21.920000
2001-02-13,,,,21.370000
2001-02-14,,,,21.520000
2001-02-15,,,,20.270000
2001-02-16,,,,22.120000
2001-02-19,,,,
2001-02-20,,,,24.690000
2001-02-21,,,,25.750000
2001-02-22,,,,26.760000
2001-02-23,,,,27.210000
2001-02-26,,,,25.430000
2001-02-27,,,,26.490000
2001-02-28,,,,28.350000
2001-03-01,,,,28.080000
2001-03-02,,,,27.430000
2001-03-05,,,,27.120000
2001-03-06,,,,25.890000
2001-03-07,,,,24.120000
2001-03-08,,,,24.290000
2001-03-09,,,,25.620000
2001-03-12,,,,30.320000
2001-03-13,,,,27.550000
2001-03-14,,,,29.610000
2001-03-15,,,,28.560000
2001-03-16,,,,29.910000
2001-03-19,,,,29.780000
2001-03-20,,,,30.960000
2001-03-21,,,,31.930000
2001-03-22,,,,32.840000
2001-03-23,,,,30.450000
2001-03-26,,,,29.040000
2001-03-27,,,,27.040000
2001-03-28,,,,28.580000
2001-03-29,,,,29.170000
2001-03-30,,,,28.640000
2001-04-02,,,,31.210000
2001-04-03,,,,34.720000
2001-04-04,,,,34.070000
2001-04-05,,,,29.940000
2001-04-06,,,,31.690000
2001-04-09,,,,31.910000
2001-04-10,,,,29.440000
2001-04-11,,,,28.460000
2001-04-12,,,,26.120000
2001-04-13,,,,
2001-04-16,,,,26.330000
2001-04-17,,,,25.610000
2001-04-18,,,,24.130000
2001-04-19,,,,24.160000
2001-04-20,,,,25.380000
2001-04-23,,,,28.160000
2001-04-24,,,,28.490000
2001-04-25,,,,27.400000
2001-04-26,,,,25.960000
2001-04-27,,,,24.020000
2001-04-30,,,,25.480000
2001-05-01,,,,24.200000
2001-05-02,,,,24.230000
2001-05-03,,,,25.780000
2001-05-04,,,,23.910000
2001-05-07,,,,24.860000
2001-05-08,,,,24.440000
2001-05-09,,,,24.350000
2001-05-10,,,,24.000000
2001-05-11,,,,23.540000
2001-05-14,,,,24.260000
2001-05-15,,,,23.710000
2001-05-16,,,,21.890000
2001-05-17,,,,21.470000
2001-05-18,,,,21.230000
2001-05-21,,,,20.760000
2001-05-22,,,,21.350000
2001-05-23,,,,22.080000
2001-05-24,,,,20.570000
2001-05-25,,,,20.600000
2001-05-28,,,,
2001-05-29,,,,22.140000
2001-05-30,,,,22.760000
2001-05-31,,,,22.640000
2001-06-01,,,,21.590000
2001-06-04,,,,21.380000
2001-06-05,,,,19.580000
2001-06-06,,,,20.390000
2001-06-07,,,,19.670000
2001-06-08,,,,19.920000
2001-06-11,,,,20.700000
2001-06-12,,,,20.700000
2001-06-13,,,,21.450000
2001-06-14,,,,23.120000
2001-06-15,,,,22.810000
2001-06-18,,,,23.170000
2001-06-19,,,,22.340000
2001-06-20,,,,21.710000
2001-06-21,,,,19.380000
2001-06-22,,,,20.020000
2001-06-25,,,,20.670000
2001-06-26,,,,21.200000
2001-06-27,,,,20.880000
2001-06-28,,,,20.010000
2001-06-29,,,,19.060000
2001-07-02,,,,18.760000
2001-07-03,,,,18.920000
2001-07-04,,,,
2001-07-05,,,,20.090000
2001-07-06,,,,21.630000
2001-07-09,,,,22.480000
2001-07-10,,,,23.250000
2001-07-11,,,,24.010000
2001-07-12,,,,22.090000
2001-07-13,,,,21.140000
2001-07-16,,,,22.910000
2001-07-17,,,,22.610000
2001-07-18,,,,23.600000
2001-07-19,,,,22.510000
2001-07-20,,,,22.340000
2001-07-23,,,,23.740000
2001-07-24,,,,25.240000
2001-07-25,,,,24.000000
2001-07-26,,,,23.010000
2001-07-27,,,,22.000000
2001-07-30,,,,22.690000
2001-07-31,,,,21.620000
2001-08-01,,,,20.560000
2001-08-02,,,,20.090000
2001-08-03,,,,19.890000
2001-08-06,,,,21.890000
2001-08-07,,,,21.010000
2001-08-08,,,,22.320000
2001-08-09,,,,21.750000
2001-08-10,,,,20.550000
2001-08-13,,,,20.420000
2001-08-14,,,,20.480000
2001-08-15,,,,20.910000
2001-08-16,,,,21.540000
2001-08-17,,,,23.840000
2001-08-20,,,,22.870000
2001-08-21,,,,24.400000
2001-08-22,,,,22.440000
2001-08-23,,,,22.230000
2001-08-24,,,,19.710000
2001-08-27,,,,20.560000
2001-08-28,,,,22.000000
2001-08-29,,,,23.030000
2001-08-30,,,,25.410000
2001-08-31,,,,24.920000
2001-09-03,,,,
2001-09-04,,,,25.850000
2001-09-05,,,,26.350000
2001-09-06,,,,28.610000
2001-09-07,,,,30.990000
2001-09-10,,,,31.840000
2001-09-11,,,,
2001-09-12,,,,
2001-09-13,,,,
2001-09-14,,,,
2001-09-17,,,,41.760000
2001-09-18,,,,38.870000
2001-09-19,,,,40.560000
2001-09-20,,,,43.740000
2001-09-21,,,,42.660000
2001-09-24,,,,37.750000
2001-09-25,,,,35.810000
2001-09-26,,,,35.260000
2001-09-27,,,,34.000000
2001-09-28,,,,31.930000
2001-10-01,,,,32.320000
2001-10-02,,,,31.180000
2001-10-03,,,,31.340000
2001-10-04,,,,31.970000
2001-10-05,,,,33.390000
2001-10-08,,,,35.120000
2001-10-09,,,,34.830000
2001-10-10,,,,31.600000
2001-10-11,,,,31.500000
2001-10-12,,,,35.270000
2001-10-15,,,,35.310000
2001-10-16,,,,32.880000
2001-10-17,,,,35.080000
2001-10-18,,,,34.950000
2001-10-19,,,,34.110000
2001-10-22,,,,32.250000
2001-10-23,,,,32.000000
2001-10-24,,,,30.950000
2001-10-25,,,,29.460000
2001-10-26,,,,28.420000
2001-10-29,,,,31.640000
2001-10-30,,,,33.460000
2001-10-31,,,,33.560000
2001-11-01,,,,32.310000
2001-11-02,,,,30.710000
2001-11-05,,,,30.500000
2001-11-06,,,,28.800000
2001-11-07,,,,29.130000
2001-11-08,,,,28.620000
2001-11-09,,,,27.440000
2001-11-12,,,,29.350000
2001-11-13,,,,26.470000
2001-11-14,,,,26.560000
2001-11-15,,,,25.560000
2001-11-16,,,,25.070000
2001-11-19,,,,24.460000
2001-11-20,,,,24.120000
2001-11-21,,,,24.190000
2001-11-22,,,,
2001-11-23,,,,23.250000
2001-11-26,,,,23.790000
2001-11-27,,,,24.000000
2001-11-28,,,,25.900000
2001-11-29,,,,25.180000
2001-11-30,,,,23.840000
2001-12-03,,,,25.770000
2001-12-04,,,,24.080000
2001-12-05,,,,23.020000
2001-12-06,,,,23.710000
2001-12-07,,,,23.490000
2001-12-10,,,,25.620000
2001-12-11,,,,25.300000
2001-12-12,,,,24.870000
2001-12-13,,,,25.910000
2001-12-14,,,,24.630000
2001-12-17,,,,24.260000
2001-12-18,,,,23.290000
2001-12-19,,,,22.580000
2001-12-20,,,,23.670000
2001-12-21,,,,22.500000
2001-12-24,,,,22.620000
2001-12-25,,,,
2001-12-26,,,,22.290000
2001-12-27,,,,21.590000
2001-12-28,,,,21.400000
2001-12-31,,,,23.800000
2002-01-01,,,,
2002-01-02,,,,22.710000
2002-01-03,,,,21.340000
2002-01-04,,,,20.450000
2002-01-07,,,,21.940000
2002-01-08,,,,21.830000
2002-01-09,,,,22.130000
2002-01-10,,,,22.360000
2002-01-11,,,,22.600000
2002-01-14,,,,23.580000
2002-01-15,,,,22.700000
2002-01-16,,,,23.450000
2002-01-17,,,,22.250000
2002-01-18,,,,22.520000
2002-01-21,,,,
2002-01-22,,,,23.610000
2002-01-23,,,,21.880000
2002-01-24,,,,21.150000
2002-01-25,,,,21.010000
2002-01-28,,,,21.140000
2002-01-29,,,,24.350000
2002-01-30,,,,23.220000
2002-01-31,,,,21.090000
2002-02-01,,,,21.120000
2002-02-04,,,,24.870000
2002-02-05,,,,25.450000
2002-02-06,,,,26.090000
2002-02-07,,,,25.110000
2002-02-08,,,,23.260000
2002-02-11,,,,21.780000
2002-02-12,,,,21.620000
2002-02-13,,,,20.850000
2002-02-14,,,,21.770000
2002-02-15,,,,22.370000
2002-02-18,,,,
2002-02-19,,,,24.430000
2002-02-20,,,,22.660000
2002-02-21,,,,23.800000
2002-02-22,,,,22.860000
2002-02-25,,,,21.840000
2002-02-26,,,,21.680000
2002-02-27,,,,21.490000
2002-02-28,,,,21.590000
2002-03-01,,,,19.960000
2002-03-04,,,,20.500000
2002-03-05,,,,20.300000
2002-03-06,,,,19.940000
2002-03-07,,,,20.040000
2002-03-08,,,,19.270000
2002-03-11,,,,19.840000
2002-03-12,,,,19.590000
2002-03-13,,,,19.460000
2002-03-14,,,,19.200000
2002-03-15,,,,18.420000
2002-03-18,,,,18.930000
2002-03-19,,,,18.160000
2002-03-20,,,,18.460000
2002-03-21,,,,18.150000
2002-03-22,,,,17.770000
2002-03-25,,,,18.480000
2002-03-26,,,,18.130000
2002-03-27,,,,17.700000
2002-03-28,,,,17.400000
2002-03-29,,,,
2002-04-01,,,,18.730000
2002-04-02,,,,19.160000
2002-04-03,,,,20.200000
2002-04-04,,,,19.780000
2002-04-05,,,,19.130000
2002-04-08,,,,19.610000
2002-04-09,,,,19.470000
2002-04-10,,,,18.190000
2002-04-11,,,,20.300000
2002-04-12,,,,19.420000
2002-04-15,,,,19.820000
2002-04-16,,,,18.110000
2002-04-17,,,,18.430000
2002-04-18,,,,19.290000
2002-04-19,,,,18.300000
2002-04-22,,,,19.770000
2002-04-23,,,,20.280000
2002-04-24,,,,20.770000
2002-04-25,,,,20.950000
2002-04-26,,,,22.140000
2002-04-29,,,,24.050000
2002-04-30,,,,21.910000
2002-05-01,,,,20.060000
2002-05-02,,,,20.070000
2002-05-03,,,,20.190000
2002-05-06,,,,22.560000
2002-05-07,,,,21.940000
2002-05-08,,,,20.390000
2002-05-09,,,,21.560000
2002-05-10,,,,22.410000
2002-05-13,,,,20.720000
2002-05-14,,,,19.350000
2002-05-15,,,,19.190000
2002-05-16,,,,18.500000
2002-05-17,,,,17.700000
2002-05-20,,,,19.240000
2002-05-21,,,,20.050000
2002-05-22,,,,19.580000
2002-05-23,,,,18.230000
2002-05-24,,,,18.900000
2002-05-27,,,,
2002-05-28,,,,20.310000
2002-05-29,,,,20.390000
2002-05-30,,,,20.610000
2002-05-31,,,,19.980000
2002-06-03,,,,23.370000
2002-06-04,,,,23.890000
2002-06-05,,,,22.610000
2002-06-06,,,,24.160000
2002-06-07,,,,23.510000
2002-06-10,,,,23.720000
2002-06-11,,,,24.450000
2002-06-12,,,,24.150000
2002-06-13,,,,25.020000
2002-06-14,,,,25.960000
2002-06-17,,,,24.640000
2002-06-18,,,,24.240000
2002-06-19,,,,26.060000
2002-06-20,,,,27.480000
2002-06-21,,,,27.230000
2002-06-24,,,,26.980000
2002-06-25,,,,27.840000
2002-06-26,,,,28.420000
2002-06-27,,,,26.290000
2002-06-28,,,,25.400000
2002-07-01,,,,27.110000
2002-07-02,,,,28.960000
2002-07-03,,,,29.420000
2002-07-04,,,,
2002-07-05,,,,27.110000
2002-07-08,,,,28.250000
2002-07-09,,,,30.220000
2002-07-10,,,,34.100000
2002-07-11,,,,33.850000
2002-07-12,,,,32.940000
2002-07-15,,,,35.030000
2002-07-16,,,,36.650000
2002-07-17,,,,35.450000
2002-07-18,,,,35.120000
2002-07-19,,,,38.170000
2002-07-22,,,,41.870000
2002-07-23,,,,44.920000
2002-07-24,,,,39.860000
2002-07-25,,,,39.270000
2002-07-26,,,,35.510000
2002-07-29,,,,31.330000
2002-07-30,,,,31.920000
2002-07-31,,,,32.030000
2002-08-01,,,,36.950000
2002-08-02,,,,41.290000
2002-08-05,,,,45.080000
2002-08-06,,,,42.030000
2002-08-07,,,,38.730000
2002-08-08,,,,36.330000
2002-08-09,,,,35.330000
2002-08-12,,,,37.050000
2002-08-13,,,,35.820000
2002-08-14,,,,32.360000
2002-08-15,,,,29.430000
2002-08-16,,,,28.810000
2002-08-19,,,,28.610000
2002-08-20,,,,29.590000
2002-08-21,,,,28.230000
2002-08-22,,,,27.750000
2002-08-23,,,,29.320000
2002-08-26,,,,29.890000
2002-08-27,,,,30.110000
2002-08-28,,,,33.320000
2002-08-29,,,,33.670000
2002-08-30,,,,32.640000
2002-09-02,,,,
2002-09-03,,,,39.970000
2002-09-04,,,,37.440000
2002-09-05,,,,38.860000
2002-09-06,,,,36.330000
2002-09-09,,,,36.450000
2002-09-10,,,,35.080000
2002-09-11,,,,34.810000
2002-09-12,,,,37.500000
2002-09-13,,,,35.820000
2002-09-16,,,,36.740000
2002-09-17,,,,38.010000
2002-09-18,,,,37.520000
2002-09-19,,,,40.650000
2002-09-20,,,,38.980000
2002-09-23,,,,39.680000
2002-09-24,,,,40.520000
2002-09-25,,,,37.330000
2002-09-26,,,,34.600000
2002-09-27,,,,36.970000
2002-09-30,,,,39.690000
2002-10-01,,,,34.120000
2002-10-02,,,,36.830000
2002-10-03,,,,37.310000
2002-10-04,,,,39.460000
2002-10-07,,,,42.640000
2002-10-08,,,,41.020000
2002-10-09,,,,42.130000
2002-10-10,,,,37.550000
2002-10-11,,,,35.700000
2002-10-14,,,,36.040000
2002-10-15,,,,34.020000
2002-10-16,,,,36.000000
2002-10-17,,,,34.100000
2002-10-18,,,,33.530000
2002-10-21,,,,33.110000
2002-10-22,,,,34.090000
2002-10-23,,,,33.200000
2002-10-24,,,,34.030000
2002-10-25,,,,30.000000
2002-10-28,,,,31.070000
2002-10-29,,,,32.270000
2002-10-30,,,,31.230000
2002-10-31,,,,31.140000
2002-11-01,,,,29.300000
2002-11-04,,,,30.820000
2002-11-05,,,,31.230000
2002-11-06,,,,30.730000
2002-11-07,,,,31.420000
2002-11-08,,,,29.410000
2002-11-11,,,,31.300000
2002-11-12,,,,30.580000
2002-11-13,,,,31.240000
2002-11-14,,,,28.670000
2002-11-15,,,,26.650000
2002-11-18,,,,27.660000
2002-11-19,,,,27.410000
2002-11-20,,,,25.320000
2002-11-21,,,,23.810000
2002-11-22,,,,23.160000
2002-11-25,,,,24.070000
2002-11-26,,,,25.970000
2002-11-27,,,,27.250000
2002-11-28,,,,
2002-11-29,,,,27.500000
2002-12-02,,,,27.460000
2002-12-03,,,,28.330000
2002-12-04,,,,28.920000
2002-12-05,,,,30.100000
2002-12-06,,,,28.880000
2002-12-09,,,,30.780000
2002-12-10,,,,28.760000
2002-12-11,,,,27.760000
2002-12-12,,,,27.290000
2002-12-13,,,,28.180000
2002-12-16,,,,26.240000
2002-12-17,,,,26.660000
2002-12-18,,,,28.290000
2002-12-19,,,,30.210000
2002-12-20,,,,26.710000
2002-12-23,,,,26.200000
2002-12-24,,,,26.490000
2002-12-25,,,,
2002-12-26,,,,27.370000
2002-12-27,,,,29.550000
2002-12-30,,,,29.620000
2002-12-31,,,,28.620000
2003-01-01,,,,
2003-01-02,2.430000,1.640000,,25.390000
2003-01-03,2.430000,1.620000,,24.680000
2003-01-06,2.460000,1.630000,,24.910000
2003-01-07,2.420000,1.620000,,25.130000
2003-01-08,2.290000,1.710000,,25.530000
2003-01-09,2.410000,1.780000,,24.250000
2003-01-10,2.410000,1.750000,,24.320000
2003-01-13,2.380000,1.770000,,24.900000
2003-01-14,2.340000,1.760000,,24.570000
2003-01-15,2.300000,1.800000,,25.510000
2003-01-16,2.310000,1.790000,,25.010000
2003-01-17,2.250000,1.800000,,25.700000
2003-01-20,,,,
2003-01-21,2.230000,1.780000,,27.590000
2003-01-22,2.230000,1.720000,,29.010000
2003-01-23,2.200000,1.780000,,27.530000
2003-01-24,2.140000,1.800000,,31.510000
2003-01-27,2.160000,1.820000,,34.690000
2003-01-28,2.190000,1.810000,,31.930000
2003-01-29,2.210000,1.850000,,31.260000
2003-01-30,2.200000,1.800000,,31.320000
2003-01-31,2.190000,1.810000,,31.170000
2003-02-03,2.200000,1.810000,,31.020000
2003-02-04,2.120000,1.840000,,32.760000
2003-02-05,2.120000,1.900000,,33.040000
2003-02-06,2.090000,1.880000,,33.350000
2003-02-07,2.070000,1.890000,,34.010000
2003-02-10,2.060000,1.930000,,33.990000
2003-02-11,2.050000,1.930000,,33.680000
2003-02-12,2.040000,1.890000,,34.330000
2003-02-13,2.010000,1.880000,,33.700000
2003-02-14,2.030000,1.920000,,32.620000
2003-02-17,,,,
2003-02-18,2.050000,1.890000,,31.110000
2003-02-19,1.990000,1.890000,,31.310000
2003-02-20,1.910000,1.940000,,31.160000
2003-02-21,1.930000,1.970000,,30.250000
2003-02-24,1.870000,1.990000,,31.980000
2003-02-25,1.840000,1.970000,,31.740000
2003-02-26,1.840000,1.940000,,31.940000
2003-02-27,1.820000,1.940000,,30.530000
2003-02-28,1.770000,1.940000,,29.630000
2003-03-03,1.770000,1.910000,,30.430000
2003-03-04,1.770000,1.880000,,31.830000
2003-03-05,1.750000,1.880000,,30.380000
2003-03-06,1.740000,1.930000,,31.370000
2003-03-07,1.720000,1.910000,,31.080000
2003-03-10,1.690000,1.900000,,33.310000
2003-03-11,1.680000,1.920000,,33.610000
2003-03-12,1.680000,1.920000,,33.510000
2003-03-13,1.730000,2.010000,,31.760000
2003-03-14,1.890000,1.830000,,30.980000
2003-03-17,1.970000,1.850000,,31.750000
2003-03-18,2.080000,1.830000,,30.430000
2003-03-19,2.150000,1.830000,,31.540000
2003-03-20,2.200000,1.810000,,30.440000
2003-03-21,2.290000,1.820000,,28.670000
2003-03-24,2.180000,1.800000,,30.390000
2003-03-25,2.170000,1.800000,,28.750000
2003-03-26,2.150000,1.810000,,28.230000
2003-03-27,2.100000,1.850000,,27.960000
2003-03-28,2.090000,1.830000,,27.750000
2003-03-31,2.030000,1.800000,,29.150000
2003-04-01,2.020000,1.820000,,28.360000
2003-04-02,2.110000,1.830000,,28.020000
2003-04-03,2.120000,1.810000,,28.210000
2003-04-04,2.160000,1.800000,,29.130000
2003-04-07,2.210000,1.820000,,28.450000
2003-04-08,2.180000,1.770000,,27.130000
2003-04-09,2.130000,1.800000,,27.110000
2003-04-10,2.160000,1.790000,,25.600000
2003-04-11,2.230000,1.770000,,24.440000
2003-04-14,2.220000,1.820000,,23.410000
2003-04-15,2.180000,1.800000,,22.560000
2003-04-16,2.200000,1.760000,,22.520000
2003-04-17,2.220000,1.760000,,21.500000
2003-04-18,,,,
2003-04-21,2.250000,1.750000,,21.950000
2003-04-22,2.270000,1.740000,,20.700000
2003-04-23,2.260000,1.760000,,20.800000
2003-04-24,2.220000,1.710000,,20.330000
2003-04-25,2.180000,1.730000,,20.800000
2003-04-28,2.160000,1.760000,,20.840000
2003-04-29,2.220000,1.740000,,20.760000
2003-04-30,2.160000,1.730000,,21.210000
2003-05-01,2.130000,1.750000,,21.590000
2003-05-02,2.190000,1.750000,,20.630000
2003-05-05,2.190000,1.730000,,21.130000
2003-05-06,2.170000,1.670000,,20.800000
2003-05-07,2.020000,1.700000,,21.000000
2003-05-08,2.000000,1.700000,,21.240000
2003-05-09,2.000000,1.690000,,19.690000
2003-05-12,1.960000,1.680000,,19.520000
2003-05-13,1.940000,1.690000,,19.910000
2003-05-14,1.870000,1.660000,,20.000000
2003-05-15,1.860000,1.670000,,19.240000
2003-05-16,1.840000,1.620000,,18.400000
2003-05-19,1.850000,1.610000,,20.510000
2003-05-20,1.730000,1.650000,,21.290000
2003-05-21,1.730000,1.660000,,21.210000
2003-05-22,1.710000,1.630000,,19.780000
2003-05-23,1.720000,1.620000,,19.170000
2003-05-26,,,,
2003-05-27,1.800000,1.610000,,19.990000
2003-05-28,1.830000,1.610000,,20.030000
2003-05-29,1.760000,1.580000,,20.430000
2003-05-30,1.770000,1.600000,,19.470000
2003-06-02,1.830000,1.600000,,20.850000
2003-06-03,1.760000,1.580000,,20.840000
2003-06-04,1.730000,1.570000,,20.620000
2003-06-05,1.750000,1.590000,,20.830000
2003-06-06,1.760000,1.610000,,21.250000
2003-06-09,1.680000,1.610000,,22.150000
2003-06-10,1.610000,1.590000,,20.640000
2003-06-11,1.620000,1.590000,,20.210000
2003-06-12,1.570000,1.610000,,20.410000
2003-06-13,1.510000,1.620000,,20.660000
2003-06-16,1.590000,1.590000,,20.220000
2003-06-17,1.700000,1.570000,,20.010000
2003-06-18,1.790000,1.580000,,19.760000
2003-06-19,1.740000,1.610000,,19.800000
2003-06-20,1.770000,1.630000,,19.140000
2003-06-23,1.710000,1.610000,,20.580000
2003-06-24,1.680000,1.610000,,20.750000
2003-06-25,1.710000,1.670000,,20.810000
2003-06-26,1.850000,1.700000,,19.400000
2003-06-27,1.900000,1.680000,,19.160000
2003-06-30,1.900000,1.640000,,19.520000
2003-07-01,1.920000,1.640000,,19.460000
2003-07-02,1.960000,1.600000,,19.030000
2003-07-03,2.090000,1.580000,,19.390000
2003-07-04,,,,
2003-07-07,2.140000,1.600000,,20.060000
2003-07-08,2.120000,1.630000,,19.480000
2003-07-09,2.000000,1.730000,,18.930000
2003-07-10,1.940000,1.760000,,19.190000
2003-07-11,1.880000,1.780000,,18.470000
2003-07-14,1.920000,1.820000,,19.590000
2003-07-15,2.060000,1.880000,,19.550000
2003-07-16,2.080000,1.890000,,19.760000
2003-07-17,2.050000,1.930000,,20.220000
2003-07-18,2.040000,1.960000,,19.110000
2003-07-21,2.210000,1.980000,,19.780000
2003-07-22,2.190000,1.980000,,19.170000
2003-07-23,2.110000,2.010000,,18.640000
2003-07-24,2.180000,2.020000,,18.600000
2003-07-25,2.140000,2.080000,,17.750000
2003-07-28,2.270000,2.040000,,18.360000
2003-07-29,2.380000,2.040000,,18.670000
2003-07-30,2.320000,2.020000,,18.850000
2003-07-31,2.410000,2.080000,,19.490000
2003-08-01,2.400000,2.040000,,20.750000
2003-08-04,2.340000,2.010000,,21.270000
2003-08-05,2.430000,2.040000,,22.680000
2003-08-06,2.340000,1.980000,,21.500000
2003-08-07,2.290000,2.010000,,20.260000
2003-08-08,2.270000,2.000000,,19.590000
2003-08-11,2.310000,2.070000,,19.750000
2003-08-12,2.290000,2.080000,,17.940000
2003-08-13,2.410000,2.170000,,18.770000
2003-08-14,2.380000,2.170000,,18.470000
2003-08-15,2.360000,2.190000,,18.270000
2003-08-18,2.330000,2.160000,,18.180000
2003-08-19,2.240000,2.140000,,17.860000
2003-08-20,2.260000,2.190000,,17.820000
2003-08-21,2.290000,2.240000,,17.840000
2003-08-22,2.260000,2.220000,,18.550000
2003-08-25,2.310000,2.220000,,19.530000
2003-08-26,2.280000,2.220000,,19.490000
2003-08-27,2.360000,2.180000,,19.130000
2003-08-28,2.290000,2.130000,,18.480000
2003-08-29,2.290000,2.160000,,18.630000
2003-09-01,,,,
2003-09-02,2.430000,2.180000,,19.020000
2003-09-03,2.400000,2.200000,,19.440000
2003-09-04,2.320000,2.200000,,18.710000
2003-09-05,2.170000,2.180000,,18.170000
2003-09-08,2.240000,2.170000,,18.260000
2003-09-09,2.210000,2.160000,,18.850000
2003-09-10,2.180000,2.100000,,20.010000
2003-09-11,2.220000,2.130000,,19.250000
2003-09-12,2.180000,2.090000,,18.680000
2003-09-15,2.180000,2.100000,,19.280000
2003-09-16,2.260000,2.030000,,18.030000
2003-09-17,2.200000,2.000000,,18.150000
2003-09-18,2.180000,2.010000,,17.570000
2003-09-19,2.170000,2.000000,,17.540000
2003-09-22,2.210000,2.050000,,19.650000
2003-09-23,2.190000,2.050000,,19.470000
2003-09-24,2.130000,2.030000,,21.220000
2003-09-25,2.070000,2.050000,,22.260000
2003-09-26,1.990000,2.050000,,22.230000
2003-09-29,2.030000,2.060000,,21.670000
2003-09-30,1.950000,2.010000,,22.720000
2003-10-01,1.960000,2.000000,,21.070000
2003-10-02,2.010000,2.020000,,20.800000
2003-10-03,2.160000,2.050000,,19.500000
2003-10-06,2.110000,2.060000,,19.510000
2003-10-07,2.170000,2.100000,,19.410000
2003-10-08,2.180000,2.090000,,19.180000
2003-10-09,2.200000,2.120000,,18.820000
2003-10-10,2.140000,2.150000,,18.450000
2003-10-13,,,,17.550000
2003-10-14,2.180000,2.190000,,17.370000
2003-10-15,2.200000,2.230000,,17.690000
2003-10-16,2.210000,2.260000,,17.190000
2003-10-17,2.140000,2.270000,,17.620000
2003-10-20,2.130000,2.280000,,17.040000
2003-10-21,2.120000,2.260000,,16.550000
2003-10-22,2.070000,2.220000,,17.670000
2003-10-23,2.030000,2.310000,,17.680000
2003-10-24,1.920000,2.320000,,17.710000
2003-10-27,1.960000,2.340000,,18.050000
2003-10-28,1.910000,2.320000,,16.820000
2003-10-29,1.980000,2.330000,,16.430000
2003-10-30,1.970000,2.390000,,16.330000
2003-10-31,1.930000,2.400000,,16.100000
2003-11-03,1.970000,2.430000,,16.550000
2003-11-04,1.930000,2.400000,,16.550000
2003-11-05,2.020000,2.360000,,16.860000
2003-11-06,2.080000,2.370000,,16.740000
2003-11-07,2.100000,2.380000,,16.930000
2003-11-10,2.090000,2.400000,,17.620000
2003-11-11,,,,17.540000
2003-11-12,2.040000,2.400000,,16.750000
2003-11-13,1.940000,2.360000,,16.470000
2003-11-14,1.870000,2.350000,,16.940000
2003-11-17,1.820000,2.360000,,18.600000
2003-11-18,1.830000,2.340000,,19.110000
2003-11-19,1.910000,2.330000,,18.800000
2003-11-20,1.920000,2.240000,,19.480000
2003-11-21,1.930000,2.220000,,18.980000
2003-11-24,1.990000,2.240000,,17.440000
2003-11-25,1.920000,2.270000,,16.710000
2003-11-26,1.960000,2.290000,,16.230000
2003-11-27,,,,
2003-11-28,2.030000,2.310000,,16.320000
2003-12-01,2.080000,2.320000,,16.770000
2003-12-02,2.050000,2.330000,,16.270000
2003-12-03,2.080000,2.330000,,16.630000
2003-12-04,2.040000,2.340000,,16.300000
2003-12-05,1.920000,2.310000,,17.090000
2003-12-08,1.960000,2.330000,,16.540000
2003-12-09,2.000000,2.320000,,17.630000
2003-12-10,1.970000,2.330000,,17.870000
2003-12-11,1.900000,2.370000,,16.730000
2003-12-12,1.910000,2.350000,,16.410000
2003-12-15,1.980000,2.300000,,17.230000
2003-12-16,1.990000,2.250000,,15.930000
2003-12-17,1.960000,2.230000,,15.580000
2003-12-18,1.940000,2.220000,,16.160000
2003-12-19,1.950000,2.200000,,16.420000
2003-12-22,1.980000,2.200000,,16.940000
2003-12-23,2.030000,2.250000,,16.490000
2003-12-24,1.960000,2.240000,,16.660000
2003-12-25,,,,
2003-12-26,1.940000,2.230000,,17.450000
2003-12-29,1.990000,2.250000,,17.090000
2003-12-30,2.010000,2.280000,,17.680000
2003-12-31,2.000000,2.270000,,18.310000
2004-01-01,,,,
2004-01-02,2.060000,2.320000,,18.220000
2004-01-05,2.060000,2.350000,,17.490000
2004-01-06,1.970000,2.320000,,16.730000
2004-01-07,1.940000,2.330000,,15.500000
2004-01-08,1.990000,2.280000,,15.610000
2004-01-09,1.890000,2.220000,,16.750000
2004-01-12,1.890000,2.220000,,16.820000
2004-01-13,1.830000,2.220000,,18.040000
2004-01-14,1.850000,2.160000,,16.750000
2004-01-15,1.820000,2.170000,,15.560000
2004-01-16,1.830000,2.210000,,15.000000
2004-01-19,,,,
2004-01-20,1.840000,2.240000,,15.210000
2004-01-21,1.790000,2.260000,,14.340000
2004-01-22,1.760000,2.230000,,14.710000
2004-01-23,1.820000,2.270000,,14.840000
2004-01-26,1.890000,2.270000,,14.550000
2004-01-27,1.840000,2.270000,,15.350000
2004-01-28,1.920000,2.300000,,16.780000
2004-01-29,1.910000,2.310000,,17.140000
2004-01-30,1.850000,2.310000,,16.630000
2004-02-02,1.840000,2.340000,,17.110000
2004-02-03,1.810000,2.320000,,17.340000
2004-02-04,1.820000,2.330000,,17.870000
2004-02-05,1.850000,2.350000,,17.710000
2004-02-06,1.790000,2.330000,,16.000000
2004-02-09,1.760000,2.330000,,16.390000
2004-02-10,1.790000,2.340000,,15.940000
2004-02-11,1.750000,2.300000,,15.390000
2004-02-12,1.770000,2.330000,,15.310000
2004-02-13,1.740000,2.310000,,15.580000
2004-02-16,,,,
2004-02-17,1.750000,2.300000,,15.400000
2004-02-18,1.750000,2.300000,,15.590000
2004-02-19,1.760000,2.290000,,15.800000
2004-02-20,1.790000,2.310000,,16.040000
2004-02-23,1.760000,2.290000,,16.290000
2004-02-24,1.740000,2.300000,,15.900000
2004-02-25,1.710000,2.310000,,14.930000
2004-02-26,1.690000,2.360000,,14.830000
2004-02-27,1.610000,2.380000,,14.550000
2004-03-01,1.550000,2.450000,,14.440000
2004-03-02,1.580000,2.470000,,14.860000
2004-03-03,1.590000,2.480000,,14.550000
2004-03-04,1.600000,2.440000,,14.400000
2004-03-05,1.460000,2.390000,,14.480000
2004-03-08,1.430000,2.350000,,15.790000
2004-03-09,1.400000,2.330000,,16.600000
2004-03-10,1.450000,2.290000,,18.670000
2004-03-11,1.500000,2.240000,,20.670000
2004-03-12,1.520000,2.260000,,18.300000
2004-03-15,1.470000,2.310000,,21.130000
2004-03-16,1.400000,2.300000,,20.340000
2004-03-17,1.360000,2.350000,,18.110000
2004-03-18,1.370000,2.390000,,18.530000
2004-03-19,1.440000,2.360000,,19.150000
2004-03-22,1.420000,2.320000,,21.580000
2004-03-23,1.410000,2.320000,,20.670000
2004-03-24,1.380000,2.350000,,19.810000
2004-03-25,1.400000,2.350000,,17.880000
2004-03-26,1.470000,2.380000,,17.330000
2004-03-29,1.500000,2.410000,,16.500000
2004-03-30,1.520000,2.390000,,16.280000
2004-03-31,1.480000,2.380000,,16.740000
2004-04-01,1.480000,2.430000,,16.650000
2004-04-02,1.690000,2.460000,,15.640000
2004-04-05,1.750000,2.490000,,14.970000
2004-04-06,1.730000,2.460000,,15.320000
2004-04-07,1.820000,2.370000,,15.760000
2004-04-08,1.800000,2.410000,,16.260000
2004-04-09,,,,
2004-04-12,1.810000,2.440000,,15.280000
2004-04-13,1.880000,2.470000,,17.260000
2004-04-14,1.910000,2.490000,,15.620000
2004-04-15,1.930000,2.490000,,15.740000
2004-04-16,1.870000,2.500000,,14.940000
2004-04-19,1.870000,2.520000,,15.420000
2004-04-20,1.970000,2.460000,,16.670000
2004-04-21,1.960000,2.490000,,15.600000
2004-04-22,1.980000,2.420000,,14.610000
2004-04-23,2.120000,2.360000,,14.010000
2004-04-26,2.030000,2.430000,,14.770000
2004-04-27,2.000000,2.430000,,15.070000
2004-04-28,2.100000,2.400000,,16.290000
2004-04-29,2.150000,2.400000,,16.600000
2004-04-30,2.110000,2.420000,,17.190000
2004-05-03,2.090000,2.440000,,16.620000
2004-05-04,2.100000,2.460000,,16.550000
2004-05-05,2.100000,2.510000,,15.770000
2004-05-06,2.150000,2.480000,,17.050000
2004-05-07,2.240000,2.550000,,18.130000
2004-05-10,2.250000,2.560000,,19.770000
2004-05-11,2.210000,2.580000,,18.570000
2004-05-12,2.170000,2.660000,,18.140000
2004-05-13,2.180000,2.670000,,18.860000
2004-05-14,2.160000,2.630000,,18.470000
2004-05-17,2.070000,2.630000,,19.960000
2004-05-18,2.050000,2.690000,,19.330000
2004-05-19,2.030000,2.760000,,18.930000
2004-05-20,1.960000,2.760000,,18.670000
2004-05-21,2.040000,2.720000,,18.490000
2004-05-24,2.010000,2.740000,,18.080000
2004-05-25,2.030000,2.700000,,15.960000
2004-05-26,1.990000,2.680000,,15.970000
2004-05-27,1.970000,2.630000,,15.280000
2004-05-28,2.000000,2.660000,,15.500000
2004-05-31,,,,
2004-06-01,1.970000,2.740000,,16.300000
2004-06-02,2.040000,2.700000,,16.080000
2004-06-03,2.050000,2.660000,,17.030000
2004-06-04,2.110000,2.670000,,16.780000
2004-06-07,2.110000,2.670000,,15.390000
2004-06-08,2.150000,2.630000,,15.010000
2004-06-09,2.200000,2.620000,,15.390000
2004-06-10,2.180000,2.630000,,15.040000
2004-06-11,,,,15.040000
2004-06-14,2.260000,2.630000,,16.070000
2004-06-15,2.160000,2.530000,,15.050000
2004-06-16,2.180000,2.560000,,14.790000
2004-06-17,2.160000,2.550000,,15.150000
2004-06-18,2.150000,2.570000,,14.990000
2004-06-21,2.160000,2.540000,,15.260000
2004-06-22,2.170000,2.550000,,14.310000
2004-06-23,2.180000,2.530000,,13.980000
2004-06-24,2.150000,2.510000,,14.810000
2004-06-25,2.160000,2.500000,,15.190000
2004-06-28,2.230000,2.530000,,16.070000
2004-06-29,2.200000,2.500000,,15.470000
2004-06-30,2.100000,2.520000,,14.340000
2004-07-01,2.040000,2.530000,,15.200000
2004-07-02,1.960000,2.520000,,15.080000
2004-07-05,,,,
2004-07-06,1.970000,2.520000,,16.250000
2004-07-07,2.000000,2.500000,,15.810000
2004-07-08,2.020000,2.470000,,16.200000
2004-07-09,2.020000,2.470000,,15.780000
2004-07-12,2.020000,2.440000,,14.960000
2004-07-13,2.030000,2.470000,,14.460000
2004-07-14,2.020000,2.480000,,13.760000
2004-07-15,2.010000,2.490000,,14.710000
2004-07-16,1.940000,2.440000,,14.340000
2004-07-19,1.960000,2.420000,,15.170000
2004-07-20,2.050000,2.420000,,14.170000
2004-07-21,2.050000,2.450000,,16.410000
2004-07-22,2.030000,2.450000,,15.750000
2004-07-23,2.000000,2.450000,,16.500000
2004-07-26,2.050000,2.440000,,17.300000
2004-07-27,2.150000,2.470000,,16.550000
2004-07-28,2.110000,2.500000,,16.150000
2004-07-29,2.070000,2.530000,,15.680000
2004-07-30,2.010000,2.490000,,15.320000
2004-08-02,2.000000,2.480000,,15.370000
2004-08-03,1.980000,2.470000,,16.030000
2004-08-04,2.000000,2.450000,,16.210000
2004-08-05,1.960000,2.470000,,18.320000
2004-08-06,1.820000,2.420000,,19.340000
2004-08-09,1.850000,2.430000,,18.890000
2004-08-10,1.900000,2.420000,,17.470000
2004-08-11,1.860000,2.440000,,18.040000
2004-08-12,1.810000,2.460000,,19.080000
2004-08-13,1.770000,2.450000,,17.980000
2004-08-16,1.820000,2.440000,,17.570000
2004-08-17,1.820000,2.390000,,17.020000
2004-08-18,1.830000,2.400000,,16.230000
2004-08-19,1.760000,2.460000,,16.960000
2004-08-20,1.790000,2.450000,,16.000000
2004-08-23,1.860000,2.420000,,15.880000
2004-08-24,1.870000,2.410000,,15.330000
2004-08-25,1.880000,2.380000,,14.980000
2004-08-26,1.860000,2.360000,,14.910000
2004-08-27,1.860000,2.370000,,14.710000
2004-08-30,1.830000,2.360000,,15.440000
2004-08-31,1.780000,2.350000,,15.290000
2004-09-01,1.770000,2.360000,,14.910000
2004-09-02,1.830000,2.370000,,14.280000
2004-09-03,1.880000,2.420000,,13.910000
2004-09-06,,,,
2004-09-07,1.860000,2.400000,,14.070000
2004-09-08,1.820000,2.360000,,14.060000
2004-09-09,1.830000,2.390000,,14.010000
2004-09-10,1.830000,2.360000,,13.760000
2004-09-13,1.810000,2.350000,,13.170000
2004-09-14,1.810000,2.340000,,13.560000
2004-09-15,1.860000,2.320000,,14.640000
2004-09-16,1.810000,2.270000,,14.390000
2004-09-17,1.850000,2.290000,,14.030000
2004-09-20,1.800000,2.270000,,14.430000
2004-09-21,1.800000,2.250000,,13.660000
2004-09-22,1.730000,2.270000,,14.740000
2004-09-23,1.760000,2.260000,,14.800000
2004-09-24,1.780000,2.260000,,14.280000
2004-09-27,1.720000,2.290000,,14.620000
2004-09-28,1.700000,2.320000,,13.830000
2004-09-29,1.760000,2.340000,,13.210000
2004-09-30,1.770000,2.370000,,13.340000
2004-10-01,1.830000,2.380000,,12.750000
2004-10-04,1.860000,2.330000,,13.410000
2004-10-05,1.840000,2.340000,,13.950000
2004-10-06,1.900000,2.330000,,13.280000
2004-10-07,1.890000,2.370000,,14.500000
2004-10-08,1.780000,2.370000,,15.050000
2004-10-11,,,,14.710000
2004-10-12,1.750000,2.370000,,15.050000
2004-10-13,1.720000,2.370000,,15.420000
2004-10-14,1.680000,2.350000,,16.430000
2004-10-15,1.700000,2.370000,,15.040000
2004-10-18,1.710000,2.360000,,14.710000
2004-10-19,1.700000,2.370000,,15.130000
2004-10-20,1.660000,2.350000,,14.850000
2004-10-21,1.620000,2.390000,,14.540000
2004-10-22,1.640000,2.360000,,15.280000
2004-10-25,1.630000,2.360000,,16.580000
2004-10-26,1.630000,2.380000,,16.390000
2004-10-27,1.730000,2.380000,,15.720000
2004-10-28,1.680000,2.410000,,15.390000
2004-10-29,1.630000,2.420000,,16.270000
2004-11-01,1.670000,2.440000,,16.270000
2004-11-02,1.610000,2.490000,,16.180000
2004-11-03,1.610000,2.480000,,14.040000
2004-11-04,1.650000,2.450000,,13.970000
2004-11-05,1.710000,2.500000,,13.840000
2004-11-08,1.720000,2.500000,,13.800000
2004-11-09,1.740000,2.480000,,13.610000
2004-11-10,1.750000,2.500000,,13.080000
2004-11-11,,,,13.040000
2004-11-12,1.710000,2.490000,,13.330000
2004-11-15,1.670000,2.530000,,13.380000
2004-11-16,1.680000,2.530000,,13.210000
2004-11-17,1.630000,2.510000,,13.210000
2004-11-18,1.640000,2.480000,,12.980000
2004-11-19,1.670000,2.530000,,13.500000
2004-11-22,1.620000,2.560000,,12.970000
2004-11-23,1.650000,2.540000,,12.670000
2004-11-24,1.640000,2.560000,,12.720000
2004-11-25,,,,
2004-11-26,1.660000,2.580000,,12.790000
2004-11-29,1.740000,2.600000,,13.300000
2004-11-30,1.750000,2.610000,,13.240000
2004-12-01,1.790000,2.590000,,12.970000
2004-12-02,1.830000,2.570000,,12.980000
2004-12-03,1.730000,2.540000,,12.960000
2004-12-06,1.700000,2.540000,,13.190000
2004-12-07,1.690000,2.540000,,13.670000
2004-12-08,1.620000,2.520000,,13.190000
2004-12-09,1.640000,2.550000,,12.880000
2004-12-10,1.660000,2.500000,,12.760000
2004-12-13,1.650000,2.510000,,12.540000
2004-12-14,1.620000,2.520000,,12.730000
2004-12-15,1.570000,2.520000,,12.350000
2004-12-16,1.640000,2.550000,,12.270000
2004-12-17,1.640000,2.570000,,11.950000
2004-12-20,1.620000,2.590000,,11.830000
2004-12-21,1.590000,2.590000,,11.550000
2004-12-22,1.630000,2.580000,,11.450000
2004-12-23,1.620000,2.610000,,11.230000
2004-12-24,,,,
2004-12-27,1.670000,2.630000,,12.140000
2004-12-28,1.690000,2.620000,,12.000000
2004-12-29,1.730000,2.600000,,11.620000
2004-12-30,1.700000,2.570000,,12.560000
2004-12-31,1.680000,2.560000,,13.290000
2005-01-03,1.700000,2.530000,,14.080000
2005-01-04,1.780000,2.510000,,13.980000
2005-01-05,1.790000,2.500000,,14.090000
2005-01-06,1.760000,2.530000,,13.580000
2005-01-07,1.800000,2.490000,,13.490000
2005-01-10,1.770000,2.520000,,13.230000
2005-01-11,1.760000,2.500000,,13.190000
2005-01-12,1.730000,2.520000,,12.560000
2005-01-13,1.700000,2.500000,,12.840000
2005-01-14,1.720000,2.510000,,12.430000
2005-01-17,,,,
2005-01-18,1.710000,2.500000,,12.470000
2005-01-19,1.700000,2.500000,,13.180000
2005-01-20,1.700000,2.470000,,13.830000
2005-01-21,1.690000,2.470000,,14.360000
2005-01-24,1.680000,2.460000,,14.650000
2005-01-25,1.740000,2.460000,,14.060000
2005-01-26,1.720000,2.490000,,13.440000
2005-01-27,1.720000,2.500000,,13.240000
2005-01-28,1.650000,2.510000,,13.240000
2005-01-31,1.650000,2.490000,,12.820000
2005-02-01,1.670000,2.480000,,12.030000
2005-02-02,1.700000,2.450000,,11.660000
2005-02-03,1.730000,2.450000,,11.790000
2005-02-04,1.650000,2.440000,,11.210000
2005-02-07,1.620000,2.450000,,11.730000
2005-02-08,1.570000,2.480000,,11.600000
2005-02-09,1.490000,2.510000,,12.000000
2005-02-10,1.570000,2.500000,,11.510000
2005-02-11,1.570000,2.530000,,11.430000
2005-02-14,1.540000,2.540000,,11.520000
2005-02-15,1.610000,2.490000,,11.270000
2005-02-16,1.650000,2.510000,,11.100000
2005-02-17,1.650000,2.540000,,11.770000
2005-02-18,1.670000,2.600000,,11.180000
2005-02-21,,,,
2005-02-22,1.670000,2.620000,,13.140000
2005-02-23,1.640000,2.630000,,12.390000
2005-02-24,1.650000,2.640000,,11.570000
2005-02-25,1.640000,2.630000,,11.490000
2005-02-28,1.700000,2.660000,,12.080000
2005-03-01,1.690000,2.690000,,12.040000
2005-03-02,1.690000,2.690000,,12.500000
2005-03-03,1.690000,2.700000,,12.930000
2005-03-04,1.650000,2.670000,,11.940000
2005-03-07,1.630000,2.680000,,12.260000
2005-03-08,1.670000,2.710000,,12.400000
2005-03-09,1.770000,2.750000,,12.700000
2005-03-10,1.760000,2.720000,,12.490000
2005-03-11,1.820000,2.740000,,12.800000
2005-03-14,1.820000,2.700000,,12.390000
2005-03-15,1.820000,2.720000,,13.150000
2005-03-16,1.790000,2.730000,,13.490000
2005-03-17,1.730000,2.740000,,13.290000
2005-03-18,1.770000,2.740000,,13.140000
2005-03-21,1.800000,2.730000,,13.610000
2005-03-22,1.870000,2.760000,,14.270000
2005-03-23,1.920000,2.690000,,14.060000
2005-03-24,1.900000,2.700000,,13.420000
2005-03-25,,,,
2005-03-28,1.940000,2.700000,,13.750000
2005-03-29,1.910000,2.690000,,14.490000
2005-03-30,1.890000,2.670000,,13.640000
2005-03-31,1.790000,2.710000,,14.020000
2005-04-01,1.770000,2.690000,,14.090000
2005-04-04,1.790000,2.680000,,14.110000
2005-04-05,1.810000,2.670000,,13.680000
2005-04-06,1.800000,2.640000,,13.150000
2005-04-07,1.850000,2.640000,,12.330000
2005-04-08,1.840000,2.660000,,12.620000
2005-04-11,1.820000,2.630000,,11.980000
2005-04-12,1.730000,2.650000,,11.300000
2005-04-13,1.740000,2.640000,,13.310000
2005-04-14,1.720000,2.650000,,14.530000
2005-04-15,1.670000,2.600000,,17.740000
2005-04-18,1.660000,2.610000,,16.560000
2005-04-19,1.620000,2.590000,,14.960000
2005-04-20,1.600000,2.620000,,16.920000
2005-04-21,1.660000,2.660000,,14.410000
2005-04-22,1.610000,2.650000,,15.380000
2005-04-25,1.630000,2.630000,,14.620000
2005-04-26,1.660000,2.620000,,14.910000
2005-04-27,1.650000,2.600000,,14.870000
2005-04-28,1.580000,2.610000,,16.860000
2005-04-29,1.610000,2.600000,,15.310000
2005-05-02,1.610000,2.600000,,15.120000
2005-05-03,1.640000,2.570000,,14.530000
2005-05-04,1.630000,2.570000,,13.850000
2005-05-05,1.620000,2.570000,,13.980000
2005-05-06,1.690000,2.590000,,14.050000
2005-05-09,1.690000,2.600000,,13.750000
2005-05-10,1.650000,2.580000,,14.910000
2005-05-11,1.640000,2.570000,,14.450000
2005-05-12,1.660000,2.520000,,16.120000
2005-05-13,1.660000,2.460000,,16.320000
2005-05-16,1.660000,2.470000,,15.680000
2005-05-17,1.640000,2.480000,,14.570000
2005-05-18,1.650000,2.420000,,13.630000
2005-05-19,1.690000,2.420000,,13.320000
2005-05-20,1.670000,2.460000,,13.140000
2005-05-23,1.650000,2.420000,,12.950000
2005-05-24,1.620000,2.420000,,12.690000
2005-05-25,1.660000,2.420000,,12.580000
2005-05-26,1.690000,2.390000,,12.240000
2005-05-27,1.670000,2.410000,,12.150000
2005-05-30,,,,
2005-05-31,1.630000,2.370000,,13.290000
2005-06-01,1.540000,2.370000,,12.360000
2005-06-02,1.550000,2.340000,,11.840000
2005-06-03,1.610000,2.370000,,12.150000
2005-06-06,1.600000,2.360000,,12.280000
2005-06-07,1.600000,2.320000,,12.390000
2005-06-08,1.630000,2.320000,,12.700000
2005-06-09,1.640000,2.340000,,12.080000
2005-06-10,1.740000,2.310000,,11.960000
2005-06-13,1.760000,2.330000,,11.650000
2005-06-14,1.790000,2.340000,,11.790000
2005-06-15,1.790000,2.330000,,11.460000
2005-06-16,1.750000,2.340000,,11.150000
2005-06-17,1.720000,2.370000,,11.480000
2005-06-20,1.740000,2.370000,,11.470000
2005-06-21,1.720000,2.340000,,11.080000
2005-06-22,1.680000,2.270000,,11.050000
2005-06-23,1.680000,2.280000,,12.130000
2005-06-24,1.650000,2.270000,,12.180000
2005-06-27,1.620000,2.280000,,12.520000
2005-06-28,1.670000,2.300000,,11.580000
2005-06-29,1.690000,2.300000,,11.770000
2005-06-30,1.670000,2.270000,,12.040000
2005-07-01,1.750000,2.310000,,11.400000
2005-07-04,,,,
2005-07-05,1.800000,2.310000,,11.680000
2005-07-06,1.780000,2.300000,,12.270000
2005-07-07,1.770000,2.280000,,12.490000
2005-07-08,1.830000,2.280000,,11.450000
2005-07-11,1.810000,2.300000,,11.280000
2005-07-12,1.830000,2.320000,,10.950000
2005-07-13,1.870000,2.300000,,10.840000
2005-07-14,1.940000,2.250000,,10.810000
2005-07-15,1.950000,2.230000,,10.330000
2005-07-18,1.980000,2.240000,,10.770000
2005-07-19,1.920000,2.280000,,10.450000
2005-07-20,1.900000,2.270000,,10.230000
2005-07-21,1.950000,2.330000,,10.970000
2005-07-22,1.890000,2.340000,,10.520000
2005-07-25,1.940000,2.310000,,11.100000
2005-07-26,1.920000,2.320000,,10.990000
2005-07-27,1.920000,2.350000,,10.360000
2005-07-28,1.860000,2.340000,,10.520000
2005-07-29,1.920000,2.360000,,11.570000
2005-08-01,1.950000,2.370000,,12.080000
2005-08-02,1.990000,2.350000,,11.750000
2005-08-03,1.930000,2.370000,,11.830000
2005-08-04,1.940000,2.380000,,12.520000
2005-08-05,2.000000,2.400000,,12.480000
2005-08-08,2.020000,2.400000,,13.210000
2005-08-09,2.020000,2.390000,,12.400000
2005-08-10,2.010000,2.390000,,12.380000
2005-08-11,1.970000,2.350000,,12.420000
2005-08-12,1.910000,2.330000,,12.740000
2005-08-15,1.920000,2.350000,,12.260000
2005-08-16,1.870000,2.360000,,13.520000
2005-08-17,1.910000,2.370000,,13.300000
2005-08-18,1.860000,2.350000,,13.420000
2005-08-19,1.850000,2.360000,,13.420000
2005-08-22,1.860000,2.360000,,13.420000
2005-08-23,1.850000,2.350000,,13.340000
2005-08-24,1.830000,2.360000,,14.170000
2005-08-25,1.800000,2.380000,,13.730000
2005-08-26,1.810000,2.390000,,13.720000
2005-08-29,1.790000,2.410000,,13.520000
2005-08-30,1.710000,2.450000,,13.650000
2005-08-31,1.650000,2.370000,,12.600000
2005-09-01,1.610000,2.410000,,13.150000
2005-09-02,1.590000,2.440000,,13.570000
2005-09-05,,,,
2005-09-06,1.650000,2.440000,,12.930000
2005-09-07,1.690000,2.460000,,12.520000
2005-09-08,1.680000,2.470000,,12.930000
2005-09-09,1.640000,2.500000,,11.980000
2005-09-12,1.690000,2.490000,,11.650000
2005-09-13,1.670000,2.470000,,12.390000
2005-09-14,1.680000,2.490000,,12.910000
2005-09-15,1.710000,2.510000,,12.490000
2005-09-16,1.730000,2.530000,,11.220000
2005-09-19,1.700000,2.550000,,12.140000
2005-09-20,1.740000,2.520000,,12.640000
2005-09-21,1.680000,2.510000,,13.790000
2005-09-22,1.670000,2.520000,,13.330000
2005-09-23,1.740000,2.510000,,12.960000
2005-09-26,1.780000,2.520000,,13.040000
2005-09-27,1.770000,2.530000,,12.760000
2005-09-28,1.730000,2.530000,,12.630000
2005-09-29,1.750000,2.540000,,12.240000
2005-09-30,1.780000,2.560000,,11.920000
2005-10-03,1.840000,2.550000,,12.460000
2005-10-04,1.870000,2.510000,,13.200000
2005-10-05,1.860000,2.500000,,14.550000
2005-10-06,1.910000,2.460000,,14.960000
2005-10-07,1.900000,2.450000,,14.590000
2005-10-10,,,,15.550000
2005-10-11,1.920000,2.470000,,15.630000
2005-10-12,1.960000,2.490000,,16.220000
2005-10-13,1.960000,2.520000,,16.470000
2005-10-14,1.980000,2.500000,,14.870000
2005-10-17,1.940000,2.560000,,14.670000
2005-10-18,1.920000,2.570000,,15.330000
2005-10-19,1.920000,2.550000,,13.500000
2005-10-20,1.920000,2.540000,,16.110000
2005-10-21,1.890000,2.500000,,16.130000
2005-10-24,1.930000,2.520000,,14.740000
2005-10-25,2.050000,2.490000,,14.530000
2005-10-26,2.060000,2.540000,,14.590000
2005-10-27,2.010000,2.560000,,16.020000
2005-10-28,2.010000,2.570000,,14.250000
2005-10-31,2.000000,2.570000,,15.320000
2005-11-01,2.000000,2.580000,,14.850000
2005-11-02,2.020000,2.590000,,13.480000
2005-11-03,2.030000,2.620000,,13.000000
2005-11-04,2.060000,2.600000,,13.170000
2005-11-07,2.030000,2.620000,,13.100000
2005-11-08,2.010000,2.560000,,13.080000
2005-11-09,2.080000,2.560000,,12.800000
2005-11-10,2.070000,2.480000,,11.900000
2005-11-11,,,,11.630000
2005-11-14,2.140000,2.470000,,12.180000
2005-11-15,2.120000,2.440000,,12.230000
2005-11-16,2.070000,2.420000,,12.260000
2005-11-17,2.040000,2.420000,,11.250000
2005-11-18,2.090000,2.410000,,11.120000
2005-11-21,2.080000,2.380000,,10.820000
2005-11-22,2.030000,2.400000,,10.600000
2005-11-23,2.080000,2.390000,,10.960000
2005-11-24,,,,
2005-11-25,2.050000,2.380000,,10.880000
2005-11-28,2.040000,2.370000,,11.840000
2005-11-29,2.110000,2.370000,,11.890000
2005-11-30,2.120000,2.370000,,12.060000
2005-12-01,2.150000,2.370000,,11.240000
2005-12-02,2.160000,2.360000,,11.010000
2005-12-05,2.170000,2.400000,,11.600000
2005-12-06,2.120000,2.370000,,11.520000
2005-12-07,2.180000,2.340000,,12.180000
2005-12-08,2.140000,2.330000,,12.210000
2005-12-09,2.180000,2.360000,,11.690000
2005-12-12,2.170000,2.390000,,11.470000
2005-12-13,2.160000,2.380000,,11.110000
2005-12-14,2.100000,2.350000,,10.480000
2005-12-15,2.120000,2.350000,,10.730000
2005-12-16,2.110000,2.340000,,10.680000
2005-12-19,2.110000,2.340000,,11.380000
2005-12-20,2.120000,2.350000,,11.190000
2005-12-21,2.140000,2.350000,,10.810000
2005-12-22,2.110000,2.330000,,10.290000
2005-12-23,2.070000,2.310000,,10.270000
2005-12-26,,,,
2005-12-27,2.050000,2.290000,,11.570000
2005-12-28,2.100000,2.280000,,11.350000
2005-12-29,2.070000,2.300000,,11.610000
2005-12-30,2.060000,2.330000,,12.070000
2006-01-02,,,101.415500,
2006-01-03,2.030000,2.340000,100.755800,11.140000
2006-01-04,2.010000,2.350000,100.228800,11.370000
2006-01-05,2.040000,2.320000,100.299200,11.310000
2006-01-06,2.050000,2.330000,100.024100,11.000000
2006-01-09,2.050000,2.330000,100.179400,11.130000
2006-01-10,2.060000,2.370000,100.143600,10.860000
2006-01-11,2.070000,2.390000,99.871000,10.940000
2006-01-12,2.010000,2.410000,100.064300,11.200000
2006-01-13,1.970000,2.390000,99.967500,11.230000
2006-01-16,,,99.971500,
2006-01-17,1.950000,2.390000,100.244700,11.910000
2006-01-18,1.970000,2.370000,100.408500,12.250000
2006-01-19,1.970000,2.410000,100.186200,11.980000
2006-01-20,1.940000,2.430000,99.901700,14.560000
2006-01-23,1.940000,2.420000,99.378300,13.930000
2006-01-24,1.970000,2.430000,99.343400,13.310000
2006-01-25,2.030000,2.460000,99.348000,12.870000
2006-01-26,2.010000,2.520000,99.479800,12.420000
2006-01-27,2.020000,2.500000,99.643300,11.970000
2006-01-30,2.030000,2.510000,99.714400,12.390000
2006-01-31,2.000000,2.530000,99.431100,12.950000
2006-02-01,2.020000,2.550000,99.613200,12.360000
2006-02-02,2.040000,2.530000,99.791600,13.230000
2006-02-03,2.000000,2.540000,100.118000,12.960000
2006-02-06,2.000000,2.550000,100.137200,13.040000
2006-02-07,2.020000,2.550000,100.175900,13.590000
2006-02-08,2.070000,2.490000,100.487900,12.830000
2006-02-09,2.050000,2.490000,100.211700,13.120000
2006-02-10,2.090000,2.500000,100.322000,12.870000
2006-02-13,2.080000,2.500000,100.395500,13.350000
2006-02-14,2.140000,2.480000,100.398700,12.250000
2006-02-15,2.130000,2.480000,100.448900,12.310000
2006-02-16,2.100000,2.490000,100.518300,11.480000
2006-02-17,2.030000,2.510000,100.340400,12.010000
2006-02-20,,,100.344700,
2006-02-21,2.040000,2.530000,100.234600,12.410000
2006-02-22,2.010000,2.520000,100.387900,11.880000
2006-02-23,2.030000,2.530000,100.195600,11.870000
2006-02-24,2.020000,2.560000,100.259400,11.460000
2006-02-27,2.040000,2.550000,100.072400,11.590000
2006-02-28,2.020000,2.530000,99.769500,12.340000
2006-03-01,2.020000,2.570000,99.835500,11.540000
2006-03-02,2.050000,2.590000,99.596900,11.720000
2006-03-03,2.070000,2.610000,99.702400,11.960000
2006-03-06,2.140000,2.600000,99.983400,12.740000
2006-03-07,2.160000,2.580000,100.564000,12.660000
2006-03-08,2.200000,2.530000,100.856500,12.320000
2006-03-09,2.200000,2.540000,100.771800,12.680000
2006-03-10,2.230000,2.530000,100.956600,11.850000
2006-03-13,2.240000,2.530000,100.856300,11.370000
2006-03-14,2.170000,2.540000,100.312000,10.740000
2006-03-15,2.180000,2.550000,100.212100,11.350000
2006-03-16,2.120000,2.530000,99.904900,11.980000
2006-03-17,2.160000,2.520000,99.861400,12.120000
2006-03-20,2.150000,2.510000,100.049100,11.790000
2006-03-21,2.230000,2.480000,100.471600,11.620000
2006-03-22,2.230000,2.470000,100.496000,11.210000
2006-03-23,2.240000,2.490000,100.825600,11.170000
2006-03-24,2.200000,2.470000,100.777300,11.190000
2006-03-27,2.230000,2.470000,100.835900,11.460000
2006-03-28,2.300000,2.490000,100.799500,11.580000
2006-03-29,2.320000,2.490000,101.047400,10.950000
2006-03-30,2.350000,2.510000,100.569800,11.570000
2006-03-31,2.350000,2.510000,100.560000,11.390000
2006-04-03,2.360000,2.520000,100.620400,11.570000
2006-04-04,2.380000,2.490000,100.131900,11.140000
2006-04-05,2.340000,2.500000,100.079200,11.130000
2006-04-06,2.380000,2.520000,100.157800,11.450000
2006-04-07,2.430000,2.540000,100.418700,12.260000
2006-04-10,2.410000,2.560000,100.409100,12.190000
2006-04-11,2.370000,2.560000,100.290300,13.000000
2006-04-12,2.410000,2.570000,100.358900,12.760000
2006-04-13,2.480000,2.570000,100.475900,12.380000
2006-04-14,,,100.469700,
2006-04-17,2.430000,2.580000,99.871900,12.580000
2006-04-18,2.380000,2.610000,99.674700,11.400000
2006-04-19,2.380000,2.660000,99.346700,11.320000
2006-04-20,2.420000,2.620000,99.497400,11.640000
2006-04-21,2.390000,2.620000,99.434500,11.590000
2006-04-24,2.390000,2.600000,99.117000,11.750000
2006-04-25,2.470000,2.600000,98.968700,11.750000
2006-04-26,2.510000,2.610000,98.890700,11.760000
2006-04-27,2.450000,2.640000,98.514900,11.840000
2006-04-28,2.390000,2.680000,98.141200,11.590000
2006-05-01,2.420000,2.720000,97.908500,12.540000
2006-05-02,2.430000,2.690000,97.657100,11.990000
2006-05-03,2.470000,2.680000,97.557200,11.990000
2006-05-04,2.490000,2.670000,97.487800,11.860000
2006-05-05,2.450000,2.670000,97.258500,11.620000
2006-05-08,2.450000,2.670000,97.194500,12.000000
2006-05-09,2.430000,2.700000,96.957800,11.990000
2006-05-10,2.430000,2.700000,96.639100,11.780000
2006-05-11,2.430000,2.710000,96.538300,12.490000
2006-05-12,2.470000,2.720000,96.878800,14.190000
2006-05-15,2.470000,2.680000,97.358800,13.570000
2006-05-16,2.440000,2.660000,97.195900,13.350000
2006-05-17,2.470000,2.690000,97.472500,16.260000
2006-05-18,2.410000,2.670000,97.703300,16.990000
2006-05-19,2.430000,2.620000,97.933000,17.180000
2006-05-22,2.430000,2.610000,97.937700,17.720000
2006-05-23,2.440000,2.630000,97.704500,18.260000
2006-05-24,2.420000,2.610000,98.393600,17.360000
2006-05-25,2.460000,2.610000,97.842300,15.500000
2006-05-26,2.440000,2.620000,97.899500,14.260000
2006-05-29,,,97.893600,
2006-05-30,2.450000,2.640000,97.588000,18.660000
2006-05-31,2.480000,2.640000,97.770500,16.440000
2006-06-01,2.460000,2.650000,97.772600,14.520000
2006-06-02,2.370000,2.630000,97.554400,14.320000
2006-06-05,2.400000,2.620000,97.368100,16.650000
2006-06-06,2.440000,2.570000,98.144900,17.340000
2006-06-07,2.480000,2.540000,98.164100,17.800000
2006-06-08,2.470000,2.530000,98.931300,18.350000
2006-06-09,2.450000,2.530000,98.547100,18.120000
2006-06-12,2.450000,2.540000,98.549400,20.960000
2006-06-13,2.440000,2.530000,98.920100,23.810000
2006-06-14,2.500000,2.550000,98.833800,21.460000
2006-06-15,2.520000,2.580000,98.884600,15.900000
2006-06-16,2.540000,2.590000,98.912700,17.250000
2006-06-19,2.580000,2.560000,99.145000,17.830000
2006-06-20,2.580000,2.570000,99.011700,16.690000
2006-06-21,2.590000,2.570000,98.554400,15.520000
2006-06-22,2.610000,2.590000,99.085600,15.880000
2006-06-23,2.640000,2.590000,99.421600,15.890000
2006-06-26,2.670000,2.580000,99.363400,15.620000
2006-06-27,2.630000,2.580000,99.219000,16.400000
2006-06-28,2.680000,2.570000,99.392000,15.790000
2006-06-29,2.610000,2.610000,99.215800,13.030000
2006-06-30,2.540000,2.610000,98.248300,13.080000
2006-07-03,2.560000,2.590000,98.037100,13.050000
2006-07-04,,,98.022100,
2006-07-05,2.630000,2.600000,98.308000,14.150000
2006-07-06,2.590000,2.600000,98.138000,13.650000
2006-07-07,2.550000,2.590000,97.750800,13.970000
2006-07-10,2.560000,2.570000,97.981300,14.020000
2006-07-11,2.530000,2.570000,98.213200,13.140000
2006-07-12,2.540000,2.560000,98.520200,14.490000
2006-07-13,2.510000,2.570000,98.558300,17.790000
2006-07-14,2.500000,2.570000,98.681400,18.050000
2006-07-17,2.490000,2.580000,99.076700,18.640000
2006-07-18,2.550000,2.580000,99.134100,17.740000
2006-07-19,2.490000,2.570000,98.926200,15.550000
2006-07-20,2.450000,2.580000,98.601400,16.210000
2006-07-21,2.490000,2.560000,98.522100,17.400000
2006-07-24,2.490000,2.560000,98.779500,14.980000
2006-07-25,2.480000,2.590000,98.938800,14.850000
2006-07-26,2.440000,2.600000,98.742000,14.620000
2006-07-27,2.470000,2.600000,98.228300,14.940000
2006-07-28,2.410000,2.590000,98.053900,14.330000
2006-07-31,2.410000,2.580000,97.999600,14.950000
2006-08-01,2.400000,2.590000,98.171500,15.050000
2006-08-02,2.360000,2.600000,97.943200,14.340000
2006-08-03,2.350000,2.610000,98.069400,14.460000
2006-08-04,2.300000,2.610000,97.600500,14.340000
2006-08-07,2.290000,2.640000,97.508800,15.230000
2006-08-08,2.270000,2.660000,97.652400,15.230000
2006-08-09,2.280000,2.640000,97.440200,15.200000
2006-08-10,2.300000,2.630000,97.888700,14.460000
2006-08-11,2.330000,2.640000,97.786300,14.300000
2006-08-14,2.360000,2.640000,97.967700,14.260000
2006-08-15,2.320000,2.610000,97.804300,13.420000
2006-08-16,2.280000,2.590000,97.389400,12.410000
2006-08-17,2.280000,2.590000,97.348600,12.240000
2006-08-18,2.260000,2.580000,97.757700,11.640000
2006-08-21,2.230000,2.590000,97.385600,12.220000
2006-08-22,2.220000,2.600000,97.607900,12.190000
2006-08-23,2.250000,2.570000,97.573100,12.400000
2006-08-24,2.280000,2.530000,97.793900,12.400000
2006-08-25,2.240000,2.550000,97.882700,12.310000
2006-08-28,2.280000,2.520000,97.846700,12.180000
2006-08-29,2.290000,2.500000,97.774800,12.280000
2006-08-30,2.280000,2.480000,97.579200,12.220000
2006-08-31,2.240000,2.500000,97.644000,12.310000
2006-09-01,2.250000,2.480000,97.508400,11.960000
2006-09-04,,,97.498100,
2006-09-05,2.310000,2.470000,97.439200,12.630000
2006-09-06,2.320000,2.480000,97.608700,13.740000
2006-09-07,2.340000,2.460000,97.810800,13.880000
2006-09-08,2.350000,2.430000,98.211900,13.160000
2006-09-11,2.380000,2.420000,98.384500,12.990000
2006-09-12,2.360000,2.420000,98.278100,11.920000
2006-09-13,2.350000,2.420000,98.177500,11.180000
2006-09-14,2.350000,2.440000,98.008800,11.550000
2006-09-15,2.380000,2.420000,98.210400,11.760000
2006-09-18,2.390000,2.420000,98.133200,11.780000
2006-09-19,2.350000,2.390000,98.170300,11.980000
2006-09-20,2.390000,2.340000,98.155600,11.390000
2006-09-21,2.310000,2.340000,97.945800,12.250000
2006-09-22,2.270000,2.330000,97.866700,12.590000
2006-09-25,2.240000,2.320000,97.990900,12.120000
2006-09-26,2.250000,2.340000,98.055500,11.530000
2006-09-27,2.260000,2.340000,98.010700,11.580000
2006-09-28,2.270000,2.360000,98.038100,11.720000
2006-09-29,2.270000,2.370000,98.105400,11.980000
2006-10-02,2.270000,2.350000,97.924700,12.570000
2006-10-03,2.290000,2.330000,98.126700,12.240000
2006-10-04,2.270000,2.300000,98.368200,11.860000
2006-10-05,2.310000,2.300000,98.277600,11.980000
2006-10-06,2.370000,2.330000,98.561900,11.560000
2006-10-09,,,98.570200,11.680000
2006-10-10,2.420000,2.330000,98.912500,11.520000
2006-10-11,2.450000,2.330000,98.914600,11.620000
2006-10-12,2.440000,2.350000,98.831000,11.090000
2006-10-13,2.470000,2.340000,98.800200,10.750000
2006-10-16,2.450000,2.340000,98.710000,11.090000
2006-10-17,2.460000,2.320000,98.535400,11.730000
2006-10-18,2.460000,2.310000,98.616400,11.340000
2006-10-19,2.490000,2.300000,98.289700,10.900000
2006-10-20,2.490000,2.300000,98.162900,10.630000
2006-10-23,2.530000,2.300000,98.448300,11.080000
2006-10-24,2.520000,2.310000,98.349000,10.780000
2006-10-25,2.440000,2.340000,98.205700,10.660000
2006-10-26,2.410000,2.320000,97.890700,10.560000
2006-10-27,2.370000,2.310000,97.491400,10.800000
2006-10-30,2.390000,2.290000,97.567200,11.200000
2006-10-31,2.340000,2.270000,97.390100,11.100000
2006-11-01,2.290000,2.280000,97.494900,11.510000
2006-11-02,2.320000,2.280000,97.655600,11.420000
2006-11-03,2.400000,2.320000,97.720900,11.160000
2006-11-06,2.360000,2.350000,97.806000,11.160000
2006-11-07,2.320000,2.340000,97.445300,11.090000
2006-11-08,2.290000,2.350000,97.580000,10.750000
2006-11-09,2.280000,2.340000,97.504100,11.010000
2006-11-10,2.250000,2.340000,97.463800,10.790000
2006-11-13,2.290000,2.320000,97.790400,10.860000
2006-11-14,2.280000,2.290000,97.747500,10.500000
2006-11-15,2.300000,2.310000,97.835900,10.310000
2006-11-16,2.380000,2.280000,97.809800,10.160000
2006-11-17,2.330000,2.280000,97.985500,10.050000
2006-11-20,2.330000,2.270000,98.025400,9.970000
2006-11-21,2.310000,2.270000,98.021500,9.900000
2006-11-22,2.300000,2.270000,97.531500,10.140000
2006-11-23,,,97.531400,
2006-11-24,2.270000,2.280000,97.065700,10.730000
2006-11-27,2.240000,2.300000,96.998600,12.300000
2006-11-28,2.210000,2.300000,96.842800,11.620000
2006-11-29,2.220000,2.300000,96.857700,10.830000
2006-11-30,2.160000,2.300000,96.577900,10.910000
2006-12-01,2.100000,2.330000,96.458500,11.660000
2006-12-04,2.110000,2.320000,96.431900,11.230000
2006-12-05,2.110000,2.340000,96.208200,11.270000
2006-12-06,2.140000,2.340000,96.283900,11.330000
2006-12-07,2.150000,2.340000,96.320700,12.670000
2006-12-08,2.210000,2.350000,96.612300,12.070000
2006-12-11,2.170000,2.350000,96.664600,10.710000
2006-12-12,2.150000,2.340000,96.711900,10.650000
2006-12-13,2.220000,2.360000,96.729600,10.180000
2006-12-14,2.230000,2.370000,96.794600,9.970000
2006-12-15,2.290000,2.310000,96.985700,10.050000
2006-12-18,2.310000,2.290000,97.155900,10.600000
2006-12-19,2.310000,2.290000,96.931300,10.300000
2006-12-20,2.320000,2.280000,96.776200,10.260000
2006-12-21,2.290000,2.260000,96.914800,10.530000
2006-12-22,2.350000,2.280000,97.111300,11.360000
2006-12-25,,,97.122100,
2006-12-26,2.340000,2.270000,97.178600,11.260000
2006-12-27,2.390000,2.270000,97.207600,10.640000
2006-12-28,2.410000,2.290000,97.065600,10.990000
2006-12-29,2.410000,2.300000,97.031200,11.560000
2007-01-01,,,97.032300,
2007-01-02,2.380000,2.300000,,
2007-01-03,2.360000,2.310000,97.128100,12.040000
2007-01-04,2.360000,2.260000,97.525100,11.510000
2007-01-05,2.380000,2.270000,97.780100,12.140000
2007-01-08,2.380000,2.280000,97.788000,12.000000
2007-01-09,2.390000,2.270000,97.964200,11.910000
2007-01-10,2.420000,2.270000,98.094300,11.470000
2007-01-11,2.430000,2.310000,98.084500,10.870000
2007-01-12,2.490000,2.280000,97.921000,10.150000
2007-01-15,,,97.920100,
2007-01-16,2.480000,2.270000,97.981600,10.740000
2007-01-17,2.500000,2.290000,97.750900,10.590000
2007-01-18,2.470000,2.280000,97.828600,10.850000
2007-01-19,2.470000,2.310000,97.686800,10.400000
2007-01-22,2.440000,2.320000,97.827000,10.770000
2007-01-23,2.460000,2.350000,97.811700,10.340000
2007-01-24,2.440000,2.370000,97.908000,9.890000
2007-01-25,2.480000,2.390000,97.839600,11.220000
2007-01-26,2.480000,2.400000,98.149100,11.130000
2007-01-29,2.500000,2.400000,98.206600,11.450000
2007-01-30,2.460000,2.420000,98.151500,10.960000
2007-01-31,2.400000,2.430000,97.964000,10.420000
2007-02-01,2.420000,2.420000,97.710100,10.310000
2007-02-02,2.420000,2.410000,97.974300,10.080000
2007-02-05,2.410000,2.400000,97.870000,10.550000
2007-02-06,2.400000,2.370000,97.735700,10.650000
2007-02-07,2.400000,2.340000,97.723900,10.320000
2007-02-08,2.390000,2.340000,97.816900,10.440000
2007-02-09,2.430000,2.360000,97.707600,11.100000
2007-02-12,2.460000,2.340000,97.940900,11.610000
2007-02-13,2.460000,2.360000,97.706300,10.340000
2007-02-14,2.380000,2.360000,97.277900,10.230000
2007-02-15,2.380000,2.320000,97.158800,10.220000
2007-02-16,2.360000,2.330000,97.164000,10.020000
2007-02-19,,,97.154500,
2007-02-20,2.360000,2.320000,97.321000,10.240000
2007-02-21,2.330000,2.360000,97.270000,10.200000
2007-02-22,2.350000,2.380000,97.266000,10.180000
2007-02-23,2.300000,2.380000,97.175600,10.580000
2007-02-26,2.260000,2.370000,97.228100,11.150000
2007-02-27,2.140000,2.360000,97.088300,18.310000
2007-02-28,2.200000,2.360000,97.238600,15.420000
2007-03-01,2.190000,2.370000,97.335800,15.820000
2007-03-02,2.150000,2.370000,97.369100,18.610000
2007-03-05,2.170000,2.340000,97.671600,19.630000
2007-03-06,2.190000,2.340000,97.512300,15.960000
2007-03-07,2.160000,2.340000,97.455800,15.240000
2007-03-08,2.170000,2.340000,97.573100,14.290000
2007-03-09,2.250000,2.340000,97.455900,14.090000
2007-03-12,2.220000,2.340000,97.301300,13.990000
2007-03-13,2.150000,2.350000,97.220300,18.130000
2007-03-14,2.180000,2.350000,97.275900,17.270000
2007-03-15,2.170000,2.370000,97.247600,16.430000
2007-03-16,2.160000,2.390000,97.040700,16.790000
2007-03-19,2.180000,2.400000,97.106200,14.590000
2007-03-20,2.170000,2.390000,96.798500,13.270000
2007-03-21,2.140000,2.390000,96.619500,12.190000
2007-03-22,2.170000,2.430000,96.389300,12.930000
2007-03-23,2.190000,2.430000,96.566200,12.950000
2007-03-26,2.160000,2.440000,96.549300,13.160000
2007-03-27,2.160000,2.460000,96.455800,13.480000
2007-03-28,2.170000,2.450000,96.489400,14.980000
2007-03-29,2.180000,2.460000,96.506700,15.140000
2007-03-30,2.210000,2.440000,96.318300,14.640000
2007-04-02,2.210000,2.440000,96.317500,14.530000
2007-04-03,2.250000,2.420000,96.377400,13.460000
2007-04-04,2.230000,2.430000,96.364600,13.240000
2007-04-05,2.220000,2.460000,96.118800,13.230000
2007-04-06,2.270000,2.490000,96.252600,
2007-04-09,2.270000,2.480000,96.293000,13.140000
2007-04-10,2.270000,2.460000,96.117900,12.680000
2007-04-11,2.280000,2.460000,96.029300,13.490000
2007-04-12,2.280000,2.460000,95.799900,12.710000
2007-04-13,2.310000,2.450000,95.711000,12.200000
2007-04-16,2.300000,2.440000,95.553800,11.980000
2007-04-17,2.290000,2.400000,95.383200,12.140000
2007-04-18,2.260000,2.400000,95.310900,12.420000
2007-04-19,2.270000,2.410000,95.271200,12.540000
2007-04-20,2.270000,2.410000,95.169200,12.070000
2007-04-23,2.250000,2.410000,95.183300,13.040000
2007-04-24,2.210000,2.420000,95.160800,13.120000
2007-04-25,2.220000,2.440000,94.849700,13.210000
2007-04-26,2.260000,2.430000,95.165300,12.790000
2007-04-27,2.250000,2.460000,95.010300,12.450000
2007-04-30,2.200000,2.430000,94.836500,14.220000
2007-05-01,2.190000,2.450000,95.003700,13.510000
2007-05-02,2.220000,2.430000,95.035200,13.080000
2007-05-03,2.250000,2.430000,95.016700,13.090000
2007-05-04,2.240000,2.410000,94.911800,12.910000
2007-05-07,2.270000,2.370000,94.691400,13.150000
2007-05-08,2.270000,2.360000,94.864800,13.210000
2007-05-09,2.290000,2.380000,94.793300,12.880000
2007-05-10,2.270000,2.380000,94.950600,13.600000
2007-05-11,2.300000,2.370000,95.003500,12.950000
2007-05-14,2.320000,2.370000,94.826700,13.960000
2007-05-15,2.370000,2.340000,94.557400,14.010000
2007-05-16,2.380000,2.330000,94.814300,13.500000
2007-05-17,2.410000,2.350000,94.833900,13.510000
2007-05-18,2.460000,2.350000,94.657300,12.760000
2007-05-21,2.430000,2.360000,94.702600,13.300000
2007-05-22,2.480000,2.350000,94.575300,13.060000
2007-05-23,2.500000,2.360000,94.455700,13.240000
2007-05-24,2.480000,2.380000,94.702500,14.080000
2007-05-25,2.490000,2.370000,94.502200,13.340000
2007-05-28,,,94.495900,
2007-05-29,2.540000,2.340000,94.353300,13.530000
2007-05-30,2.520000,2.360000,94.549000,12.830000
2007-05-31,2.540000,2.360000,94.321500,13.050000
2007-06-01,2.570000,2.380000,94.132000,12.780000
2007-06-04,2.550000,2.380000,93.996900,13.290000
2007-06-05,2.600000,2.380000,93.998600,13.630000
2007-06-06,2.580000,2.390000,94.121700,14.870000
2007-06-07,2.700000,2.410000,94.353700,17.060000
2007-06-08,2.690000,2.430000,94.759900,14.840000
2007-06-11,2.720000,2.420000,94.657600,14.710000
2007-06-12,2.830000,2.430000,94.699100,16.670000
2007-06-13,2.750000,2.450000,94.901100,14.730000
2007-06-14,2.770000,2.460000,94.902900,13.640000
2007-06-15,2.730000,2.430000,94.622800,13.940000
2007-06-18,2.730000,2.420000,94.547500,13.420000
2007-06-19,2.670000,2.420000,94.322700,12.850000
2007-06-20,2.730000,2.410000,94.361800,14.670000
2007-06-21,2.740000,2.420000,94.607300,14.210000
2007-06-22,2.700000,2.440000,94.437100,15.750000
2007-06-25,2.670000,2.420000,94.510500,16.650000
2007-06-26,2.700000,2.400000,94.467800,18.890000
2007-06-27,2.700000,2.390000,94.563300,15.530000
2007-06-28,2.730000,2.390000,94.239500,15.540000
2007-06-29,2.650000,2.380000,94.139300,16.230000
2007-07-02,2.610000,2.390000,93.634000,15.400000
2007-07-03,2.680000,2.370000,93.697000,14.920000
2007-07-04,,,93.696500,
2007-07-05,2.760000,2.400000,93.765300,15.480000
2007-07-06,2.790000,2.400000,93.575900,14.720000
2007-07-09,2.750000,2.410000,93.551900,15.160000
2007-07-10,2.640000,2.390000,93.333900,17.570000
2007-07-11,2.710000,2.380000,93.308900,16.640000
2007-07-12,2.740000,2.390000,93.119800,15.540000
2007-07-13,2.730000,2.380000,93.013300,15.150000
2007-07-16,2.690000,2.360000,92.909400,15.590000
2007-07-17,2.730000,2.350000,92.909500,15.630000
2007-07-18,2.640000,2.380000,92.795900,16.000000
2007-07-19,2.650000,2.390000,92.733200,15.230000
2007-07-20,2.600000,2.360000,92.717900,16.950000
2007-07-23,2.630000,2.340000,92.658500,16.810000
2007-07-24,2.580000,2.360000,92.505000,18.550000
2007-07-25,2.560000,2.360000,92.918900,18.100000
2007-07-26,2.470000,2.320000,93.118600,20.740000
2007-07-27,2.480000,2.320000,93.548500,24.170000
2007-07-30,2.490000,2.330000,93.591800,20.870000
2007-07-31,2.440000,2.340000,93.426400,23.520000
2007-08-01,2.440000,2.320000,93.401100,23.670000
2007-08-02,2.460000,2.310000,93.303800,21.220000
2007-08-03,2.440000,2.270000,93.103900,25.160000
2007-08-06,2.460000,2.260000,93.111200,22.940000
2007-08-07,2.510000,2.260000,93.317100,21.560000
2007-08-08,2.580000,2.260000,93.098900,21.450000
2007-08-09,2.540000,2.250000,93.441000,26.480000
2007-08-10,2.560000,2.250000,93.521400,28.300000
2007-08-13,2.520000,2.260000,93.603200,26.570000
2007-08-14,2.490000,2.240000,94.041600,27.680000
2007-08-15,2.460000,2.230000,94.501400,30.670000
2007-08-16,2.390000,2.210000,94.905500,30.830000
2007-08-17,2.450000,2.230000,94.319000,29.990000
2007-08-20,2.440000,2.200000,94.213800,26.330000
2007-08-21,2.380000,2.220000,94.267600,25.250000
2007-08-22,2.420000,2.210000,94.099800,22.890000
2007-08-23,2.390000,2.230000,93.982700,22.620000
2007-08-24,2.400000,2.230000,93.686300,20.720000
2007-08-27,2.380000,2.220000,93.610900,22.720000
2007-08-28,2.330000,2.200000,93.839400,26.300000
2007-08-29,2.380000,2.190000,93.717400,23.810000
2007-08-30,2.320000,2.190000,93.732400,25.060000
2007-08-31,2.340000,2.200000,93.667400,23.380000
2007-09-03,,,93.669100,
2007-09-04,2.360000,2.200000,93.643300,22.780000
2007-09-05,2.290000,2.190000,93.545300,24.580000
2007-09-06,2.320000,2.190000,93.446800,23.990000
2007-09-07,2.190000,2.190000,93.293900,26.230000
2007-09-10,2.140000,2.200000,93.234900,27.380000
2007-09-11,2.160000,2.210000,92.924400,25.270000
2007-09-12,2.180000,2.230000,92.638600,24.960000
2007-09-13,2.240000,2.250000,92.617200,24.760000
2007-09-14,2.200000,2.270000,92.708300,24.920000
2007-09-17,2.210000,2.270000,92.823000,26.480000
2007-09-18,2.190000,2.310000,92.658400,20.350000
2007-09-19,2.210000,2.320000,92.153400,20.030000
2007-09-20,2.340000,2.350000,91.421200,20.450000
2007-09-21,2.310000,2.330000,91.485400,19.000000
2007-09-24,2.330000,2.300000,91.401700,19.370000
2007-09-25,2.340000,2.290000,91.339200,18.600000
2007-09-26,2.340000,2.290000,91.433500,17.630000
2007-09-27,2.270000,2.310000,91.349700,17.000000
2007-09-28,2.270000,2.320000,90.944600,18.000000
2007-10-01,2.260000,2.300000,90.880100,17.840000
2007-10-02,2.230000,2.310000,91.120000,18.490000
2007-10-03,2.250000,2.300000,91.103800,18.800000
2007-10-04,2.240000,2.300000,91.163200,18.440000
2007-10-05,2.340000,2.310000,90.739300,16.910000
2007-10-08,,,90.748000,17.460000
2007-10-09,2.340000,2.330000,90.860900,16.120000
2007-10-10,2.330000,2.320000,90.715400,16.670000
2007-10-11,2.320000,2.340000,90.490100,18.880000
2007-10-12,2.360000,2.340000,90.594500,17.730000
2007-10-15,2.340000,2.350000,90.538700,19.250000
2007-10-16,2.310000,2.350000,90.712300,20.020000
2007-10-17,2.220000,2.350000,90.515000,18.540000
2007-10-18,2.200000,2.320000,90.308400,18.500000
2007-10-19,2.090000,2.320000,90.101400,22.960000
2007-10-22,2.110000,2.310000,90.677700,21.640000
2007-10-23,2.110000,2.300000,90.189900,20.410000
2007-10-24,2.070000,2.290000,90.226200,20.800000
2007-10-25,2.040000,2.330000,89.992500,21.170000
2007-10-26,2.050000,2.360000,89.650800,19.560000
2007-10-29,2.040000,2.350000,89.411800,19.870000
2007-10-30,2.060000,2.340000,89.325200,21.070000
2007-10-31,2.140000,2.340000,89.138900,18.530000
2007-11-01,2.000000,2.360000,89.162800,23.210000
2007-11-02,1.920000,2.390000,88.892400,23.010000
2007-11-05,1.940000,2.410000,88.885100,24.310000
2007-11-06,1.930000,2.450000,88.493800,21.390000
2007-11-07,1.910000,2.430000,88.063100,26.490000
2007-11-08,1.880000,2.400000,88.263100,26.160000
2007-11-09,1.820000,2.410000,88.461500,28.500000
2007-11-12,,,88.465000,31.090000
2007-11-13,1.860000,2.400000,89.101600,24.100000
2007-11-14,1.880000,2.400000,88.967100,25.940000
2007-11-15,1.810000,2.360000,89.441300,28.060000
2007-11-16,1.800000,2.350000,89.318200,25.490000
2007-11-19,1.700000,2.370000,89.526200,26.010000
2007-11-20,1.680000,2.380000,89.262200,24.880000
2007-11-21,1.620000,2.380000,89.335200,26.840000
2007-11-22,,,89.326900,
2007-11-23,1.630000,2.380000,89.238400,25.610000
2007-11-26,1.450000,2.380000,89.145000,28.910000
2007-11-27,1.580000,2.370000,89.408200,26.280000
2007-11-28,1.710000,2.320000,89.419500,24.110000
2007-11-29,1.610000,2.330000,89.368100,23.970000
2007-11-30,1.630000,2.340000,89.621200,22.870000
2007-12-03,1.570000,2.320000,89.640300,23.610000
2007-12-04,1.590000,2.300000,89.667200,23.790000
2007-12-05,1.660000,2.260000,89.875100,22.530000
2007-12-06,1.770000,2.250000,89.926800,20.960000
2007-12-07,1.860000,2.260000,89.740000,20.850000
2007-12-10,1.890000,2.260000,89.681100,20.740000
2007-12-11,1.730000,2.250000,89.717600,23.590000
2007-12-12,1.780000,2.270000,89.734900,22.470000
2007-12-13,1.870000,2.310000,90.137400,22.560000
2007-12-14,1.900000,2.340000,90.434500,23.270000
2007-12-17,1.860000,2.340000,90.536300,24.520000
2007-12-18,1.800000,2.340000,90.560200,22.640000
2007-12-19,1.730000,2.330000,90.614700,21.680000
2007-12-20,1.740000,2.300000,90.469500,20.580000
2007-12-21,1.840000,2.340000,90.367200,18.470000
2007-12-24,1.880000,2.350000,90.178800,18.600000
2007-12-25,,,90.178600,
2007-12-26,1.950000,2.350000,89.922600,18.660000
2007-12-27,1.850000,2.360000,89.684000,20.260000
2007-12-28,1.780000,2.330000,89.406900,20.740000
2007-12-31,1.730000,2.310000,89.630400,22.500000
2008-01-01,,,89.629700,
2008-01-02,1.590000,2.320000,89.351400,23.170000
2008-01-03,1.580000,2.330000,89.231000,22.490000
2008-01-04,1.560000,2.320000,89.246700,23.940000
2008-01-07,1.570000,2.290000,89.571800,23.790000
2008-01-08,1.570000,2.290000,89.339800,25.430000
2008-01-09,1.560000,2.260000,89.680700,24.120000
2008-01-10,1.680000,2.230000,89.622600,23.450000
2008-01-11,1.560000,2.260000,89.521500,23.680000
2008-01-14,1.530000,2.280000,89.274900,22.900000
2008-01-15,1.450000,2.270000,89.155500,23.340000
2008-01-16,1.500000,2.240000,89.670100,24.380000
2008-01-17,1.430000,2.230000,89.648400,28.460000
2008-01-18,1.420000,2.240000,89.899300,27.180000
2008-01-21,,,89.926500,
2008-01-22,1.280000,2.240000,89.840000,31.010000
2008-01-23,1.310000,2.200000,89.913800,29.020000
2008-01-24,1.440000,2.240000,89.203000,27.780000
2008-01-25,1.340000,2.270000,89.218400,29.080000
2008-01-28,1.330000,2.280000,88.955500,27.780000
2008-01-29,1.370000,2.320000,88.834200,27.320000
2008-01-30,1.450000,2.330000,88.744200,27.620000
2008-01-31,1.330000,2.340000,88.654700,26.200000
2008-02-01,1.310000,2.310000,88.482400,24.020000
2008-02-04,1.380000,2.300000,88.478800,25.990000
2008-02-05,1.340000,2.270000,89.076000,28.240000
2008-02-06,1.360000,2.250000,88.998700,28.970000
2008-02-07,1.470000,2.270000,89.422100,27.660000
2008-02-08,1.360000,2.280000,89.222600,28.010000
2008-02-11,1.320000,2.300000,89.214900,27.600000
2008-02-12,1.360000,2.300000,88.953900,26.330000
2008-02-13,1.420000,2.280000,89.138200,24.880000
2008-02-14,1.570000,2.280000,88.905500,25.540000
2008-02-15,1.480000,2.280000,88.900600,25.020000
2008-02-18,,,88.900400,
2008-02-19,1.560000,2.330000,88.962600,25.590000
2008-02-20,1.550000,2.380000,89.257200,24.400000
2008-02-21,1.430000,2.340000,88.716000,25.120000
2008-02-22,1.440000,2.350000,88.708200,24.060000
2008-02-25,1.530000,2.380000,88.537300,23.030000
2008-02-26,1.440000,2.440000,88.099800,21.900000
2008-02-27,1.420000,2.430000,87.335300,22.690000
2008-02-28,1.260000,2.450000,87.036300,23.530000
2008-02-29,1.100000,2.430000,87.165400,26.540000
2008-03-03,1.080000,2.460000,87.238100,26.280000
2008-03-04,1.150000,2.480000,87.303900,25.520000
2008-03-05,1.160000,2.540000,87.134700,24.600000
2008-03-06,1.070000,2.550000,86.910500,27.550000
2008-03-07,1.010000,2.550000,87.125800,27.490000
2008-03-10,0.900000,2.560000,87.145200,29.380000
2008-03-11,1.050000,2.550000,87.176300,26.360000
2008-03-12,0.950000,2.540000,86.728000,27.220000
2008-03-13,1.050000,2.510000,86.389100,27.290000
2008-03-14,1.010000,2.430000,86.430100,31.160000
2008-03-17,1.050000,2.290000,86.341700,32.240000
2008-03-18,1.080000,2.400000,86.119100,25.790000
2008-03-19,1.040000,2.340000,86.575500,29.840000
2008-03-20,1.020000,2.320000,87.329300,26.620000
2008-03-21,,,87.211100,
2008-03-24,1.240000,2.320000,87.310300,25.730000
2008-03-25,1.250000,2.260000,86.833900,25.720000
2008-03-26,1.240000,2.270000,86.551300,26.080000
2008-03-27,1.230000,2.330000,86.458300,25.880000
2008-03-28,1.130000,2.340000,86.636900,25.710000
2008-03-31,1.110000,2.340000,86.688100,25.610000
2008-04-01,1.220000,2.350000,87.027600,22.680000
2008-04-02,1.260000,2.340000,86.888600,23.430000
2008-04-03,1.280000,2.330000,86.642400,23.210000
2008-04-04,1.180000,2.320000,86.510800,22.450000
2008-04-07,1.230000,2.340000,86.603000,22.420000
2008-04-08,1.260000,2.320000,86.736900,22.360000
2008-04-09,1.190000,2.300000,86.576400,22.810000
2008-04-10,1.260000,2.290000,86.513100,21.980000
2008-04-11,1.190000,2.300000,86.502900,23.460000
2008-04-14,1.230000,2.300000,86.349200,23.820000
2008-04-15,1.280000,2.320000,86.470500,22.780000
2008-04-16,1.410000,2.310000,85.903700,20.530000
2008-04-17,1.440000,2.310000,86.107700,20.370000
2008-04-18,1.450000,2.320000,86.527700,20.130000
2008-04-21,1.440000,2.310000,86.297900,20.500000
2008-04-22,1.430000,2.310000,85.927000,20.870000
2008-04-23,1.440000,2.330000,86.384100,20.260000
2008-04-24,1.560000,2.310000,86.715400,20.060000
2008-04-25,1.600000,2.310000,86.833700,19.590000
2008-04-28,1.560000,2.300000,86.763500,19.640000
2008-04-29,1.560000,2.290000,86.873000,20.240000
2008-04-30,1.500000,2.270000,86.890700,20.790000
2008-05-01,1.520000,2.260000,87.134700,18.880000
2008-05-02,1.530000,2.360000,87.231100,18.180000
2008-05-05,1.530000,2.350000,87.063600,18.900000
2008-05-06,1.550000,2.380000,86.847000,18.210000
2008-05-07,1.510000,2.360000,87.342100,19.730000
2008-05-08,1.430000,2.360000,87.457500,19.400000
2008-05-09,1.390000,2.380000,87.252800,19.410000
2008-05-12,1.410000,2.370000,87.040300,17.790000
2008-05-13,1.510000,2.390000,87.133200,17.980000
2008-05-14,1.490000,2.430000,87.365900,17.660000
2008-05-15,1.400000,2.430000,87.182300,16.300000
2008-05-16,1.410000,2.440000,86.785500,16.470000
2008-05-19,1.360000,2.470000,86.822500,17.010000
2008-05-20,1.310000,2.470000,86.562700,17.580000
2008-05-21,1.300000,2.510000,86.159500,18.590000
2008-05-22,1.410000,2.510000,86.322300,18.050000
2008-05-23,1.360000,2.490000,86.192200,19.550000
2008-05-26,,,86.190000,
2008-05-27,1.460000,2.470000,86.445900,19.640000
2008-05-28,1.580000,2.450000,86.495100,19.070000
2008-05-29,1.620000,2.460000,86.561600,18.140000
2008-05-30,1.580000,2.480000,86.550400,17.830000
2008-06-02,1.510000,2.470000,86.632100,19.830000
2008-06-03,1.510000,2.410000,86.835900,20.240000
2008-06-04,1.590000,2.390000,87.099900,20.800000
2008-06-05,1.630000,2.430000,87.096800,18.630000
2008-06-06,1.470000,2.470000,86.802800,23.560000
2008-06-09,1.540000,2.480000,86.909600,23.120000
2008-06-10,1.620000,2.490000,87.470500,23.180000
2008-06-11,1.620000,2.480000,87.205900,24.120000
2008-06-12,1.730000,2.500000,87.618700,23.330000
2008-06-13,1.770000,2.500000,87.762200,21.220000
2008-06-16,1.760000,2.490000,87.391100,20.950000
2008-06-17,1.750000,2.480000,87.210300,21.130000
2008-06-18,1.680000,2.480000,87.187200,22.240000
2008-06-19,1.750000,2.470000,87.081500,21.580000
2008-06-20,1.720000,2.440000,86.903600,22.870000
2008-06-23,1.750000,2.440000,87.216300,22.640000
2008-06-24,1.640000,2.460000,86.966600,22.420000
2008-06-25,1.650000,2.470000,87.053500,21.140000
2008-06-26,1.550000,2.520000,86.679300,23.930000
2008-06-27,1.480000,2.510000,86.643000,23.440000
2008-06-30,1.480000,2.510000,86.762100,23.950000
2008-07-01,1.490000,2.520000,86.844700,23.650000
2008-07-02,1.430000,2.560000,86.478200,25.920000
2008-07-03,1.420000,2.570000,86.884300,24.790000
2008-07-04,,,86.878100,
2008-07-07,1.430000,2.520000,86.961700,25.780000
2008-07-08,1.450000,2.460000,86.977800,23.150000
2008-07-09,1.390000,2.460000,86.533500,25.230000
2008-07-10,1.400000,2.430000,86.512200,25.590000
2008-07-11,1.480000,2.480000,86.221000,27.490000
2008-07-14,1.430000,2.470000,86.107900,28.480000
2008-07-15,1.400000,2.470000,85.873100,28.540000
2008-07-16,1.480000,2.490000,85.928500,25.100000
2008-07-17,1.600000,2.470000,85.938700,25.010000
2008-07-18,1.650000,2.460000,86.073500,24.050000
2008-07-21,1.660000,2.430000,86.015100,23.050000
2008-07-22,1.710000,2.430000,86.190900,21.180000
2008-07-23,1.800000,2.360000,86.266400,21.310000
2008-07-24,1.690000,2.340000,86.401700,23.440000
2008-07-25,1.790000,2.340000,86.391600,22.910000
2008-07-28,1.700000,2.360000,86.466600,24.230000
2008-07-29,1.760000,2.330000,86.817500,22.030000
2008-07-30,1.710000,2.360000,86.816700,21.210000
2008-07-31,1.650000,2.340000,86.856700,22.940000
2008-08-01,1.630000,2.340000,86.825700,22.570000
2008-08-04,1.640000,2.340000,87.061100,23.490000
2008-08-05,1.740000,2.300000,87.328100,21.140000
2008-08-06,1.790000,2.270000,87.600400,20.230000
2008-08-07,1.680000,2.240000,87.873200,21.150000
2008-08-08,1.720000,2.220000,88.893900,20.660000
2008-08-11,1.800000,2.190000,89.035000,20.120000
2008-08-12,1.720000,2.190000,89.191600,21.170000
2008-08-13,1.750000,2.190000,89.321100,21.550000
2008-08-14,1.670000,2.220000,89.367500,20.340000
2008-08-15,1.660000,2.180000,89.724400,19.580000
2008-08-18,1.670000,2.150000,89.596600,20.980000
2008-08-19,1.680000,2.150000,89.646500,21.280000
2008-08-20,1.600000,2.190000,89.697700,20.420000
2008-08-21,1.610000,2.230000,88.912800,19.820000
2008-08-22,1.690000,2.180000,89.238100,18.810000
2008-08-25,1.640000,2.150000,89.309400,20.970000
2008-08-26,1.630000,2.160000,89.700700,20.490000
2008-08-27,1.580000,2.190000,89.641900,19.760000
2008-08-28,1.620000,2.170000,89.822500,19.430000
2008-08-29,1.680000,2.150000,90.056700,20.650000
2008-09-01,,,90.080000,
2008-09-02,1.690000,2.050000,90.843800,21.990000
2008-09-03,1.710000,2.000000,90.828600,21.430000
2008-09-04,1.700000,1.940000,91.162100,24.030000
2008-09-05,1.710000,1.950000,91.341000,23.060000
2008-09-08,1.680000,1.980000,91.663000,22.640000
2008-09-09,1.690000,1.930000,91.577900,25.470000
2008-09-10,1.700000,1.950000,92.128300,24.520000
2008-09-11,1.670000,1.970000,92.490100,24.390000
2008-09-12,1.790000,1.950000,91.470600,25.660000
2008-09-15,1.700000,1.770000,91.757000,31.700000
2008-09-16,1.850000,1.630000,92.059400,30.300000
2008-09-17,1.810000,1.600000,92.098200,36.220000
2008-09-18,1.940000,1.600000,91.711100,33.100000
2008-09-19,1.850000,1.930000,91.001400,32.070000
2008-09-22,1.850000,1.980000,90.111900,33.850000
2008-09-23,1.990000,1.860000,90.122100,35.720000
2008-09-24,2.050000,1.750000,90.460200,35.190000
2008-09-25,2.090000,1.790000,90.465100,32.820000
2008-09-26,2.100000,1.750000,90.687200,34.740000
2008-09-29,2.030000,1.580000,91.396100,46.720000
2008-09-30,2.250000,1.600000,92.377300,39.390000
2008-10-01,2.260000,1.510000,92.511000,39.810000
2008-10-02,2.170000,1.490000,93.379200,45.260000
2008-10-03,2.180000,1.450000,93.541400,45.140000
2008-10-06,2.210000,1.270000,95.162900,52.050000
2008-10-07,2.320000,1.180000,95.488900,53.680000
2008-10-08,2.690000,1.030000,96.968400,57.530000
2008-10-09,2.790000,1.050000,96.514300,63.920000
2008-10-10,2.970000,0.920000,97.999000,69.950000
2008-10-13,,,97.968600,54.990000
2008-10-14,3.050000,1.030000,96.254400,55.130000
2008-10-15,3.020000,1.020000,97.204500,69.250000
2008-10-16,3.020000,0.970000,98.368000,67.610000
2008-10-17,2.870000,1.110000,97.725500,70.330000
2008-10-20,2.760000,1.150000,98.160500,52.970000
2008-10-21,2.630000,1.130000,99.424200,53.110000
2008-10-22,2.590000,1.060000,101.213100,69.650000
2008-10-23,2.670000,0.960000,101.107100,67.800000
2008-10-24,3.020000,0.740000,101.844200,79.130000
2008-10-27,3.020000,0.770000,102.341500,80.060000
2008-10-28,3.060000,0.830000,102.423600,66.960000
2008-10-29,3.050000,0.880000,100.096700,69.960000
2008-10-30,3.060000,0.940000,99.456800,62.900000
2008-10-31,3.140000,0.870000,99.766200,59.890000
2008-11-03,3.090000,0.870000,99.434500,53.680000
2008-11-04,2.880000,0.930000,97.995700,47.730000
2008-11-05,2.760000,0.970000,98.095300,54.560000
2008-11-06,2.810000,0.940000,99.536400,63.680000
2008-11-07,2.860000,0.970000,99.394400,56.100000
2008-11-10,2.840000,0.980000,99.589700,59.980000
2008-11-11,,,99.604100,61.440000
2008-11-12,2.790000,0.960000,101.194700,66.460000
2008-11-13,2.950000,0.890000,101.774000,59.830000
2008-11-14,2.870000,0.850000,100.970500,66.310000
2008-11-17,2.850000,0.830000,101.102900,69.150000
2008-11-18,2.920000,0.610000,101.396500,67.640000
2008-11-19,2.980000,0.400000,101.880400,74.260000
2008-11-20,3.060000,0.040000,103.273700,80.860000
2008-11-21,3.150000,0.050000,103.628900,72.670000
2008-11-24,3.110000,0.240000,101.502000,64.700000
2008-11-25,2.790000,0.320000,100.799700,60.900000
2008-11-26,2.680000,0.310000,101.256600,54.920000
2008-11-27,,,101.256400,
2008-11-28,2.600000,0.330000,101.646800,55.840000
2008-12-01,2.380000,0.340000,102.174400,68.510000
2008-12-02,2.260000,0.420000,101.989100,62.980000
2008-12-03,2.140000,0.530000,102.425100,60.720000
2008-12-04,1.980000,0.570000,102.071500,63.640000
2008-12-05,2.230000,0.440000,103.490200,59.930000
2008-12-08,2.470000,0.300000,101.722700,58.490000
2008-12-09,2.410000,0.260000,101.734600,58.910000
2008-12-10,2.440000,0.250000,101.291300,55.730000
2008-12-11,2.350000,0.290000,99.510100,55.780000
2008-12-12,2.430000,0.170000,100.319000,54.280000
2008-12-15,2.430000,0.100000,99.100100,56.760000
2008-12-16,2.210000,0.160000,98.477100,52.370000
2008-12-17,1.860000,0.340000,96.822700,49.840000
2008-12-18,1.850000,0.230000,96.844700,47.340000
2008-12-19,1.980000,0.150000,98.127800,44.930000
2008-12-22,2.010000,0.150000,98.164300,44.560000
2008-12-23,2.030000,0.150000,98.269800,45.020000
2008-12-24,2.070000,0.130000,98.224900,44.210000
2008-12-25,,,98.241900,
2008-12-26,2.030000,0.130000,98.259400,43.380000
2008-12-29,2.020000,0.110000,97.935900,43.900000
2008-12-30,2.020000,0.090000,98.383300,41.630000
2008-12-31,2.140000,0.110000,98.651800,40.000000
2009-01-01,,,,
2009-01-02,2.290000,0.170000,98.600800,39.190000
2009-01-05,2.340000,0.150000,98.919500,39.080000
2009-01-06,2.090000,0.420000,98.787100,38.560000
2009-01-07,2.050000,0.470000,98.089000,43.390000
2009-01-08,1.970000,0.500000,98.322300,42.560000
2009-01-09,1.870000,0.560000,98.875200,42.820000
2009-01-12,1.750000,0.590000,99.602200,45.840000
2009-01-13,1.740000,0.590000,100.359700,43.270000
2009-01-14,1.790000,0.450000,100.754600,49.140000
2009-01-15,1.780000,0.450000,101.465300,51.000000
2009-01-16,1.810000,0.550000,100.711000,46.110000
2009-01-19,,,,
2009-01-20,1.820000,0.580000,,56.650000
2009-01-21,1.980000,0.580000,102.100700,46.420000
2009-01-22,1.970000,0.650000,101.843200,47.290000
2009-01-23,1.930000,0.720000,102.109600,47.270000
2009-01-26,1.920000,0.780000,100.976400,45.690000
2009-01-27,1.770000,0.820000,101.170200,42.250000
2009-01-28,1.810000,0.900000,100.546100,39.660000
2009-01-29,1.830000,1.040000,101.339800,42.630000
2009-01-30,1.730000,1.140000,102.116900,44.840000
2009-02-02,1.690000,1.070000,102.506700,45.520000
2009-02-03,1.760000,1.130000,101.850600,43.060000
2009-02-04,1.780000,1.170000,101.905600,43.850000
2009-02-05,1.840000,1.110000,101.951700,43.730000
2009-02-06,1.820000,1.230000,101.745500,43.370000
2009-02-09,1.660000,1.410000,100.963700,43.640000
2009-02-10,1.650000,1.250000,101.709400,46.670000
2009-02-11,1.660000,1.120000,102.240000,44.530000
2009-02-12,1.610000,1.140000,102.598000,41.250000
2009-02-13,1.680000,1.210000,102.295800,42.930000
2009-02-16,,,,
2009-02-17,1.530000,1.110000,103.762500,48.660000
2009-02-18,1.630000,1.110000,104.038500,48.460000
2009-02-19,1.730000,1.120000,103.765600,47.080000
2009-02-20,1.670000,1.110000,104.024400,49.300000
2009-02-23,1.700000,1.080000,103.741600,52.620000
2009-02-24,1.820000,0.980000,103.982900,45.490000
2009-02-25,1.980000,0.970000,104.308600,44.670000
2009-02-26,2.020000,0.960000,104.181300,44.660000
2009-02-27,2.060000,0.960000,104.928400,46.350000
2009-03-02,2.000000,0.910000,105.961700,52.650000
2009-03-03,2.020000,0.910000,106.024900,50.930000
2009-03-04,2.090000,0.920000,105.455800,47.560000
2009-03-05,1.980000,0.850000,105.806400,50.170000
2009-03-06,2.020000,0.810000,105.393700,49.330000
2009-03-09,2.060000,0.830000,106.018200,49.680000
2009-03-10,2.150000,0.840000,105.115300,44.370000
2009-03-11,2.030000,0.920000,104.849900,43.610000
2009-03-12,1.880000,1.010000,104.890000,41.180000
2009-03-13,1.870000,1.020000,104.110600,42.360000
2009-03-16,1.880000,1.090000,103.200500,43.740000
2009-03-17,1.900000,1.120000,103.230500,40.800000
2009-03-18,1.280000,1.230000,103.000500,40.060000
2009-03-19,1.310000,1.300000,100.395100,43.680000
2009-03-20,1.430000,1.220000,101.058100,45.890000
2009-03-23,1.400000,1.280000,101.103000,43.230000
2009-03-24,1.360000,1.320000,101.031900,42.930000
2009-03-25,1.440000,1.370000,100.967400,42.250000
2009-03-26,1.300000,1.460000,101.097000,40.360000
2009-03-27,1.380000,1.400000,101.838800,41.040000
2009-03-30,1.390000,1.340000,102.749000,45.540000
2009-03-31,1.430000,1.280000,102.376100,44.140000
2009-04-01,1.370000,1.310000,102.125200,42.280000
2009-04-02,1.440000,1.330000,100.873300,42.040000
2009-04-03,1.530000,1.380000,100.642900,39.700000
2009-04-06,1.520000,1.430000,100.942800,40.930000
2009-04-07,1.610000,1.320000,100.980800,40.390000
2009-04-08,1.570000,1.290000,100.894800,38.850000
2009-04-09,1.620000,1.340000,100.798800,36.530000
2009-04-10,,,100.759700,
2009-04-13,1.550000,1.330000,100.136900,37.810000
2009-04-14,1.520000,1.280000,99.909700,37.670000
2009-04-15,1.550000,1.270000,100.149700,36.170000
2009-04-16,1.590000,1.270000,100.051700,35.790000
2009-04-17,1.700000,1.280000,100.571900,33.940000
2009-04-20,1.660000,1.220000,101.448000,39.180000
2009-04-21,1.690000,1.250000,101.179400,37.140000
2009-04-22,1.650000,1.330000,101.114200,38.100000
2009-04-23,1.520000,1.440000,101.006500,37.150000
2009-04-24,1.530000,1.500000,100.024400,36.820000
2009-04-27,1.480000,1.470000,100.725800,38.320000
2009-04-28,1.540000,1.510000,101.314500,37.950000
2009-04-29,1.590000,1.530000,100.000900,36.080000
2009-04-30,1.690000,1.470000,100.104200,36.500000
2009-05-01,1.800000,1.410000,100.005700,35.300000
2009-05-04,1.770000,1.420000,99.134000,34.530000
2009-05-05,1.770000,1.430000,98.852900,33.360000
2009-05-06,1.740000,1.440000,98.904400,32.450000
2009-05-07,1.740000,1.550000,98.552000,33.440000
2009-05-08,1.770000,1.520000,98.126900,32.050000
2009-05-11,1.700000,1.470000,97.747000,32.870000
2009-05-12,1.690000,1.480000,97.826900,31.800000
2009-05-13,1.670000,1.440000,98.027600,33.650000
2009-05-14,1.680000,1.420000,98.127100,31.370000
2009-05-15,1.660000,1.480000,98.106300,33.120000
2009-05-18,1.660000,1.560000,97.941200,30.240000
2009-05-19,1.650000,1.600000,97.282700,28.800000
2009-05-20,1.560000,1.630000,96.570700,29.030000
2009-05-21,1.670000,1.680000,96.603900,31.350000
2009-05-22,1.720000,1.730000,95.878800,32.630000
2009-05-25,,,,
2009-05-26,1.720000,1.780000,95.988000,30.620000
2009-05-27,1.830000,1.880000,95.962200,32.360000
2009-05-28,1.870000,1.800000,96.131300,31.670000
2009-05-29,1.670000,1.800000,95.268000,28.920000
2009-06-01,1.800000,1.910000,94.810700,30.040000
2009-06-02,1.690000,1.960000,94.655600,29.630000
2009-06-03,1.680000,1.880000,95.075100,31.020000
2009-06-04,1.830000,1.890000,95.292200,30.180000
2009-06-05,1.880000,1.960000,96.041200,29.620000
2009-06-08,1.940000,1.970000,96.654800,29.770000
2009-06-09,1.880000,1.980000,95.953700,28.270000
2009-06-10,1.910000,2.070000,96.127700,28.460000
2009-06-11,1.890000,1.990000,95.499300,28.110000
2009-06-12,1.910000,1.900000,95.836000,28.150000
2009-06-15,1.900000,1.860000,96.751900,30.810000
2009-06-16,1.880000,1.790000,96.261600,32.680000
2009-06-17,1.950000,1.730000,96.640000,31.540000
2009-06-18,1.980000,1.880000,96.148200,30.030000
2009-06-19,1.910000,1.880000,96.032500,27.990000
2009-06-22,1.890000,1.830000,96.881800,31.170000
2009-06-23,1.840000,1.810000,96.519600,30.580000
2009-06-24,1.930000,1.790000,96.236900,29.050000
2009-06-25,1.820000,1.730000,96.707200,26.360000
2009-06-26,1.850000,1.670000,96.193500,25.930000
2009-06-29,1.830000,1.680000,96.242000,25.350000
2009-06-30,1.780000,1.750000,96.376100,26.350000
2009-07-01,1.830000,1.720000,95.658100,26.220000
2009-07-02,1.870000,1.640000,96.321600,27.950000
2009-07-03,,,,
2009-07-06,2.030000,1.490000,96.617400,29.000000
2009-07-07,1.870000,1.600000,96.632100,30.850000
2009-07-08,1.790000,1.540000,97.020400,31.300000
2009-07-09,1.870000,1.570000,96.621900,29.780000
2009-07-10,1.800000,1.520000,97.081900,29.020000
2009-07-13,1.840000,1.540000,96.999500,26.310000
2009-07-14,1.860000,1.640000,96.659900,25.020000
2009-07-15,1.870000,1.760000,95.800400,25.890000
2009-07-16,1.820000,1.770000,95.724100,25.420000
2009-07-17,1.810000,1.860000,95.603600,24.340000
2009-07-20,1.730000,1.880000,95.090300,24.400000
2009-07-21,1.710000,1.790000,95.056400,23.870000
2009-07-22,1.750000,1.830000,94.865900,23.470000
2009-07-23,1.800000,1.920000,94.532000,23.430000
2009-07-24,1.810000,1.890000,94.704600,23.090000
2009-07-27,1.850000,1.900000,94.665900,24.280000
2009-07-28,1.860000,1.860000,94.559200,25.010000
2009-07-29,1.840000,1.850000,95.167800,25.610000
2009-07-30,1.780000,1.890000,94.896700,25.400000
2009-07-31,1.710000,1.810000,94.252600,25.920000
2009-08-03,1.780000,1.880000,93.633100,25.560000
2009-08-04,1.810000,1.890000,93.728100,24.890000
2009-08-05,1.850000,1.950000,93.784800,24.900000
2009-08-06,1.870000,1.920000,93.935800,25.670000
2009-08-07,1.880000,2.010000,94.469200,24.760000
2009-08-10,1.830000,1.970000,94.608700,24.990000
2009-08-11,1.800000,1.910000,94.867800,25.990000
2009-08-12,1.840000,1.880000,94.539400,25.450000
2009-08-13,1.800000,1.790000,94.239200,24.710000
2009-08-14,1.850000,1.700000,94.475000,24.270000
2009-08-17,1.790000,1.690000,95.102400,27.890000
2009-08-18,1.780000,1.730000,95.111800,26.180000
2009-08-19,1.700000,1.750000,94.408400,26.260000
2009-08-20,1.600000,1.820000,94.349200,25.090000
2009-08-21,1.690000,1.870000,94.010300,25.010000
2009-08-24,1.670000,1.810000,93.934500,25.140000
2009-08-25,1.720000,1.730000,93.906600,24.920000
2009-08-26,1.720000,1.720000,94.866200,24.950000
2009-08-27,1.750000,1.720000,94.794300,24.680000
2009-08-28,1.760000,1.700000,94.448900,24.760000
2009-08-31,1.760000,1.640000,94.620200,26.010000
2009-09-01,1.740000,1.640000,95.220100,29.150000
2009-09-02,1.710000,1.580000,95.157500,28.900000
2009-09-03,1.690000,1.640000,94.959000,27.100000
2009-09-04,1.700000,1.750000,94.581100,25.260000
2009-09-07,,,,
2009-09-08,1.660000,1.810000,93.732300,25.620000
2009-09-09,1.660000,1.820000,93.691500,24.320000
2009-09-10,1.590000,1.770000,93.694700,23.550000
2009-09-11,1.590000,1.750000,93.322500,24.150000
2009-09-14,1.650000,1.770000,93.619600,23.860000
2009-09-15,1.640000,1.830000,93.442700,23.420000
2009-09-16,1.620000,1.860000,92.907200,23.690000
2009-09-17,1.620000,1.800000,92.828700,23.650000
2009-09-18,1.680000,1.810000,93.123300,23.920000
2009-09-21,1.690000,1.800000,93.354700,24.060000
2009-09-22,1.650000,1.810000,92.866400,23.080000
2009-09-23,1.630000,1.810000,92.979000,23.490000
2009-09-24,1.640000,1.760000,93.470800,24.950000
2009-09-25,1.600000,1.740000,93.553500,25.610000
2009-09-28,1.570000,1.740000,93.466900,24.880000
2009-09-29,1.590000,1.720000,93.777600,25.190000
2009-09-30,1.560000,1.750000,93.190700,25.610000
2009-10-01,1.500000,1.710000,93.599500,28.270000
2009-10-02,1.540000,1.700000,93.675600,28.680000
2009-10-05,1.510000,1.730000,93.335600,26.840000
2009-10-06,1.530000,1.740000,92.619000,25.700000
2009-10-07,1.450000,1.760000,92.794000,24.680000
2009-10-08,1.490000,1.780000,92.207400,24.180000
2009-10-09,1.560000,1.840000,92.298400,23.120000
2009-10-12,,,,23.010000
2009-10-13,1.460000,1.880000,91.827300,22.990000
2009-10-14,1.510000,1.940000,91.504700,22.860000
2009-10-15,1.500000,1.990000,91.436700,21.720000
2009-10-16,1.450000,1.980000,91.654100,21.430000
2009-10-19,1.380000,2.030000,91.440600,21.490000
2009-10-20,1.370000,1.980000,91.801000,20.900000
2009-10-21,1.430000,1.990000,91.380500,22.220000
2009-10-22,1.490000,1.950000,91.607500,20.690000
2009-10-23,1.510000,2.000000,91.733100,22.270000
2009-10-26,1.590000,2.000000,92.099800,24.310000
2009-10-27,1.490000,2.000000,92.533500,24.830000
2009-10-28,1.480000,1.960000,92.815200,27.910000
2009-10-29,1.500000,2.030000,92.470800,24.760000
2009-10-30,1.410000,2.000000,92.620700,30.690000
2009-11-02,1.410000,2.040000,92.450100,29.780000
2009-11-03,1.450000,2.050000,92.903700,28.810000
2009-11-04,1.450000,2.120000,92.372500,27.720000
2009-11-05,1.410000,2.160000,92.343700,25.430000
2009-11-06,1.370000,2.170000,92.384800,24.190000
2009-11-09,1.300000,2.220000,91.686100,23.150000
2009-11-10,1.310000,2.190000,91.665900,22.840000
2009-11-11,,,,23.040000
2009-11-12,1.330000,2.120000,91.946100,24.240000
2009-11-13,1.310000,2.120000,91.575400,23.360000
2009-11-16,1.210000,2.120000,91.194000,22.890000
2009-11-17,1.200000,2.130000,91.741900,22.410000
2009-11-18,1.210000,2.150000,91.249000,21.630000
2009-11-19,1.210000,2.140000,91.782700,22.630000
2009-11-20,1.210000,2.150000,91.990600,22.190000
2009-11-23,1.200000,2.170000,91.486400,21.160000
2009-11-24,1.210000,2.110000,91.553900,20.470000
2009-11-25,1.160000,2.120000,90.966900,20.480000
2009-11-26,,,,
2009-11-27,1.150000,2.060000,91.527200,24.850000
2009-11-30,1.130000,2.080000,91.371700,24.510000
2009-12-01,1.140000,2.140000,90.832300,21.920000
2009-12-02,1.180000,2.140000,90.890600,21.120000
2009-12-03,1.240000,2.150000,90.915200,22.460000
2009-12-04,1.340000,2.140000,91.380600,21.250000
2009-12-07,1.310000,2.130000,91.541400,22.100000
2009-12-08,1.310000,2.090000,91.951300,23.690000
2009-12-09,1.360000,2.090000,92.014000,22.660000
2009-12-10,1.400000,2.090000,92.007300,22.320000
2009-12-11,1.410000,2.140000,92.294600,21.590000
2009-12-14,1.370000,2.190000,92.030500,21.150000
2009-12-15,1.370000,2.230000,92.363500,21.490000
2009-12-16,1.340000,2.270000,92.149600,20.540000
2009-12-17,1.280000,2.220000,93.225000,22.510000
2009-12-18,1.310000,2.240000,93.163200,21.680000
2009-12-21,1.390000,2.300000,,20.490000
2009-12-22,1.430000,2.330000,93.290300,19.540000
2009-12-23,1.460000,2.310000,92.929500,19.710000
2009-12-24,1.500000,2.320000,92.869400,19.470000
2009-12-25,,,,
2009-12-28,1.500000,2.350000,92.699300,19.930000
2009-12-29,1.460000,2.360000,92.883800,20.010000
2009-12-30,1.440000,2.360000,93.087200,19.960000
2009-12-31,1.480000,2.370000,92.912400,21.680000
2010-01-01,,,,
2010-01-04,1.470000,2.380000,92.356600,20.040000
2010-01-05,1.430000,2.340000,92.223600,19.350000
2010-01-06,1.480000,2.370000,92.094100,19.160000
2010-01-07,1.440000,2.410000,92.368400,19.060000
2010-01-08,1.410000,2.420000,92.148500,18.130000
2010-01-11,1.470000,2.380000,91.599700,17.550000
2010-01-12,1.350000,2.390000,91.700500,18.250000
2010-01-13,1.430000,2.370000,91.727200,17.850000
2010-01-14,1.400000,2.360000,91.586400,17.630000
2010-01-15,1.340000,2.360000,91.766800,17.910000
2010-01-18,,,,
2010-01-19,1.350000,2.380000,91.961100,17.580000
2010-01-20,1.310000,2.370000,92.676600,18.680000
2010-01-21,1.290000,2.330000,92.662700,22.270000
2010-01-22,1.310000,2.310000,92.943000,27.310000
2010-01-25,1.330000,2.330000,92.909900,25.410000
2010-01-26,1.310000,2.340000,93.329800,24.550000
2010-01-27,1.350000,2.310000,93.283500,23.140000
2010-01-28,1.350000,2.330000,93.263500,23.730000
2010-01-29,1.300000,2.330000,93.763800,24.620000
2010-02-01,1.290000,2.390000,93.732100,22.590000
2010-02-02,1.260000,2.410000,93.413600,21.480000
2010-02-03,1.300000,2.430000,93.626800,21.600000
2010-02-04,1.270000,2.350000,94.140100,26.080000
2010-02-05,1.320000,2.270000,94.621800,26.110000
2010-02-08,1.350000,2.270000,,26.510000
2010-02-09,1.370000,2.300000,,26.000000
2010-02-10,1.440000,2.280000,,25.400000
2010-02-11,1.470000,2.260000,,23.960000
2010-02-12,1.460000,2.230000,93.997600,22.730000
2010-02-15,,,,
2010-02-16,1.420000,2.240000,93.482000,22.250000
2010-02-17,1.460000,2.280000,93.717100,21.720000
2010-02-18,1.480000,2.310000,93.875200,20.630000
2010-02-19,1.520000,2.260000,93.956900,20.020000
2010-02-22,1.550000,2.250000,93.740200,19.940000
2010-02-23,1.500000,2.190000,93.979400,21.370000
2010-02-24,1.510000,2.190000,93.977500,20.270000
2010-02-25,1.510000,2.130000,94.379700,20.100000
2010-02-26,1.480000,2.130000,93.660200,19.500000
2010-03-01,1.460000,2.150000,93.797900,19.260000
2010-03-02,1.460000,2.160000,93.488000,19.060000
2010-03-03,1.460000,2.170000,92.986100,18.830000
2010-03-04,1.440000,2.170000,93.407900,18.720000
2010-03-05,1.480000,2.210000,93.262300,17.420000
2010-03-08,1.490000,2.230000,93.244600,17.790000
2010-03-09,1.480000,2.230000,93.194100,17.920000
2010-03-10,1.490000,2.240000,93.042600,18.570000
2010-03-11,1.490000,2.240000,93.053300,18.060000
2010-03-12,1.450000,2.260000,92.661600,17.580000
2010-03-15,1.460000,2.250000,92.964200,18.000000
2010-03-16,1.420000,2.240000,92.595000,17.690000
2010-03-17,1.400000,2.250000,92.444600,16.910000
2010-03-18,1.450000,2.230000,92.745100,16.620000
2010-03-19,1.500000,2.200000,93.040700,16.970000
2010-03-22,1.480000,2.190000,93.133300,16.870000
2010-03-23,1.490000,2.200000,93.006000,16.350000
2010-03-24,1.600000,2.240000,93.646800,17.550000
2010-03-25,1.650000,2.260000,93.588500,18.400000
2010-03-26,1.620000,2.240000,93.687300,17.770000
2010-03-29,1.660000,2.220000,93.295900,17.590000
2010-03-30,1.660000,2.220000,93.262700,17.130000
2010-03-31,1.600000,2.240000,92.898700,17.590000
2010-04-01,1.610000,2.280000,92.666100,17.470000
2010-04-02,1.690000,2.270000,92.905700,
2010-04-05,1.700000,2.310000,92.664400,17.020000
2010-04-06,1.680000,2.300000,92.737300,16.230000
2010-04-07,1.550000,2.340000,92.745200,16.620000
2010-04-08,1.580000,2.330000,92.721100,16.480000
2010-04-09,1.560000,2.340000,92.477200,16.140000
2010-04-12,1.520000,2.350000,92.243000,15.580000
2010-04-13,1.500000,2.340000,92.268900,16.200000
2010-04-14,1.540000,2.340000,91.929700,15.590000
2010-04-15,1.490000,2.370000,92.202900,15.890000
2010-04-16,1.460000,2.330000,92.525300,18.360000
2010-04-19,1.490000,2.340000,92.857700,17.340000
2010-04-20,1.470000,2.350000,92.433800,15.730000
2010-04-21,1.420000,2.350000,92.448200,16.320000
2010-04-22,1.460000,2.340000,92.727700,16.470000
2010-04-23,1.470000,2.370000,92.662200,16.620000
2010-04-26,1.460000,2.370000,92.518700,17.470000
2010-04-27,1.370000,2.340000,93.095600,22.810000
2010-04-28,1.400000,2.400000,93.485600,21.080000
2010-04-29,1.310000,2.450000,92.901300,18.440000
2010-04-30,1.290000,2.400000,92.842300,22.050000
2010-05-03,1.320000,2.400000,93.235000,20.190000
2010-05-04,1.310000,2.320000,93.813700,23.840000
2010-05-05,1.300000,2.280000,94.396800,24.910000
2010-05-06,1.250000,2.160000,95.303200,32.800000
2010-05-07,1.300000,2.150000,95.295200,40.950000
2010-05-10,1.330000,2.240000,94.309600,28.840000
2010-05-11,1.310000,2.250000,94.430500,28.320000
2010-05-12,1.280000,2.280000,94.551500,25.520000
2010-05-13,1.280000,2.270000,94.507100,26.680000
2010-05-14,1.260000,2.180000,95.374600,31.240000
2010-05-17,1.310000,2.160000,95.979500,30.840000
2010-05-18,1.250000,2.130000,95.621200,33.550000
2010-05-19,1.320000,2.040000,96.508300,35.320000
2010-05-20,1.360000,1.890000,96.948300,45.790000
2010-05-21,1.330000,1.870000,96.291100,40.100000
2010-05-24,1.350000,1.880000,96.643300,38.320000
2010-05-25,1.330000,1.850000,97.548700,34.610000
2010-05-26,1.300000,1.910000,97.187900,35.020000
2010-05-27,1.330000,2.010000,96.361100,29.680000
2010-05-28,1.320000,1.990000,96.306200,32.070000
2010-05-31,,,,
2010-06-01,1.320000,1.970000,96.612300,35.540000
2010-06-02,1.360000,1.990000,96.615000,30.170000
2010-06-03,1.340000,2.050000,96.461000,29.460000
2010-06-04,1.260000,1.940000,97.168800,35.480000
2010-06-07,1.250000,1.920000,97.503000,36.570000
2010-06-08,1.290000,1.890000,97.342500,33.700000
2010-06-09,1.280000,1.920000,96.893800,33.730000
2010-06-10,1.350000,1.980000,96.487700,30.570000
2010-06-11,1.290000,1.950000,96.561600,28.790000
2010-06-14,1.310000,1.970000,95.808200,28.580000
2010-06-15,1.320000,2.000000,95.704900,25.870000
2010-06-16,1.280000,1.990000,95.566800,25.920000
2010-06-17,1.220000,1.990000,95.497300,25.050000
2010-06-18,1.250000,1.990000,95.298100,23.950000
2010-06-21,1.240000,2.020000,94.850500,24.880000
2010-06-22,1.200000,1.980000,95.116500,27.050000
2010-06-23,1.190000,1.940000,95.485300,26.910000
2010-06-24,1.230000,1.910000,95.619400,29.740000
2010-06-25,1.210000,1.910000,95.458200,28.530000
2010-06-28,1.170000,1.880000,95.269600,29.000000
2010-06-29,1.140000,1.830000,96.019900,34.130000
2010-06-30,1.150000,1.820000,95.993400,34.540000
2010-07-01,1.210000,1.750000,95.801800,32.860000
2010-07-02,1.270000,1.730000,95.634500,30.120000
2010-07-05,,,,
2010-07-06,1.260000,1.690000,95.106900,29.650000
2010-07-07,1.300000,1.700000,95.179500,26.840000
2010-07-08,1.250000,1.790000,94.773400,25.710000
2010-07-09,1.260000,1.810000,94.683000,24.980000
2010-07-12,1.260000,1.820000,94.959800,24.430000
2010-07-13,1.280000,1.870000,94.385600,24.560000
2010-07-14,1.230000,1.840000,94.324700,24.890000
2010-07-15,1.210000,1.790000,94.198800,25.140000
2010-07-16,1.250000,1.710000,94.506100,26.250000
2010-07-19,1.290000,1.700000,94.602000,25.970000
2010-07-20,1.280000,1.700000,94.542000,23.930000
2010-07-21,1.190000,1.710000,94.449600,25.640000
2010-07-22,1.210000,1.750000,94.113500,24.630000
2010-07-23,1.240000,1.780000,94.143100,23.470000
2010-07-26,1.240000,1.790000,93.755600,22.730000
2010-07-27,1.260000,1.820000,93.758300,23.190000
2010-07-28,1.220000,1.810000,93.750600,24.250000
2010-07-29,1.210000,1.820000,93.600400,24.130000
2010-07-30,1.140000,1.800000,93.279300,23.500000
2010-08-02,1.130000,1.860000,92.791600,22.010000
2010-08-03,1.070000,1.870000,92.625800,22.630000
2010-08-04,1.120000,1.860000,92.731000,22.210000
2010-08-05,1.070000,1.870000,92.640100,22.100000
2010-08-06,1.040000,1.820000,92.591500,21.740000
2010-08-09,1.040000,1.820000,92.672600,22.140000
2010-08-10,0.950000,1.840000,93.219700,22.370000
2010-08-11,0.950000,1.770000,93.777800,25.390000
2010-08-12,1.050000,1.690000,93.890500,25.730000
2010-08-13,1.000000,1.680000,94.045700,26.240000
2010-08-16,0.950000,1.630000,93.790200,26.100000
2010-08-17,1.010000,1.630000,93.423900,24.330000
2010-08-18,1.020000,1.620000,93.371900,24.590000
2010-08-19,1.020000,1.560000,93.714100,26.440000
2010-08-20,1.050000,1.570000,94.208700,25.490000
2010-08-23,1.050000,1.550000,94.329500,25.660000
2010-08-24,1.010000,1.490000,94.436200,27.460000
2010-08-25,1.010000,1.530000,94.737200,26.700000
2010-08-26,0.950000,1.550000,94.352300,27.370000
2010-08-27,1.050000,1.610000,94.346200,24.450000
2010-08-30,0.990000,1.550000,94.592200,27.210000
2010-08-31,0.950000,1.520000,94.720400,26.050000
2010-09-01,1.020000,1.560000,94.114800,23.890000
2010-09-02,1.050000,1.580000,94.085200,23.190000
2010-09-03,1.100000,1.620000,93.695200,21.310000
2010-09-06,,,,
2010-09-07,0.980000,1.630000,94.042000,23.800000
2010-09-08,1.020000,1.640000,93.778500,23.250000
2010-09-09,1.050000,1.720000,93.703300,22.810000
2010-09-10,1.020000,1.790000,93.676800,21.990000
2010-09-13,0.940000,1.800000,93.076700,21.210000
2010-09-14,0.930000,1.750000,92.618200,21.560000
2010-09-15,0.970000,1.770000,92.931300,22.100000
2010-09-16,1.000000,1.770000,92.910800,21.720000
2010-09-17,1.000000,1.750000,92.941800,22.010000
2010-09-20,0.940000,1.780000,92.749600,21.500000
2010-09-21,0.780000,1.830000,92.668400,22.350000
2010-09-22,0.740000,1.820000,92.064700,22.510000
2010-09-23,0.770000,1.790000,92.023300,23.870000
2010-09-24,0.810000,1.810000,91.599600,21.710000
2010-09-27,0.790000,1.750000,91.480300,22.540000
2010-09-28,0.690000,1.790000,91.349300,22.600000
2010-09-29,0.740000,1.780000,91.163200,23.250000
2010-09-30,0.750000,1.780000,91.341500,23.700000
2010-10-01,0.750000,1.790000,90.836000,22.500000
2010-10-04,0.720000,1.780000,91.001500,23.530000
2010-10-05,0.650000,1.850000,90.562200,21.760000
2010-10-06,0.520000,1.890000,90.141100,21.490000
2010-10-07,0.530000,1.880000,90.286000,21.560000
2010-10-08,0.450000,1.960000,90.113300,20.710000
2010-10-11,,,,18.960000
2010-10-12,0.490000,1.950000,90.220300,18.930000
2010-10-13,0.440000,2.020000,89.777900,19.070000
2010-10-14,0.410000,2.110000,89.522800,19.880000
2010-10-15,0.500000,2.090000,89.681500,19.030000
2010-10-18,0.470000,2.050000,89.848400,19.090000
2010-10-19,0.440000,2.060000,90.549900,20.630000
2010-10-20,0.470000,2.040000,90.144600,19.790000
2010-10-21,0.500000,2.070000,90.138000,19.270000
2010-10-22,0.500000,2.090000,90.406300,18.780000
2010-10-25,0.450000,2.140000,89.932800,19.850000
2010-10-26,0.520000,2.150000,90.281800,20.220000
2010-10-27,0.620000,2.130000,90.803800,20.710000
2010-10-28,0.570000,2.120000,90.240700,20.880000
2010-10-29,0.500000,2.130000,90.093500,21.200000
2010-11-01,0.490000,2.170000,90.030700,21.830000
2010-11-02,0.490000,2.140000,89.684700,21.570000
2010-11-03,0.500000,2.170000,89.707900,19.560000
2010-11-04,0.440000,2.090000,88.983100,18.520000
2010-11-05,0.480000,2.100000,89.244100,18.260000
2010-11-08,0.480000,2.120000,89.571100,18.290000
2010-11-09,0.580000,2.140000,89.558000,19.080000
2010-11-10,0.560000,2.090000,89.905600,18.470000
2010-11-11,,,,18.640000
2010-11-12,0.710000,2.050000,90.170100,20.610000
2010-11-15,0.870000,2.050000,90.433100,20.200000
2010-11-16,0.870000,1.980000,91.110200,22.580000
2010-11-17,0.840000,2.050000,90.928200,21.760000
2010-11-18,0.830000,2.070000,90.649000,18.750000
2010-11-19,0.770000,2.110000,90.698600,18.040000
2010-11-22,0.700000,2.100000,90.702300,18.370000
2010-11-23,0.690000,2.080000,91.431800,20.630000
2010-11-24,0.800000,2.130000,91.217900,19.560000
2010-11-25,,,,
2010-11-26,0.750000,2.120000,91.815200,22.220000
2010-11-29,0.730000,2.110000,92.199700,21.530000
2010-11-30,0.740000,2.070000,92.149400,23.540000
2010-12-01,0.830000,2.140000,91.679900,21.360000
2010-12-02,0.840000,2.170000,91.265100,19.390000
2010-12-03,0.860000,2.170000,90.878800,18.010000
2010-12-06,0.790000,2.160000,91.016700,18.020000
2010-12-07,0.920000,2.230000,90.973200,17.990000
2010-12-08,1.070000,2.190000,91.337600,17.740000
2010-12-09,1.090000,2.140000,91.392300,17.250000
2010-12-10,1.160000,2.160000,91.283100,17.610000
2010-12-13,1.110000,2.180000,90.883700,17.550000
2010-12-14,1.270000,2.220000,90.764000,17.610000
2010-12-15,1.220000,2.310000,91.094000,17.940000
2010-12-16,1.150000,2.320000,91.377300,17.390000
2010-12-17,1.050000,2.280000,91.555500,16.110000
2010-12-20,1.070000,2.290000,91.639800,16.410000
2010-12-21,1.060000,2.290000,91.519000,16.490000
2010-12-22,1.030000,2.330000,91.429000,15.450000
2010-12-23,1.080000,2.330000,91.301300,16.470000
2010-12-24,,,,
2010-12-27,1.060000,2.300000,91.196300,17.670000
2010-12-28,1.170000,2.330000,90.984800,17.520000
2010-12-29,1.060000,2.290000,90.766900,17.280000
2010-12-30,1.080000,2.300000,90.514600,17.520000
2010-12-31,1.000000,2.300000,,17.750000
2011-01-03,1.050000,2.310000,89.952400,17.610000
2011-01-04,1.010000,2.350000,90.327700,17.380000
2011-01-05,1.080000,2.420000,90.571500,17.020000
2011-01-06,1.030000,2.410000,90.912500,17.400000
2011-01-07,0.980000,2.360000,91.000100,17.140000
2011-01-10,0.960000,2.360000,91.030000,17.540000
2011-01-11,0.970000,2.400000,90.843100,16.890000
2011-01-12,0.980000,2.420000,90.411100,16.240000
2011-01-13,0.970000,2.370000,89.901900,16.390000
2011-01-14,1.000000,2.350000,90.046100,15.460000
2011-01-17,,,,
2011-01-18,0.990000,2.400000,89.821000,15.870000
2011-01-19,0.990000,2.380000,89.694800,17.310000
2011-01-20,1.220000,2.250000,90.131600,17.990000
2011-01-21,1.200000,2.240000,89.720400,18.470000
2011-01-24,1.180000,2.250000,89.537500,17.650000
2011-01-25,1.110000,2.240000,89.727900,17.590000
2011-01-26,1.160000,2.290000,89.509100,16.640000
2011-01-27,1.160000,2.260000,89.572800,16.150000
2011-01-28,1.090000,2.270000,89.818900,20.040000
2011-01-31,1.080000,2.340000,89.694000,19.530000
2011-02-01,1.110000,2.370000,89.143600,17.630000
2011-02-02,1.160000,2.360000,89.073700,17.300000
2011-02-03,1.230000,2.350000,89.252200,16.690000
2011-02-04,1.300000,2.380000,89.391000,15.930000
2011-02-07,1.320000,2.360000,89.355600,16.280000
2011-02-08,1.390000,2.360000,89.124100,15.810000
2011-02-09,1.340000,2.310000,89.416600,15.870000
2011-02-10,1.390000,2.310000,89.626600,16.090000
2011-02-11,1.360000,2.280000,89.878400,15.690000
2011-02-14,1.340000,2.280000,89.854300,15.950000
2011-02-15,1.330000,2.280000,89.887100,16.370000
2011-02-16,1.370000,2.250000,89.705900,16.720000
2011-02-17,1.310000,2.270000,89.410200,16.590000
2011-02-18,1.250000,2.340000,89.197400,16.430000
2011-02-21,,,,
2011-02-22,1.120000,2.340000,89.461700,20.800000
2011-02-23,1.100000,2.390000,89.418600,22.130000
2011-02-24,1.050000,2.410000,89.234600,21.320000
2011-02-25,1.020000,2.400000,89.166400,19.220000
2011-02-28,1.030000,2.390000,88.939100,18.350000
2011-03-01,1.000000,2.410000,88.831000,21.010000
2011-03-02,1.010000,2.450000,88.731700,20.700000
2011-03-03,1.090000,2.490000,88.637000,18.600000
2011-03-04,1.000000,2.490000,88.489800,19.060000
2011-03-07,1.000000,2.510000,88.520700,20.660000
2011-03-08,1.010000,2.550000,88.645400,19.820000
2011-03-09,0.980000,2.500000,88.532800,20.220000
2011-03-10,0.910000,2.460000,88.869800,21.880000
2011-03-11,0.960000,2.440000,88.691000,20.080000
2011-03-14,0.930000,2.430000,88.519100,21.130000
2011-03-15,0.930000,2.400000,88.784500,24.320000
2011-03-16,0.850000,2.370000,88.978500,29.400000
2011-03-17,0.820000,2.430000,88.654900,26.370000
2011-03-18,0.850000,2.430000,88.522100,24.440000
2011-03-21,0.900000,2.440000,88.203200,20.610000
2011-03-22,0.950000,2.390000,88.066500,20.210000
2011-03-23,0.980000,2.380000,88.332800,19.170000
2011-03-24,0.950000,2.470000,88.059200,18.000000
2011-03-25,1.020000,2.440000,88.171600,17.910000
2011-03-28,1.010000,2.460000,88.305800,19.440000
2011-03-29,1.030000,2.470000,88.399100,18.160000
2011-03-30,1.000000,2.470000,88.229800,17.710000
2011-03-31,0.990000,2.480000,88.029900,17.740000
2011-04-01,0.940000,2.520000,87.799300,17.400000
2011-04-04,0.910000,2.540000,87.840600,17.500000
2011-04-05,0.940000,2.560000,87.748300,17.250000
2011-04-06,0.990000,2.570000,87.491300,16.900000
2011-04-07,0.990000,2.590000,87.532000,17.110000
2011-04-08,0.950000,2.640000,87.149300,17.870000
2011-04-11,0.960000,2.630000,87.094000,16.590000
2011-04-12,0.900000,2.620000,87.294300,17.090000
2011-04-13,0.880000,2.610000,87.209300,16.920000
2011-04-14,0.890000,2.620000,87.080200,16.270000
2011-04-15,0.820000,2.610000,87.005000,15.320000
2011-04-18,0.800000,2.600000,87.508100,16.960000
2011-04-19,0.760000,2.630000,87.079100,15.830000
2011-04-20,0.820000,2.610000,86.564200,15.070000
2011-04-21,0.830000,2.590000,86.225600,14.690000
2011-04-22,,,86.374200,
2011-04-25,0.790000,2.600000,86.402600,15.770000
2011-04-26,0.760000,2.580000,86.257600,15.620000
2011-04-27,0.810000,2.580000,86.251900,15.350000
2011-04-28,0.780000,2.560000,85.841900,14.620000
2011-04-29,0.750000,2.570000,85.599900,14.750000
2011-05-02,0.750000,2.560000,85.519900,15.990000
2011-05-03,0.730000,2.550000,85.635200,16.700000
2011-05-04,0.700000,2.550000,85.891700,17.080000
2011-05-05,0.700000,2.480000,86.508000,18.200000
2011-05-06,0.710000,2.480000,86.457500,18.400000
2011-05-09,0.690000,2.480000,86.834600,17.160000
2011-05-10,0.740000,2.490000,86.651800,15.910000
2011-05-11,0.760000,2.430000,86.719500,16.950000
2011-05-12,0.790000,2.430000,87.076700,16.030000
2011-05-13,0.790000,2.390000,87.417600,17.070000
2011-05-16,0.810000,2.340000,87.331100,18.240000
2011-05-17,0.820000,2.300000,87.630700,17.550000
2011-05-18,0.820000,2.360000,87.295000,16.230000
2011-05-19,0.910000,2.260000,87.263800,15.520000
2011-05-20,0.850000,2.300000,87.304400,17.430000
2011-05-23,0.840000,2.290000,87.894100,18.270000
2011-05-24,0.790000,2.330000,87.662000,17.820000
2011-05-25,0.800000,2.330000,87.613600,17.070000
2011-05-26,0.760000,2.310000,87.558800,16.090000
2011-05-27,0.790000,2.280000,86.952500,15.980000
2011-05-30,,,,
2011-05-31,0.800000,2.250000,86.656000,15.450000
2011-06-01,0.740000,2.220000,86.596400,18.300000
2011-06-02,0.780000,2.260000,86.843500,18.090000
2011-06-03,0.750000,2.240000,86.423400,17.950000
2011-06-06,0.760000,2.250000,86.466900,18.490000
2011-06-07,0.760000,2.250000,86.362700,18.070000
2011-06-08,0.760000,2.220000,86.571400,18.790000
2011-06-09,0.800000,2.210000,86.591300,17.770000
2011-06-10,0.790000,2.200000,87.042000,18.860000
2011-06-13,0.800000,2.200000,87.057900,19.610000
2011-06-14,0.830000,2.280000,86.677100,18.260000
2011-06-15,0.740000,2.240000,87.334200,21.320000
2011-06-16,0.730000,2.200000,87.691700,22.730000
2011-06-17,0.750000,2.190000,87.217900,21.850000
2011-06-20,0.790000,2.180000,87.190800,19.990000
2011-06-21,0.780000,2.210000,86.857000,18.860000
2011-06-22,0.820000,2.190000,86.806700,18.520000
2011-06-23,0.710000,2.220000,87.455000,19.290000
2011-06-24,0.640000,2.240000,87.501400,21.100000
2011-06-27,0.670000,2.280000,87.522500,20.560000
2011-06-28,0.730000,2.320000,87.217800,19.170000
2011-06-29,0.740000,2.400000,86.801400,17.270000
2011-06-30,0.750000,2.430000,86.478600,16.520000
2011-07-01,0.770000,2.450000,86.361300,15.870000
2011-07-04,,,,
2011-07-05,0.770000,2.390000,86.425300,16.060000
2011-07-06,0.740000,2.380000,86.682500,16.340000
2011-07-07,0.750000,2.420000,86.482500,15.950000
2011-07-08,0.690000,2.340000,86.615000,15.950000
2011-07-11,0.630000,2.310000,87.101300,18.390000
2011-07-12,0.600000,2.320000,87.170100,19.870000
2011-07-13,0.590000,2.330000,86.569700,19.910000
2011-07-14,0.680000,2.300000,86.523400,20.800000
2011-07-15,0.610000,2.330000,86.516900,19.530000
2011-07-18,0.580000,2.360000,86.954900,20.950000
2011-07-19,0.540000,2.370000,86.438600,19.210000
2011-07-20,0.620000,2.340000,86.279400,19.090000
2011-07-21,0.680000,2.350000,85.837800,17.560000
2011-07-22,0.610000,2.380000,85.862300,17.520000
2011-07-25,0.580000,2.450000,85.800600,19.350000
2011-07-26,0.570000,2.420000,85.469200,20.230000
2011-07-27,0.560000,2.450000,85.712600,22.980000
2011-07-28,0.520000,2.460000,85.824500,23.740000
2011-07-29,0.380000,2.440000,85.728200,25.250000
2011-08-01,0.330000,2.440000,86.039100,23.660000
2011-08-02,0.290000,2.370000,86.053300,24.790000
2011-08-03,0.360000,2.280000,86.070600,23.380000
2011-08-04,0.240000,2.230000,86.929900,31.660000
2011-08-05,0.320000,2.260000,87.108400,32.000000
2011-08-08,0.200000,2.200000,87.187300,48.000000
2011-08-09,0.000000,2.200000,87.391900,35.060000
2011-08-10,-0.130000,2.300000,87.379200,42.990000
2011-08-11,0.060000,2.280000,87.321500,39.000000
2011-08-12,-0.020000,2.260000,87.177000,36.360000
2011-08-15,0.060000,2.230000,86.751500,31.870000
2011-08-16,0.050000,2.180000,86.711500,32.850000
2011-08-17,0.010000,2.160000,86.551800,31.580000
2011-08-18,0.090000,1.990000,87.127100,42.670000
2011-08-19,0.020000,2.050000,86.828600,43.050000
2011-08-22,0.030000,2.070000,87.075300,42.440000
2011-08-23,0.130000,2.020000,86.900100,36.270000
2011-08-24,0.250000,2.040000,87.131600,35.900000
2011-08-25,0.130000,2.100000,87.230600,39.760000
2011-08-26,0.150000,2.040000,87.075100,35.590000
2011-08-29,0.220000,2.060000,86.843300,32.280000
2011-08-30,0.140000,2.050000,87.001000,32.890000
2011-08-31,0.180000,2.050000,86.773900,31.620000
2011-09-01,0.070000,2.080000,86.851200,31.820000
2011-09-02,0.000000,2.020000,87.179700,33.920000
2011-09-05,,,,
2011-09-06,0.050000,1.930000,88.164500,37.000000
2011-09-07,0.090000,1.960000,87.969900,33.380000
2011-09-08,0.000000,2.000000,88.116200,34.320000
2011-09-09,-0.030000,1.960000,88.951400,38.520000
2011-09-12,0.000000,1.940000,89.219200,38.590000
2011-09-13,0.070000,1.930000,89.265300,36.910000
2011-09-14,0.120000,1.910000,89.419000,34.600000
2011-09-15,0.130000,1.960000,89.064700,31.970000
2011-09-16,0.130000,1.950000,89.110800,30.980000
2011-09-19,0.090000,1.880000,89.933600,32.730000
2011-09-20,0.040000,1.910000,89.877700,32.860000
2011-09-21,0.020000,1.860000,90.345300,37.320000
2011-09-22,0.010000,1.710000,92.075000,41.350000
2011-09-23,0.100000,1.740000,91.690400,41.250000
2011-09-26,0.120000,1.790000,91.772400,39.020000
2011-09-27,0.120000,1.880000,90.898500,37.710000
2011-09-28,0.160000,1.870000,91.022700,41.080000
2011-09-29,0.170000,1.820000,91.303300,38.840000
2011-09-30,0.170000,1.750000,91.999800,42.960000
2011-10-03,0.070000,1.730000,92.512800,45.450000
2011-10-04,0.050000,1.760000,92.950800,40.820000
2011-10-05,0.120000,1.800000,92.300800,37.810000
2011-10-06,0.130000,1.880000,91.966100,36.270000
2011-10-07,0.160000,1.940000,91.246900,36.200000
2011-10-10,,,,33.020000
2011-10-11,0.230000,1.950000,90.916200,32.860000
2011-10-12,0.260000,1.980000,90.337800,31.260000
2011-10-13,0.270000,1.920000,90.660300,30.700000
2011-10-14,0.280000,1.980000,90.211600,28.240000
2011-10-17,0.240000,1.940000,90.266000,33.390000
2011-10-18,0.220000,1.970000,90.590700,31.560000
2011-10-19,0.230000,1.950000,90.331700,34.440000
2011-10-20,0.220000,1.980000,91.102600,34.780000
2011-10-21,0.230000,2.000000,90.279000,31.320000
2011-10-24,0.230000,2.020000,89.855800,29.260000
2011-10-25,0.120000,2.020000,89.952500,32.220000
2011-10-26,0.150000,2.080000,90.083600,29.860000
2011-10-27,0.240000,2.180000,88.788200,25.460000
2011-10-28,0.190000,2.150000,88.638200,24.530000
2011-10-31,0.080000,2.090000,89.205300,29.960000
2011-11-01,-0.040000,2.050000,90.729600,34.770000
2011-11-02,-0.070000,2.100000,90.244000,32.740000
2011-11-03,0.000000,2.090000,90.296100,30.500000
2011-11-04,-0.060000,2.120000,90.315400,30.160000
2011-11-07,-0.100000,2.140000,90.383200,29.850000
2011-11-08,-0.030000,2.130000,90.172000,27.480000
2011-11-09,-0.040000,2.040000,90.699100,36.160000
2011-11-10,-0.040000,2.080000,90.858800,32.810000
2011-11-11,,,,30.040000
2011-11-14,-0.010000,2.050000,90.721500,31.130000
2011-11-15,0.040000,2.020000,91.108100,31.220000
2011-11-16,0.050000,1.960000,91.123700,33.510000
2011-11-17,0.060000,1.900000,91.182200,34.510000
2011-11-18,0.050000,1.960000,91.367600,32.000000
2011-11-21,0.070000,1.900000,91.997800,32.910000
2011-11-22,0.050000,1.890000,92.019300,31.970000
2011-11-23,-0.010000,1.900000,92.746300,33.980000
2011-11-24,,,,
2011-11-25,0.050000,1.920000,93.145500,34.470000
2011-11-28,0.020000,1.950000,92.498300,32.130000
2011-11-29,0.010000,1.990000,92.216300,30.640000
2011-11-30,0.030000,2.050000,91.472800,27.800000
2011-12-01,0.060000,2.050000,91.227000,27.410000
2011-12-02,0.000000,2.050000,91.353200,27.520000
2011-12-05,-0.010000,2.050000,91.108700,27.840000
2011-12-06,0.010000,2.070000,91.281700,28.130000
2011-12-07,-0.010000,2.030000,91.233100,28.670000
2011-12-08,0.010000,1.980000,91.668000,30.590000
2011-12-09,0.050000,2.020000,91.612200,26.380000
2011-12-12,-0.010000,2.040000,92.337500,25.670000
2011-12-13,-0.050000,2.010000,92.545600,25.410000
2011-12-14,-0.040000,1.960000,93.217600,26.040000
2011-12-15,-0.010000,1.930000,92.885800,25.110000
2011-12-16,-0.050000,1.910000,92.825200,24.290000
2011-12-19,-0.120000,1.940000,92.868500,24.920000
2011-12-20,-0.100000,2.040000,92.432000,23.220000
2011-12-21,-0.070000,2.050000,92.526200,21.430000
2011-12-22,-0.070000,2.040000,92.388300,21.160000
2011-12-23,-0.040000,2.070000,92.389700,20.730000
2011-12-26,,,,
2011-12-27,-0.020000,2.040000,92.413700,21.910000
2011-12-28,-0.070000,2.000000,92.837400,23.520000
2011-12-29,-0.050000,1.960000,92.739800,22.650000
2011-12-30,-0.070000,1.960000,92.426200,23.400000
2012-01-02,,,,
2012-01-03,-0.040000,2.010000,91.755100,22.970000
2012-01-04,-0.080000,2.080000,92.034500,22.220000
2012-01-05,-0.100000,2.120000,92.577300,21.480000
2012-01-06,-0.110000,2.090000,92.718300,20.630000
2012-01-09,-0.130000,2.110000,92.741800,21.070000
2012-01-10,-0.080000,2.080000,92.246100,20.690000
2012-01-11,-0.100000,2.030000,92.554000,21.050000
2012-01-12,-0.100000,2.040000,92.227400,20.470000
2012-01-13,-0.140000,2.030000,92.538500,20.910000
2012-01-16,,,,
2012-01-17,-0.170000,2.040000,92.014200,22.200000
2012-01-18,-0.150000,2.070000,91.694300,20.890000
2012-01-19,0.000000,2.010000,91.331600,19.870000
2012-01-20,0.010000,2.040000,91.366100,18.280000
2012-01-23,0.020000,2.070000,90.986000,18.670000
2012-01-24,-0.010000,2.090000,91.181000,18.910000
2012-01-25,-0.120000,2.130000,91.277000,18.310000
2012-01-26,-0.160000,2.120000,90.396200,18.570000
2012-01-27,-0.180000,2.110000,90.255900,18.530000
2012-01-30,-0.240000,2.110000,90.476200,19.400000
2012-01-31,-0.280000,2.110000,90.553800,19.440000
2012-02-01,-0.280000,2.150000,90.096300,18.550000
2012-02-02,-0.300000,2.160000,89.876500,17.980000
2012-02-03,-0.210000,2.180000,89.849100,17.100000
2012-02-06,-0.260000,2.190000,89.790700,17.760000
2012-02-07,-0.210000,2.210000,89.596800,17.650000
2012-02-08,-0.210000,2.220000,89.655500,18.160000
2012-02-09,-0.170000,2.210000,89.624600,18.630000
2012-02-10,-0.240000,2.200000,90.102400,20.790000
2012-02-13,-0.220000,2.210000,89.889500,19.040000
2012-02-14,-0.270000,2.190000,90.191900,19.540000
2012-02-15,-0.260000,2.190000,90.193200,21.140000
2012-02-16,-0.240000,2.230000,90.310900,19.220000
2012-02-17,-0.230000,2.240000,90.230000,17.780000
2012-02-20,,,,
2012-02-21,-0.220000,2.270000,90.011700,18.190000
2012-02-22,-0.270000,2.280000,90.247200,18.190000
2012-02-23,-0.300000,2.290000,90.110800,16.800000
2012-02-24,-0.290000,2.270000,89.910400,17.310000
2012-02-27,-0.320000,2.240000,89.963500,18.190000
2012-02-28,-0.310000,2.250000,89.810300,17.960000
2012-02-29,-0.280000,2.260000,89.748700,18.430000
2012-03-01,-0.230000,2.260000,89.781700,17.260000
2012-03-02,-0.240000,2.230000,90.135000,17.290000
2012-03-05,-0.200000,2.200000,90.274800,18.050000
2012-03-06,-0.210000,2.170000,90.823700,20.870000
2012-03-07,-0.220000,2.200000,90.683700,19.070000
2012-03-08,-0.210000,2.240000,90.259800,17.950000
2012-03-09,-0.240000,2.280000,90.434100,17.110000
2012-03-12,-0.240000,2.280000,90.664300,15.640000
2012-03-13,-0.200000,2.340000,90.536300,14.800000
2012-03-14,-0.070000,2.360000,90.932500,15.310000
2012-03-15,-0.080000,2.370000,90.786600,15.420000
2012-03-16,-0.090000,2.400000,90.524500,14.470000
2012-03-19,-0.030000,2.420000,90.292000,15.040000
2012-03-20,-0.040000,2.420000,90.606500,15.580000
2012-03-21,-0.080000,2.390000,90.676100,15.130000
2012-03-22,-0.080000,2.370000,90.822500,15.570000
2012-03-23,-0.110000,2.360000,90.615600,14.820000
2012-03-26,-0.080000,2.340000,90.326600,14.260000
2012-03-27,-0.130000,2.330000,90.279600,15.590000
2012-03-28,-0.110000,2.320000,90.603000,15.470000
2012-03-29,-0.130000,2.310000,90.728500,15.480000
2012-03-30,-0.090000,2.320000,90.459300,15.500000
2012-04-02,-0.140000,2.360000,90.247000,15.640000
2012-04-03,-0.060000,2.360000,90.192100,15.660000
2012-04-04,-0.050000,2.300000,90.828400,16.440000
2012-04-05,-0.080000,2.270000,90.878100,16.700000
2012-04-06,-0.160000,2.230000,90.937500,
2012-04-09,-0.170000,2.230000,90.962400,18.810000
2012-04-10,-0.240000,2.250000,91.272800,20.390000
2012-04-11,-0.250000,2.300000,91.176800,20.020000
2012-04-12,-0.220000,2.300000,90.769400,17.200000
2012-04-13,-0.250000,2.270000,91.055800,19.550000
2012-04-16,-0.260000,2.260000,91.235500,19.550000
2012-04-17,-0.260000,2.290000,90.766100,18.460000
2012-04-18,-0.260000,2.260000,90.932600,18.640000
2012-04-19,-0.210000,2.190000,91.083300,18.360000
2012-04-20,-0.240000,2.230000,90.806600,17.440000
2012-04-23,-0.260000,2.220000,91.079000,18.970000
2012-04-24,-0.250000,2.250000,90.815300,18.100000
2012-04-25,-0.240000,2.250000,90.756000,16.820000
2012-04-26,-0.290000,2.270000,90.642800,16.240000
2012-04-27,-0.300000,2.260000,90.326900,16.320000
2012-04-30,-0.300000,2.250000,90.363400,17.150000
2012-05-01,-0.280000,2.260000,90.322700,16.600000
2012-05-02,-0.280000,2.240000,90.614400,16.880000
2012-05-03,-0.270000,2.230000,90.683900,17.560000
2012-05-04,-0.300000,2.210000,91.049700,19.160000
2012-05-07,-0.270000,2.190000,91.074700,18.940000
2012-05-08,-0.280000,2.160000,91.410700,19.050000
2012-05-09,-0.270000,2.140000,91.763200,20.080000
2012-05-10,-0.250000,2.140000,91.707700,18.830000
2012-05-11,-0.280000,2.120000,91.730600,19.890000
2012-05-14,-0.330000,2.110000,92.249100,21.870000
2012-05-15,-0.360000,2.120000,92.523500,21.970000
2012-05-16,-0.330000,2.090000,92.903000,22.270000
2012-05-17,-0.350000,2.050000,92.963200,24.490000
2012-05-18,-0.390000,2.100000,93.139500,25.100000
2012-05-21,-0.410000,2.160000,93.094500,22.010000
2012-05-22,-0.380000,2.170000,93.111300,22.480000
2012-05-23,-0.410000,2.140000,93.885500,22.330000
2012-05-24,-0.370000,2.140000,93.802700,21.540000
2012-05-25,-0.380000,2.130000,93.948800,21.760000
2012-05-28,,,,
2012-05-29,-0.370000,2.110000,93.875000,21.030000
2012-05-30,-0.450000,2.080000,94.302000,24.140000
2012-05-31,-0.500000,2.090000,94.685600,24.060000
2012-06-01,-0.590000,2.060000,94.697900,26.660000
2012-06-04,-0.560000,2.090000,94.518400,26.120000
2012-06-05,-0.560000,2.130000,94.618400,24.680000
2012-06-06,-0.500000,2.160000,94.036200,22.160000
2012-06-07,-0.490000,2.150000,93.774000,21.720000
2012-06-08,-0.500000,2.150000,94.202400,21.230000
2012-06-11,-0.530000,2.130000,94.036900,23.560000
2012-06-12,-0.480000,2.150000,94.069300,22.090000
2012-06-13,-0.510000,2.120000,93.830900,24.270000
2012-06-14,-0.470000,2.110000,93.815200,21.680000
2012-06-15,-0.540000,2.140000,93.520300,21.110000
2012-06-18,-0.540000,2.130000,93.643100,18.320000
2012-06-19,-0.530000,2.170000,93.052400,18.380000
2012-06-20,-0.510000,2.160000,93.160200,17.240000
2012-06-21,-0.470000,2.100000,93.637800,20.080000
2012-06-22,-0.420000,2.110000,93.920500,18.110000
2012-06-25,-0.470000,2.100000,94.175700,20.380000
2012-06-26,-0.450000,2.110000,93.985900,19.720000
2012-06-27,-0.450000,2.100000,93.872800,19.450000
2012-06-28,-0.480000,2.080000,94.020300,19.710000
2012-06-29,-0.460000,2.130000,92.909600,17.080000
2012-07-02,-0.500000,2.110000,92.951000,16.800000
2012-07-03,-0.480000,2.130000,92.650800,16.660000
2012-07-04,,,,
2012-07-05,-0.510000,2.130000,93.221100,17.500000
2012-07-06,-0.530000,2.100000,93.708700,17.100000
2012-07-09,-0.570000,2.100000,93.697400,17.980000
2012-07-10,-0.590000,2.120000,93.555200,18.720000
2012-07-11,-0.570000,2.110000,93.598100,17.950000
2012-07-12,-0.580000,2.080000,93.929800,18.330000
2012-07-13,-0.590000,2.110000,93.551500,16.740000
2012-07-16,-0.610000,2.110000,93.374600,17.110000
2012-07-17,-0.590000,2.120000,93.347900,16.480000
2012-07-18,-0.600000,2.120000,93.097300,16.160000
2012-07-19,-0.620000,2.160000,93.043800,15.450000
2012-07-20,-0.670000,2.160000,93.365300,16.270000
2012-07-23,-0.680000,2.150000,93.929700,18.620000
2012-07-24,-0.680000,2.120000,94.263500,20.470000
2012-07-25,-0.670000,2.100000,94.056400,19.340000
2012-07-26,-0.660000,2.110000,93.359500,17.530000
2012-07-27,-0.610000,2.190000,92.933300,16.700000
2012-07-30,-0.640000,2.170000,93.052400,18.030000
2012-07-31,-0.690000,2.200000,92.842200,18.930000
2012-08-01,-0.670000,2.230000,92.890500,18.960000
2012-08-02,-0.690000,2.200000,93.426900,17.570000
2012-08-03,-0.660000,2.260000,92.604800,15.640000
2012-08-06,-0.680000,2.270000,92.433900,15.950000
2012-08-07,-0.650000,2.310000,92.512800,15.990000
2012-08-08,-0.610000,2.290000,92.540700,15.320000
2012-08-09,-0.580000,2.270000,92.605700,15.280000
2012-08-10,-0.600000,2.250000,92.512900,14.740000
2012-08-13,-0.580000,2.230000,92.595500,13.700000
2012-08-14,-0.530000,2.260000,92.615200,14.850000
2012-08-15,-0.450000,2.250000,92.683800,14.630000
2012-08-16,-0.420000,2.250000,92.573700,14.290000
2012-08-17,-0.430000,2.240000,92.711000,13.450000
2012-08-20,-0.430000,2.250000,92.626300,14.020000
2012-08-21,-0.450000,2.250000,92.305300,15.020000
2012-08-22,-0.550000,2.260000,92.436200,15.110000
2012-08-23,-0.620000,2.300000,92.105700,15.960000
2012-08-24,-0.600000,2.280000,92.278500,15.180000
2012-08-27,-0.640000,2.290000,92.313500,16.350000
2012-08-28,-0.680000,2.320000,92.203300,16.490000
2012-08-29,-0.640000,2.300000,92.382300,17.060000
2012-08-30,-0.630000,2.260000,92.623900,17.830000
2012-08-31,-0.680000,2.250000,92.167700,17.470000
2012-09-03,,,,
2012-09-04,-0.680000,2.270000,92.158200,17.980000
2012-09-05,-0.690000,2.290000,92.126200,17.740000
2012-09-06,-0.630000,2.310000,91.897300,15.600000
2012-09-07,-0.680000,2.350000,91.346900,14.380000
2012-09-10,-0.680000,2.360000,91.310200,16.280000
2012-09-11,-0.680000,2.380000,91.057500,16.410000
2012-09-12,-0.610000,2.380000,91.047700,15.800000
2012-09-13,-0.720000,2.470000,90.963200,14.050000
2012-09-14,-0.760000,2.640000,90.143600,14.510000
2012-09-17,-0.740000,2.590000,90.283700,14.590000
2012-09-18,-0.730000,2.550000,90.502900,14.180000
2012-09-19,-0.750000,2.540000,90.464600,13.880000
2012-09-20,-0.700000,2.500000,90.763100,14.070000
2012-09-21,-0.710000,2.480000,90.534200,13.980000
2012-09-24,-0.730000,2.470000,90.826300,14.150000
2012-09-25,-0.740000,2.440000,90.607400,15.430000
2012-09-26,-0.770000,2.410000,91.002800,16.810000
2012-09-27,-0.780000,2.440000,90.753800,14.840000
2012-09-28,-0.770000,2.420000,90.834200,15.730000
2012-10-01,-0.780000,2.420000,90.701100,16.320000
2012-10-02,-0.830000,2.470000,90.644000,15.710000
2012-10-03,-0.830000,2.470000,90.872600,15.430000
2012-10-04,-0.860000,2.560000,90.493200,14.550000
2012-10-05,-0.820000,2.570000,90.285100,14.330000
2012-10-08,,,,15.110000
2012-10-09,-0.810000,2.550000,90.870300,16.370000
2012-10-10,-0.800000,2.520000,90.883000,16.290000
2012-10-11,-0.770000,2.470000,90.743700,15.590000
2012-10-12,-0.780000,2.470000,90.683300,16.140000
2012-10-15,-0.780000,2.480000,90.640900,15.270000
2012-10-16,-0.710000,2.460000,90.558300,15.220000
2012-10-17,-0.650000,2.480000,90.230900,15.070000
2012-10-18,-0.660000,2.520000,90.380400,15.030000
2012-10-19,-0.710000,2.500000,90.810700,17.060000
2012-10-22,-0.700000,2.530000,90.791100,16.620000
2012-10-23,-0.710000,2.500000,91.094500,18.830000
2012-10-24,-0.690000,2.490000,91.127500,18.330000
2012-10-25,-0.630000,2.490000,91.020000,18.120000
2012-10-26,-0.690000,2.470000,91.141100,17.810000
2012-10-29,-0.730000,2.470000,,
2012-10-30,,,,
2012-10-31,-0.780000,2.500000,91.160900,18.600000
2012-11-01,-0.770000,2.520000,91.121700,16.690000
2012-11-02,-0.730000,2.480000,91.281000,17.590000
2012-11-05,-0.750000,2.470000,91.477800,18.420000
2012-11-06,-0.720000,2.500000,91.290800,17.580000
2012-11-07,-0.800000,2.480000,91.451400,19.080000
2012-11-08,-0.850000,2.470000,91.537500,18.490000
2012-11-09,-0.830000,2.440000,91.687100,18.610000
2012-11-12,,,,16.680000
2012-11-13,-0.840000,2.430000,91.735600,16.650000
2012-11-14,-0.810000,2.400000,91.794200,17.920000
2012-11-15,-0.800000,2.380000,91.883700,17.990000
2012-11-16,-0.810000,2.390000,92.009500,16.410000
2012-11-19,-0.780000,2.390000,91.565300,15.240000
2012-11-20,-0.740000,2.400000,91.556000,15.080000
2012-11-21,-0.710000,2.400000,91.664500,15.310000
2012-11-22,,,,
2012-11-23,-0.720000,2.420000,91.261600,15.140000
2012-11-26,-0.730000,2.390000,91.278900,15.500000
2012-11-27,-0.740000,2.380000,91.260800,15.920000
2012-11-28,-0.750000,2.380000,91.330000,15.510000
2012-11-29,-0.780000,2.400000,91.210400,15.060000
2012-11-30,-0.790000,2.410000,91.103800,15.870000
2012-12-03,-0.810000,2.440000,91.008400,16.640000
2012-12-04,-0.830000,2.450000,90.974800,17.120000
2012-12-05,-0.850000,2.450000,90.942300,16.460000
2012-12-06,-0.870000,2.460000,91.062900,16.580000
2012-12-07,-0.860000,2.500000,91.043700,15.900000
2012-12-10,-0.870000,2.500000,90.963100,16.050000
2012-12-11,-0.840000,2.500000,90.840300,15.570000
2012-12-12,-0.790000,2.510000,90.770800,15.950000
2012-12-13,-0.730000,2.470000,90.776000,16.560000
2012-12-14,-0.740000,2.460000,90.715600,17.000000
2012-12-17,-0.700000,2.480000,90.619300,16.340000
2012-12-18,-0.670000,2.510000,90.516100,15.570000
2012-12-19,-0.660000,2.480000,90.489600,17.360000
2012-12-20,-0.690000,2.500000,90.600200,17.670000
2012-12-21,-0.710000,2.480000,90.959700,17.840000
2012-12-24,-0.690000,2.480000,91.035400,17.840000
2012-12-25,,,,
2012-12-26,-0.710000,2.480000,91.060600,19.480000
2012-12-27,-0.730000,2.470000,91.103700,19.470000
2012-12-28,-0.730000,2.460000,91.041900,22.720000
2012-12-31,-0.670000,2.450000,91.083400,18.020000
2013-01-01,,,,
2013-01-02,-0.620000,2.480000,90.694100,14.680000
2013-01-03,-0.540000,2.460000,90.809700,14.560000
2013-01-04,-0.550000,2.480000,91.102500,13.830000
2013-01-07,-0.600000,2.520000,90.985200,13.790000
2013-01-08,-0.600000,2.490000,91.057000,13.620000
2013-01-09,-0.640000,2.520000,91.008800,13.810000
2013-01-10,-0.620000,2.530000,90.642500,13.490000
2013-01-11,-0.630000,2.520000,90.535200,13.360000
2013-01-14,-0.660000,2.550000,90.493500,13.520000
2013-01-15,-0.660000,2.520000,90.519100,13.550000
2013-01-16,-0.650000,2.490000,90.596000,13.420000
2013-01-17,-0.640000,2.530000,90.540100,13.570000
2013-01-18,-0.660000,2.530000,90.869700,12.460000
2013-01-21,,,,
2013-01-22,-0.680000,2.540000,90.789200,12.430000
2013-01-23,-0.660000,2.520000,90.837600,12.460000
2013-01-24,-0.620000,2.500000,90.911200,12.690000
2013-01-25,-0.560000,2.540000,91.086800,12.890000
2013-01-28,-0.550000,2.550000,91.235400,13.570000
2013-01-29,-0.530000,2.560000,90.940600,13.310000
2013-01-30,-0.540000,2.570000,90.883600,14.320000
2013-01-31,-0.570000,2.590000,90.798000,14.280000
2013-02-01,-0.550000,2.590000,90.692300,12.900000
2013-02-04,-0.590000,2.590000,90.977400,14.670000
2013-02-05,-0.550000,2.590000,90.881000,13.720000
2013-02-06,-0.580000,2.580000,91.017600,13.410000
2013-02-07,-0.580000,2.570000,91.291200,13.500000
2013-02-08,-0.570000,2.560000,91.305600,13.020000
2013-02-11,-0.580000,2.570000,91.445100,12.940000
2013-02-12,-0.570000,2.590000,91.277900,12.640000
2013-02-13,-0.540000,2.590000,91.270900,12.980000
2013-02-14,-0.560000,2.560000,91.366000,12.660000
2013-02-15,-0.530000,2.540000,91.455100,12.460000
2013-02-18,,,,
2013-02-19,-0.520000,2.550000,91.507300,12.310000
2013-02-20,-0.520000,2.540000,91.668900,14.680000
2013-02-21,-0.540000,2.530000,92.039400,15.220000
2013-02-22,-0.570000,2.540000,92.119700,14.170000
2013-02-25,-0.620000,2.500000,92.197500,18.990000
2013-02-26,-0.620000,2.500000,92.424700,16.870000
2013-02-27,-0.610000,2.520000,92.234000,14.730000
2013-02-28,-0.640000,2.530000,92.295000,15.510000
2013-03-01,-0.670000,2.530000,92.617700,15.360000
2013-03-04,-0.650000,2.530000,92.631600,14.010000
2013-03-05,-0.650000,2.550000,92.496500,13.480000
2013-03-06,-0.610000,2.560000,,13.530000
2013-03-07,-0.560000,2.560000,92.546200,13.060000
2013-03-08,-0.500000,2.560000,92.625200,12.590000
2013-03-11,-0.500000,2.570000,92.535100,11.560000
2013-03-12,-0.520000,2.550000,92.385300,12.270000
2013-03-13,-0.520000,2.560000,92.470900,11.830000
2013-03-14,-0.530000,2.570000,92.469500,11.300000
2013-03-15,-0.550000,2.560000,92.128000,11.300000
2013-03-18,-0.600000,2.560000,92.337700,13.360000
2013-03-19,-0.610000,2.530000,92.526000,14.390000
2013-03-20,-0.570000,2.530000,92.414100,12.670000
2013-03-21,-0.570000,2.520000,92.332200,13.990000
2013-03-22,-0.600000,2.530000,92.205100,13.570000
2013-03-25,-0.600000,2.530000,92.308100,13.740000
2013-03-26,-0.610000,2.530000,92.232000,12.770000
2013-03-27,-0.640000,2.510000,92.446000,13.150000
2013-03-28,-0.640000,2.510000,92.254400,12.700000
2013-03-29,,,92.302000,
2013-04-01,-0.650000,2.510000,92.168700,13.580000
2013-04-02,-0.630000,2.510000,92.143200,12.780000
2013-04-03,-0.650000,2.480000,92.104000,14.210000
2013-04-04,-0.700000,2.480000,92.389600,13.890000
2013-04-05,-0.740000,2.460000,92.104300,13.920000
2013-04-08,-0.690000,2.450000,92.231700,13.190000
2013-04-09,-0.670000,2.450000,91.966900,12.840000
2013-04-10,-0.600000,2.440000,91.959800,12.360000
2013-04-11,-0.650000,2.470000,91.697200,12.240000
2013-04-12,-0.680000,2.430000,91.796700,12.060000
2013-04-15,-0.690000,2.410000,91.945700,17.270000
2013-04-16,-0.650000,2.400000,91.845100,13.960000
2013-04-17,-0.640000,2.370000,92.137200,16.510000
2013-04-18,-0.550000,2.270000,92.176000,17.560000
2013-04-19,-0.590000,2.320000,92.216600,14.970000
2013-04-22,-0.630000,2.350000,92.359100,14.390000
2013-04-23,-0.640000,2.380000,92.383600,13.480000
2013-04-24,-0.650000,2.380000,92.458100,13.610000
2013-04-25,-0.660000,2.400000,92.039400,13.620000
2013-04-26,-0.680000,2.380000,91.901200,13.610000
2013-04-29,-0.670000,2.370000,91.653900,13.710000
2013-04-30,-0.640000,2.340000,91.374100,13.520000
2013-05-01,-0.640000,2.300000,91.433100,14.490000
2013-05-02,-0.620000,2.280000,91.617400,13.590000
2013-05-03,-0.530000,2.310000,91.508700,12.850000
2013-05-06,-0.510000,2.310000,91.638700,12.660000
2013-05-07,-0.500000,2.320000,91.520100,12.830000
2013-05-08,-0.480000,2.290000,91.184800,12.660000
2013-05-09,-0.500000,2.310000,91.303600,13.130000
2013-05-10,-0.450000,2.350000,92.252700,12.590000
2013-05-13,-0.410000,2.330000,92.271100,12.550000
2013-05-14,-0.370000,2.330000,92.369700,12.770000
2013-05-15,-0.360000,2.300000,92.769100,12.810000
2013-05-16,-0.400000,2.270000,92.660200,13.070000
2013-05-17,-0.310000,2.260000,93.161700,12.450000
2013-05-20,-0.310000,2.280000,93.035900,13.020000
2013-05-21,-0.340000,2.280000,92.966200,13.370000
2013-05-22,-0.240000,2.270000,93.310400,13.820000
2013-05-23,-0.240000,2.260000,93.211300,14.070000
2013-05-24,-0.260000,2.270000,93.276800,13.990000
2013-05-27,,,,
2013-05-28,-0.140000,2.290000,93.585300,14.480000
2013-05-29,-0.100000,2.230000,93.531000,14.830000
2013-05-30,-0.050000,2.180000,93.421900,14.530000
2013-05-31,-0.050000,2.210000,93.607600,16.300000
2013-06-03,-0.070000,2.200000,93.163000,16.280000
2013-06-04,-0.050000,2.190000,93.306700,16.270000
2013-06-05,-0.060000,2.160000,93.275000,17.500000
2013-06-06,-0.050000,2.130000,92.809000,16.630000
2013-06-07,0.030000,2.140000,92.605600,15.140000
2013-06-10,0.110000,2.110000,92.973000,15.440000
2013-06-11,0.130000,2.070000,92.799600,17.070000
2013-06-12,0.210000,2.040000,92.477500,18.590000
2013-06-13,0.150000,2.040000,92.344900,16.410000
2013-06-14,0.090000,2.050000,92.188600,17.150000
2013-06-17,0.150000,2.040000,92.333200,16.800000
2013-06-18,0.140000,2.060000,92.543200,16.610000
2013-06-19,0.290000,2.040000,92.475500,16.640000
2013-06-20,0.460000,1.950000,94.125000,20.490000
2013-06-21,0.590000,1.930000,94.424300,18.900000
2013-06-24,0.640000,1.930000,94.571400,20.110000
2013-06-25,0.640000,1.960000,94.328500,18.470000
2013-06-26,0.600000,1.950000,94.380700,17.210000
2013-06-27,0.500000,1.990000,94.242900,16.860000
2013-06-28,0.530000,1.990000,94.304700,16.860000
2013-07-01,0.480000,2.020000,94.099800,16.370000
2013-07-02,0.440000,2.040000,94.405100,16.440000
2013-07-03,0.480000,2.040000,94.476700,16.200000
2013-07-04,,,,
2013-07-05,0.660000,2.070000,95.063900,14.890000
2013-07-08,0.580000,2.070000,94.995400,14.780000
2013-07-09,0.590000,2.060000,94.946700,14.350000
2013-07-10,0.640000,2.060000,94.759500,14.210000
2013-07-11,0.560000,2.040000,93.949000,14.010000
2013-07-12,0.550000,2.060000,94.002900,13.840000
2013-07-15,0.470000,2.100000,93.972900,13.790000
2013-07-16,0.410000,2.140000,93.523200,14.420000
2013-07-17,0.380000,2.140000,93.549800,13.780000
2013-07-18,0.380000,2.180000,93.681000,13.770000
2013-07-19,0.290000,2.210000,93.475900,12.540000
2013-07-22,0.280000,2.220000,93.225300,12.290000
2013-07-23,0.330000,2.200000,93.163100,12.660000
2013-07-24,0.440000,2.170000,93.312400,13.180000
2013-07-25,0.440000,2.170000,93.286200,12.970000
2013-07-26,0.430000,2.150000,93.169500,12.720000
2013-07-29,0.450000,2.160000,93.166300,13.390000
2013-07-30,0.460000,2.170000,93.397600,13.390000
2013-07-31,0.380000,2.220000,93.570300,13.450000
2013-08-01,0.480000,2.260000,93.797200,12.940000
2013-08-02,0.420000,2.210000,93.578900,11.980000
2013-08-05,0.420000,2.250000,93.507000,11.840000
2013-08-06,0.390000,2.280000,93.319900,12.720000
2013-08-07,0.350000,2.260000,93.265200,12.980000
2013-08-08,0.340000,2.240000,92.848300,12.730000
2013-08-09,0.330000,2.240000,92.839400,13.410000
2013-08-12,0.370000,2.240000,92.917800,12.810000
2013-08-13,0.480000,2.230000,93.476000,12.310000
2013-08-14,0.500000,2.210000,93.382000,13.040000
2013-08-15,0.600000,2.170000,93.505900,14.730000
2013-08-16,0.680000,2.160000,93.425500,14.370000
2013-08-19,0.750000,2.130000,93.662300,15.100000
2013-08-20,0.670000,2.150000,93.553600,14.910000
2013-08-21,0.730000,2.140000,94.036200,15.940000
2013-08-22,0.790000,2.110000,94.280400,14.760000
2013-08-23,0.690000,2.130000,93.946600,13.980000
2013-08-26,0.640000,2.150000,94.185300,14.990000
2013-08-27,0.570000,2.150000,94.393400,16.770000
2013-08-28,0.630000,2.150000,94.412700,16.490000
2013-08-29,0.650000,2.100000,94.639800,16.810000
2013-08-30,0.680000,2.100000,94.754100,17.010000
2013-09-02,,,,
2013-09-03,0.760000,2.100000,94.957400,16.610000
2013-09-04,0.830000,2.070000,94.573900,15.880000
2013-09-05,0.920000,2.060000,94.889100,15.770000
2013-09-06,0.870000,2.070000,94.248700,15.850000
2013-09-09,0.840000,2.060000,94.000900,15.630000
2013-09-10,0.860000,2.100000,93.938000,14.530000
2013-09-11,0.800000,2.130000,93.711200,13.820000
2013-09-12,0.810000,2.110000,93.590300,14.290000
2013-09-13,0.800000,2.100000,93.666600,14.160000
2013-09-16,0.760000,2.120000,93.287500,14.380000
2013-09-17,0.700000,2.160000,93.223100,14.530000
2013-09-18,0.490000,2.200000,93.256900,13.590000
2013-09-19,0.550000,2.210000,92.408200,13.160000
2013-09-20,0.520000,2.230000,92.604900,13.120000
2013-09-23,0.460000,2.260000,92.613000,14.310000
2013-09-24,0.480000,2.190000,92.769100,14.080000
2013-09-25,0.450000,2.180000,92.767500,14.010000
2013-09-26,0.470000,2.190000,93.009600,14.060000
2013-09-27,0.460000,2.180000,92.974700,15.460000
2013-09-30,0.450000,2.190000,92.920700,16.600000
2013-10-01,0.460000,2.200000,92.951500,15.540000
2013-10-02,0.430000,2.200000,92.772000,16.600000
2013-10-03,0.430000,2.190000,92.746100,17.670000
2013-10-04,0.460000,2.200000,92.646900,16.740000
2013-10-07,0.450000,2.200000,92.672500,19.410000
2013-10-08,0.480000,2.180000,92.755800,20.340000
2013-10-09,0.470000,2.210000,93.082900,19.600000
2013-10-10,0.500000,2.210000,92.857900,16.480000
2013-10-11,0.500000,2.200000,92.854000,15.720000
2013-10-14,,,,16.070000
2013-10-15,0.540000,2.210000,92.764200,18.660000
2013-10-16,0.500000,2.190000,92.681900,14.710000
2013-10-17,0.450000,2.160000,92.024600,13.480000
2013-10-18,0.420000,2.180000,91.998900,13.040000
2013-10-21,0.440000,2.190000,92.249800,13.160000
2013-10-22,0.370000,2.170000,91.956300,13.330000
2013-10-23,0.360000,2.150000,92.094700,13.420000
2013-10-24,0.360000,2.170000,92.186700,13.200000
2013-10-25,0.340000,2.190000,92.162300,13.090000
2013-10-28,0.350000,2.190000,92.187200,13.310000
2013-10-29,0.350000,2.180000,92.301000,13.410000
2013-10-30,0.370000,2.180000,92.305700,13.650000
2013-10-31,0.400000,2.170000,92.731000,13.750000
2013-11-01,0.500000,2.150000,93.155000,13.280000
2013-11-04,0.500000,2.130000,92.935900,12.930000
2013-11-05,0.550000,2.140000,93.211200,13.270000
2013-11-06,0.480000,2.190000,93.094300,12.670000
2013-11-07,0.460000,2.170000,93.400300,13.910000
2013-11-08,0.590000,2.180000,93.661900,12.900000
2013-11-11,,,,12.530000
2013-11-12,0.620000,2.180000,93.765100,12.820000
2013-11-13,0.580000,2.170000,93.484800,12.520000
2013-11-14,0.510000,2.180000,93.432800,12.370000
2013-11-15,0.530000,2.180000,93.285400,12.190000
2013-11-18,0.480000,2.190000,92.982400,13.100000
2013-11-19,0.530000,2.180000,93.064900,13.390000
2013-11-20,0.640000,2.160000,93.250100,13.400000
2013-11-21,0.600000,2.190000,93.563800,12.660000
2013-11-22,0.560000,2.190000,93.419800,12.260000
2013-11-25,0.560000,2.180000,93.553900,12.790000
2013-11-26,0.540000,2.170000,93.522600,12.810000
2013-11-27,0.580000,2.160000,93.686400,12.980000
2013-11-28,,,,
2013-11-29,0.600000,2.150000,93.629100,13.700000
2013-12-02,0.660000,2.150000,93.885600,14.230000
2013-12-03,0.640000,2.150000,93.825100,14.550000
2013-12-04,0.730000,2.110000,93.899700,14.700000
2013-12-05,0.760000,2.120000,93.495400,15.080000
2013-12-06,0.770000,2.110000,93.404500,13.790000
2013-12-09,0.740000,2.120000,93.144400,13.490000
2013-12-10,0.690000,2.120000,,13.910000
2013-12-11,0.710000,2.150000,93.084200,15.420000
2013-12-12,0.750000,2.140000,93.429200,15.540000
2013-12-13,0.720000,2.160000,93.356800,15.760000
2013-12-16,0.710000,2.180000,93.217500,16.030000
2013-12-17,0.670000,2.180000,93.302000,16.210000
2013-12-18,0.720000,2.170000,93.420700,13.800000
2013-12-19,0.790000,2.150000,93.736800,14.150000
2013-12-20,0.730000,2.160000,93.721100,13.790000
2013-12-23,0.760000,2.180000,93.572000,13.040000
2013-12-24,0.800000,2.190000,93.673400,12.480000
2013-12-25,,,,
2013-12-26,0.800000,2.200000,93.766000,12.330000
2013-12-27,0.800000,2.220000,93.701800,12.460000
2013-12-30,0.760000,2.230000,93.486600,13.560000
2013-12-31,0.800000,2.240000,93.557600,13.720000
2014-01-01,,,,
2014-01-02,0.740000,2.260000,93.819200,14.230000
2014-01-03,0.750000,2.260000,93.853000,13.760000
2014-01-06,0.720000,2.260000,93.910900,13.550000
2014-01-07,0.700000,2.260000,94.039800,12.920000
2014-01-08,0.720000,2.290000,94.218100,12.870000
2014-01-09,0.660000,2.310000,94.329900,12.890000
2014-01-10,0.590000,2.290000,94.004500,12.140000
2014-01-13,0.570000,2.270000,93.899000,13.280000
2014-01-14,0.620000,2.260000,94.030300,12.280000
2014-01-15,0.620000,2.280000,94.341000,12.280000
2014-01-16,0.610000,2.250000,94.550700,12.530000
2014-01-17,0.580000,2.260000,94.584600,12.440000
2014-01-20,,,,
2014-01-21,0.590000,2.260000,94.679000,12.870000
2014-01-22,0.620000,2.250000,94.847900,12.840000
2014-01-23,0.660000,2.130000,94.841500,13.770000
2014-01-24,0.610000,2.140000,94.855500,18.140000
2014-01-27,0.640000,2.140000,94.905900,17.420000
2014-01-28,0.620000,2.150000,94.880000,15.800000
2014-01-29,0.550000,2.140000,94.862100,17.350000
2014-01-30,0.570000,2.150000,95.129400,17.290000
2014-01-31,0.530000,2.140000,95.177400,18.410000
2014-02-03,0.470000,2.140000,95.246900,21.440000
2014-02-04,0.510000,2.130000,95.043800,19.110000
2014-02-05,0.560000,2.140000,95.028500,19.950000
2014-02-06,0.570000,2.160000,94.717700,17.230000
2014-02-07,0.530000,2.180000,94.745700,15.290000
2014-02-10,0.510000,2.190000,94.718900,15.260000
2014-02-11,0.560000,2.190000,94.637700,14.510000
2014-02-12,0.590000,2.210000,94.620900,14.300000
2014-02-13,0.560000,2.170000,,14.140000
2014-02-14,0.590000,2.160000,94.271100,13.570000
2014-02-17,,,,
2014-02-18,0.570000,2.140000,94.193400,13.870000
2014-02-19,0.600000,2.130000,94.380000,15.500000
2014-02-20,0.630000,2.130000,94.657100,14.790000
2014-02-21,0.610000,2.120000,,14.680000
2014-02-24,0.590000,2.160000,94.404200,14.230000
2014-02-25,0.550000,2.150000,94.473500,13.670000
2014-02-26,0.510000,2.160000,94.775400,14.350000
2014-02-27,0.490000,2.160000,94.672200,14.040000
2014-02-28,0.490000,2.170000,94.387900,14.000000
2014-03-03,0.440000,2.160000,,16.000000
2014-03-04,0.520000,2.180000,94.656800,14.100000
2014-03-05,0.520000,2.180000,94.467900,13.890000
2014-03-06,0.530000,2.210000,93.985800,14.210000
2014-03-07,0.570000,2.230000,94.253200,14.110000
2014-03-10,0.570000,2.220000,94.373100,14.200000
2014-03-11,0.570000,2.200000,94.387000,14.800000
2014-03-12,0.540000,2.190000,94.462000,14.470000
2014-03-13,0.490000,2.170000,94.187200,16.220000
2014-03-14,0.480000,2.170000,94.243000,17.820000
2014-03-17,0.520000,2.180000,,15.640000
2014-03-18,0.500000,2.180000,94.263100,14.520000
2014-03-19,0.620000,2.160000,94.375200,15.120000
2014-03-20,0.660000,2.130000,94.998600,14.520000
2014-03-21,0.610000,2.140000,94.854700,15.000000
2014-03-24,0.590000,2.150000,94.759000,15.090000
2014-03-25,0.610000,2.140000,94.637900,14.020000
2014-03-26,0.570000,2.140000,94.528100,14.930000
2014-03-27,0.560000,2.130000,94.331500,14.620000
2014-03-28,0.600000,2.130000,94.368300,14.410000
2014-03-31,0.600000,2.130000,94.243200,13.880000
2014-04-01,0.630000,2.140000,94.124400,13.100000
2014-04-02,0.680000,2.140000,94.310300,13.090000
2014-04-03,0.660000,2.140000,94.512000,13.370000
2014-04-04,0.610000,2.130000,94.219100,13.960000
2014-04-07,0.590000,2.120000,94.088100,15.570000
2014-04-08,0.580000,2.110000,93.657900,14.890000
2014-04-09,0.570000,2.140000,93.671600,13.820000
2014-04-10,0.510000,2.140000,93.512300,15.890000
2014-04-11,0.500000,2.130000,93.639500,17.030000
2014-04-14,0.520000,2.130000,93.804600,16.110000
2014-04-15,0.500000,2.140000,93.948600,15.610000
2014-04-16,0.480000,2.170000,93.946100,14.180000
2014-04-17,0.520000,2.210000,93.893600,13.360000
2014-04-18,,,93.962900,
2014-04-21,0.530000,2.200000,94.033700,13.250000
2014-04-22,0.520000,2.210000,94.080200,13.190000
2014-04-23,0.490000,2.210000,94.149000,13.270000
2014-04-24,0.490000,2.210000,94.129400,13.320000
2014-04-25,0.480000,2.200000,94.162300,14.060000
2014-04-28,0.520000,2.180000,94.137400,13.970000
2014-04-29,0.530000,2.180000,94.029500,13.710000
2014-04-30,0.490000,2.180000,93.889600,13.410000
2014-05-01,0.430000,2.200000,93.870700,13.250000
2014-05-02,0.410000,2.190000,93.818200,12.910000
2014-05-05,0.450000,2.180000,93.733400,13.290000
2014-05-06,0.450000,2.160000,93.432400,13.800000
2014-05-07,0.420000,2.200000,93.433700,13.400000
2014-05-08,0.420000,2.190000,93.368600,13.430000
2014-05-09,0.440000,2.180000,93.661400,12.920000
2014-05-12,0.480000,2.180000,93.653700,12.230000
2014-05-13,0.450000,2.160000,93.675500,12.130000
2014-05-14,0.370000,2.170000,93.596800,12.170000
2014-05-15,0.310000,2.190000,93.706500,13.170000
2014-05-16,0.340000,2.180000,93.607300,12.440000
2014-05-19,0.370000,2.170000,93.502000,12.420000
2014-05-20,0.350000,2.170000,93.669900,12.960000
2014-05-21,0.360000,2.180000,93.762900,11.910000
2014-05-22,0.350000,2.210000,93.694400,12.030000
2014-05-23,0.320000,2.220000,93.704200,11.360000
2014-05-26,,,,
2014-05-27,0.310000,2.210000,93.841800,11.510000
2014-05-28,0.220000,2.220000,93.879300,11.680000
2014-05-29,0.220000,2.230000,93.697300,11.570000
2014-05-30,0.260000,2.220000,93.760600,11.400000
2014-06-02,0.320000,2.220000,94.000600,11.580000
2014-06-03,0.410000,2.190000,94.053600,11.870000
2014-06-04,0.440000,2.170000,94.123900,12.080000
2014-06-05,0.410000,2.180000,93.973200,11.680000
2014-06-06,0.400000,2.200000,93.906900,10.730000
2014-06-09,0.410000,2.210000,93.962800,11.150000
2014-06-10,0.430000,2.210000,94.063800,10.990000
2014-06-11,0.430000,2.220000,93.974400,11.600000
2014-06-12,0.390000,2.190000,93.815500,12.560000
2014-06-13,0.410000,2.190000,93.916800,12.180000
2014-06-16,0.410000,2.200000,93.863900,12.650000
2014-06-17,0.430000,2.230000,94.082900,12.060000
2014-06-18,0.380000,2.230000,94.052500,10.610000
2014-06-19,0.390000,2.250000,93.752000,10.620000
2014-06-20,0.350000,2.280000,93.759100,10.850000
2014-06-23,0.350000,2.280000,93.628000,10.980000
2014-06-24,0.310000,2.280000,93.709300,12.130000
2014-06-25,0.290000,2.280000,93.585100,11.590000
2014-06-26,0.260000,2.270000,93.547100,11.630000
2014-06-27,0.270000,2.270000,93.398300,11.260000
2014-06-30,0.270000,2.260000,93.205800,11.570000
2014-07-01,0.320000,2.260000,93.136500,11.150000
2014-07-02,0.380000,2.260000,93.247800,10.820000
2014-07-03,0.370000,2.280000,93.314900,10.320000
2014-07-04,,,,
2014-07-07,0.360000,2.270000,93.380300,11.330000
2014-07-08,0.310000,2.270000,93.323000,11.980000
2014-07-09,0.280000,2.290000,93.228000,11.650000
2014-07-10,0.270000,2.280000,93.315200,12.590000
2014-07-11,0.250000,2.280000,93.417100,12.080000
2014-07-14,0.280000,2.270000,93.410100,11.820000
2014-07-15,0.310000,2.250000,93.579600,11.960000
2014-07-16,0.320000,2.230000,93.599100,11.000000
2014-07-17,0.240000,2.230000,93.658600,14.540000
2014-07-18,0.260000,2.240000,93.660800,12.060000
2014-07-21,0.250000,2.240000,93.606900,12.810000
2014-07-22,0.250000,2.230000,93.630600,12.240000
2014-07-23,0.250000,2.230000,93.595100,11.520000
2014-07-24,0.250000,2.270000,93.683600,11.840000
2014-07-25,0.200000,2.280000,93.829400,12.690000
2014-07-28,0.220000,2.280000,93.830000,12.560000
2014-07-29,0.200000,2.270000,94.044300,13.280000
2014-07-30,0.290000,2.280000,94.347300,13.330000
2014-07-31,0.290000,2.290000,94.446700,16.950000
2014-08-01,0.250000,2.270000,94.475400,17.030000
2014-08-04,0.260000,2.250000,94.448000,15.120000
2014-08-05,0.250000,2.240000,94.675400,16.870000
2014-08-06,0.240000,2.250000,94.609200,16.370000
2014-08-07,0.190000,2.240000,94.636400,16.660000
2014-08-08,0.190000,2.250000,94.602700,15.770000
2014-08-11,0.190000,2.250000,94.476700,14.230000
2014-08-12,0.220000,2.240000,94.521100,14.130000
2014-08-13,0.200000,2.230000,94.468100,12.900000
2014-08-14,0.190000,2.210000,94.350800,12.420000
2014-08-15,0.160000,2.180000,94.294100,13.150000
2014-08-18,0.210000,2.180000,94.251900,12.320000
2014-08-19,0.230000,2.170000,94.435600,12.210000
2014-08-20,0.260000,2.170000,94.593700,11.780000
2014-08-21,0.240000,2.170000,94.673000,11.760000
2014-08-22,0.260000,2.140000,94.801200,11.470000
2014-08-25,0.240000,2.150000,94.915900,11.700000
2014-08-26,0.250000,2.140000,94.861700,11.630000
2014-08-27,0.230000,2.140000,94.686300,11.780000
2014-08-28,0.210000,2.130000,94.694700,12.050000
2014-08-29,0.230000,2.120000,94.725100,11.980000
2014-09-01,,,,
2014-09-02,0.270000,2.150000,95.063000,12.250000
2014-09-03,0.240000,2.170000,94.870900,12.360000
2014-09-04,0.280000,2.170000,95.264100,12.640000
2014-09-05,0.310000,2.150000,95.220300,12.090000
2014-09-08,0.350000,2.130000,95.416700,12.660000
2014-09-09,0.390000,2.110000,95.881100,13.500000
2014-09-10,0.440000,2.100000,95.864100,12.880000
2014-09-11,0.420000,2.120000,95.918400,12.800000
2014-09-12,0.490000,2.130000,96.074800,13.310000
2014-09-15,0.470000,2.130000,96.119500,14.120000
2014-09-16,0.480000,2.120000,95.848300,12.730000
2014-09-17,0.560000,2.060000,95.910600,12.650000
2014-09-18,0.610000,2.020000,96.128400,12.030000
2014-09-19,0.560000,2.030000,96.341700,12.110000
2014-09-22,0.580000,1.990000,96.462500,13.690000
2014-09-23,0.520000,2.020000,96.511200,14.930000
2014-09-24,0.540000,2.030000,96.657400,13.270000
2014-09-25,0.500000,2.020000,96.898800,15.640000
2014-09-26,0.570000,1.970000,97.208000,14.850000
2014-09-29,0.550000,1.950000,97.352300,15.980000
2014-09-30,0.550000,1.970000,97.526100,16.310000
2014-10-01,0.460000,1.960000,97.538700,16.710000
2014-10-02,0.490000,1.950000,97.306200,16.160000
2014-10-03,0.520000,1.930000,97.984600,14.550000
2014-10-06,0.500000,1.930000,97.551300,15.460000
2014-10-07,0.440000,1.920000,97.445900,17.200000
2014-10-08,0.390000,1.960000,97.494500,15.110000
2014-10-09,0.370000,1.970000,97.171100,18.760000
2014-10-10,0.350000,1.960000,97.414400,21.240000
2014-10-13,,,,24.640000
2014-10-14,0.290000,1.920000,97.394300,22.790000
2014-10-15,0.290000,1.860000,97.353200,26.250000
2014-10-16,0.280000,1.890000,97.286900,25.200000
2014-10-17,0.300000,1.920000,97.306700,21.990000
2014-10-20,0.290000,1.910000,97.287400,18.570000
2014-10-21,0.330000,1.900000,97.248800,16.080000
2014-10-22,0.340000,1.910000,97.459000,17.870000
2014-10-23,0.380000,1.910000,97.604700,16.530000
2014-10-24,0.390000,1.900000,97.477200,16.110000
2014-10-27,0.380000,1.890000,97.542300,16.040000
2014-10-28,0.390000,1.910000,97.217300,14.390000
2014-10-29,0.420000,1.920000,97.014500,15.150000
2014-10-30,0.420000,1.900000,97.456000,14.520000
2014-10-31,0.430000,1.920000,98.116300,14.030000
2014-11-03,0.430000,1.930000,98.533600,14.730000
2014-11-04,0.430000,1.920000,98.557600,14.890000
2014-11-05,0.430000,1.930000,98.808600,14.170000
2014-11-06,0.450000,1.940000,99.132500,13.670000
2014-11-07,0.380000,1.940000,99.023600,13.120000
2014-11-10,0.440000,1.940000,98.930500,12.670000
2014-11-11,,,,12.920000
2014-11-12,0.460000,1.910000,98.889700,13.020000
2014-11-13,0.470000,1.880000,99.104500,13.790000
2014-11-14,0.430000,1.890000,99.091700,13.310000
2014-11-17,0.480000,1.860000,99.218800,13.990000
2014-11-18,0.480000,1.840000,99.018500,13.860000
2014-11-19,0.530000,1.830000,99.242400,13.960000
2014-11-20,0.490000,1.850000,99.255400,13.580000
2014-11-21,0.450000,1.860000,99.289400,12.900000
2014-11-24,0.440000,1.860000,99.422700,12.620000
2014-11-25,0.420000,1.850000,99.283700,12.250000
2014-11-26,0.420000,1.820000,99.189300,12.070000
2014-11-27,,,,
2014-11-28,0.390000,1.790000,100.071900,13.330000
2014-12-01,0.430000,1.790000,99.896400,14.290000
2014-12-02,0.510000,1.770000,100.447800,12.850000
2014-12-03,0.500000,1.790000,100.569600,12.470000
2014-12-04,0.480000,1.770000,100.393100,12.380000
2014-12-05,0.560000,1.750000,101.098900,11.820000
2014-12-08,0.550000,1.710000,101.310000,14.210000
2014-12-09,0.490000,1.730000,100.809500,14.890000
2014-12-10,0.470000,1.710000,101.021200,18.530000
2014-12-11,0.490000,1.700000,101.444800,20.080000
2014-12-12,0.460000,1.640000,101.373500,21.080000
2014-12-15,0.500000,1.620000,101.674000,20.420000
2014-12-16,0.420000,1.650000,101.526000,23.570000
2014-12-17,0.490000,1.650000,101.552700,19.440000
2014-12-18,0.570000,1.650000,101.753100,16.810000
2014-12-19,0.490000,1.680000,102.048300,16.490000
2014-12-22,0.470000,1.700000,101.994200,15.250000
2014-12-23,0.560000,1.700000,102.348000,14.800000
2014-12-24,0.590000,1.680000,102.302800,14.370000
2014-12-25,,,,
2014-12-26,0.580000,1.670000,,14.500000
2014-12-29,0.570000,1.650000,102.376700,15.060000
2014-12-30,0.560000,1.640000,102.101900,15.920000
2014-12-31,0.490000,1.680000,102.284300,19.200000
2015-01-01,,,,
2015-01-02,0.410000,1.710000,102.902700,17.790000
2015-01-05,0.400000,1.640000,103.497600,19.920000
2015-01-06,0.410000,1.560000,103.293800,21.120000
2015-01-07,0.390000,1.570000,103.631600,19.310000
2015-01-08,0.410000,1.620000,103.279900,17.010000
2015-01-09,0.360000,1.620000,103.121300,17.550000
2015-01-12,0.350000,1.570000,103.237200,19.600000
2015-01-13,0.370000,1.540000,103.270000,20.560000
2015-01-14,0.290000,1.570000,103.090300,21.480000
2015-01-15,0.190000,1.580000,103.082900,22.390000
2015-01-16,0.230000,1.600000,103.218900,20.950000
2015-01-19,,,,
2015-01-20,0.230000,1.590000,103.523300,19.890000
2015-01-21,0.260000,1.610000,103.785800,18.850000
2015-01-22,0.290000,1.610000,103.927100,16.400000
2015-01-23,0.210000,1.600000,104.367600,16.660000
2015-01-26,0.220000,1.610000,104.481800,15.520000
2015-01-27,0.170000,1.660000,104.164600,17.220000
2015-01-28,0.120000,1.610000,104.473700,20.440000
2015-01-29,0.150000,1.620000,105.276300,18.760000
2015-01-30,0.030000,1.650000,105.588400,20.970000
2015-02-02,0.030000,1.650000,105.205800,19.430000
2015-02-03,0.090000,1.700000,104.606300,17.330000
2015-02-04,0.100000,1.710000,104.785000,18.330000
2015-02-05,0.130000,1.700000,104.491500,16.850000
2015-02-06,0.240000,1.710000,105.128300,17.290000
2015-02-09,0.250000,1.710000,104.988900,18.550000
2015-02-10,0.310000,1.700000,105.289700,17.230000
2015-02-11,0.320000,1.680000,105.790100,16.960000
2015-02-12,0.330000,1.660000,104.938500,15.340000
2015-02-13,0.340000,1.680000,104.845200,14.690000
2015-02-16,,,,
2015-02-17,0.430000,1.710000,,15.800000
2015-02-18,0.360000,1.710000,105.251400,15.450000
2015-02-19,0.370000,1.740000,105.140700,15.290000
2015-02-20,0.380000,1.750000,105.338700,14.300000
2015-02-23,0.340000,1.720000,105.535900,14.560000
2015-02-24,0.270000,1.720000,105.547200,13.690000
2015-02-25,0.240000,1.720000,105.050300,13.840000
2015-02-26,0.240000,1.790000,105.502100,13.910000
2015-02-27,0.170000,1.830000,105.598100,13.340000
2015-03-02,0.250000,1.830000,105.815100,13.040000
2015-03-03,0.260000,1.860000,105.556200,13.860000
2015-03-04,0.250000,1.870000,106.133300,14.230000
2015-03-05,0.270000,1.840000,,14.040000
2015-03-06,0.410000,1.830000,107.433700,15.200000
2015-03-09,0.440000,1.760000,107.519900,15.060000
2015-03-10,0.410000,1.730000,108.116500,16.690000
2015-03-11,0.390000,1.720000,108.523500,16.870000
2015-03-12,0.390000,1.710000,108.174100,15.420000
2015-03-13,0.440000,1.690000,108.917400,16.000000
2015-03-16,0.450000,1.650000,108.642200,15.610000
2015-03-17,0.420000,1.640000,108.580500,15.660000
2015-03-18,0.230000,1.700000,108.408000,13.970000
2015-03-19,0.190000,1.790000,108.182600,14.070000
2015-03-20,0.170000,1.760000,107.167100,13.020000
2015-03-23,0.170000,1.750000,106.502200,13.410000
2015-03-24,0.110000,1.770000,106.440100,13.620000
2015-03-25,0.120000,1.810000,106.263600,15.440000
2015-03-26,0.210000,1.800000,106.558200,15.800000
2015-03-27,0.190000,1.760000,106.891600,15.070000
2015-03-30,0.230000,1.730000,107.394100,14.510000
2015-03-31,0.180000,1.760000,107.439600,15.290000
2015-04-01,0.070000,1.800000,107.060000,15.110000
2015-04-02,0.110000,1.810000,106.673800,14.670000
2015-04-03,0.020000,1.830000,105.886100,
2015-04-06,0.070000,1.850000,105.787600,14.740000
2015-04-07,0.040000,1.850000,106.448800,14.780000
2015-04-08,0.080000,1.840000,106.423100,13.980000
2015-04-09,0.130000,1.840000,107.033500,13.090000
2015-04-10,0.140000,1.820000,107.452600,12.580000
2015-04-13,0.140000,1.800000,107.750800,13.940000
2015-04-14,0.100000,1.800000,107.054700,13.670000
2015-04-15,0.070000,1.840000,107.185500,12.840000
2015-04-16,0.050000,1.850000,106.276100,12.600000
2015-04-17,-0.020000,1.890000,106.329000,13.890000
2015-04-20,0.010000,1.890000,106.490200,13.300000
2015-04-21,0.060000,1.860000,106.558200,13.250000
2015-04-22,0.120000,1.870000,106.581500,12.710000
2015-04-23,0.070000,1.890000,106.165800,12.480000
2015-04-24,0.040000,1.890000,105.905000,12.290000
2015-04-27,0.030000,1.910000,105.689100,13.120000
2015-04-28,0.110000,1.890000,105.123400,12.410000
2015-04-29,0.140000,1.920000,104.563400,13.390000
2015-04-30,0.110000,1.940000,105.312000,14.550000
2015-05-01,0.180000,1.940000,105.638200,12.700000
2015-05-04,0.240000,1.920000,105.667900,12.850000
2015-05-05,0.250000,1.940000,105.239600,14.310000
2015-05-06,0.340000,1.910000,104.693500,15.150000
2015-05-07,0.300000,1.880000,105.194100,15.130000
2015-05-08,0.280000,1.880000,104.842400,12.860000
2015-05-11,0.400000,1.880000,105.307500,13.850000
2015-05-12,0.400000,1.880000,104.892400,13.860000
2015-05-13,0.410000,1.860000,104.360800,13.760000
2015-05-14,0.360000,1.870000,104.235900,12.740000
2015-05-15,0.310000,1.830000,104.020200,12.380000
2015-05-18,0.370000,1.860000,104.606800,12.730000
2015-05-19,0.420000,1.850000,105.344800,12.850000
2015-05-20,0.380000,1.880000,105.560500,12.880000
2015-05-21,0.350000,1.840000,105.380800,12.110000
2015-05-22,0.340000,1.870000,105.848700,12.130000
2015-05-25,,,,
2015-05-26,0.320000,1.820000,106.729400,14.060000
2015-05-27,0.340000,1.800000,106.908000,13.270000
2015-05-28,0.330000,1.800000,106.920000,13.310000
2015-05-29,0.320000,1.800000,106.738800,13.840000
2015-06-01,0.390000,1.800000,107.223800,13.970000
2015-06-02,0.440000,1.830000,106.450700,14.240000
2015-06-03,0.550000,1.830000,106.144300,13.660000
2015-06-04,0.500000,1.810000,106.472500,14.710000
2015-06-05,0.550000,1.860000,107.133600,14.210000
2015-06-08,0.540000,1.850000,106.769300,15.290000
2015-06-09,0.560000,1.860000,106.223800,14.470000
2015-06-10,0.630000,1.870000,105.803700,13.220000
2015-06-11,0.560000,1.830000,106.093400,12.850000
2015-06-12,0.550000,1.840000,105.901500,13.780000
2015-06-15,0.510000,1.850000,105.998900,15.390000
2015-06-16,0.440000,1.880000,106.047300,14.810000
2015-06-17,0.420000,1.900000,106.058000,14.500000
2015-06-18,0.460000,1.890000,105.102000,13.190000
2015-06-19,0.400000,1.860000,105.449600,13.960000
2015-06-22,0.470000,1.900000,105.384600,12.740000
2015-06-23,0.500000,1.920000,105.967800,12.110000
2015-06-24,0.480000,1.900000,106.252200,13.260000
2015-06-25,0.490000,1.910000,106.151500,14.010000
2015-06-26,0.570000,1.920000,106.411600,14.020000
2015-06-29,0.460000,1.870000,106.378500,18.850000
2015-06-30,0.480000,1.870000,106.519100,18.230000
2015-07-01,0.540000,1.890000,107.010100,16.090000
2015-07-02,0.490000,1.910000,106.910600,16.790000
2015-07-03,,,,
2015-07-06,0.430000,1.870000,107.134300,17.010000
2015-07-07,0.400000,1.870000,107.785000,16.090000
2015-07-08,0.390000,1.830000,107.473400,19.660000
2015-07-09,0.470000,1.850000,107.559500,19.970000
2015-07-10,0.550000,1.870000,107.213000,16.830000
2015-07-13,0.580000,1.860000,107.584900,13.900000
2015-07-14,0.560000,1.850000,107.484300,13.370000
2015-07-15,0.520000,1.840000,108.014900,13.230000
2015-07-16,0.520000,1.840000,108.172600,12.110000
2015-07-17,0.510000,1.830000,108.537400,11.950000
2015-07-20,0.560000,1.820000,108.694400,12.250000
2015-07-21,0.530000,1.820000,108.389300,12.220000
2015-07-22,0.530000,1.800000,108.781700,12.120000
2015-07-23,0.490000,1.790000,108.756500,12.640000
2015-07-24,0.510000,1.760000,109.017400,13.740000
2015-07-27,0.500000,1.730000,108.692400,15.600000
2015-07-28,0.510000,1.750000,108.688100,13.440000
2015-07-29,0.520000,1.770000,108.604000,12.500000
2015-07-30,0.510000,1.770000,109.432800,12.130000
2015-07-31,0.460000,1.740000,108.781900,12.120000
2015-08-03,0.460000,1.700000,109.214000,12.560000
2015-08-04,0.520000,1.710000,109.224400,13.000000
2015-08-05,0.580000,1.700000,109.842000,12.510000
2015-08-06,0.560000,1.670000,109.722000,13.770000
2015-08-07,0.520000,1.660000,109.437600,13.390000
2015-08-10,0.550000,1.690000,109.193100,12.230000
2015-08-11,0.490000,1.660000,109.946400,13.710000
2015-08-12,0.520000,1.620000,109.465500,13.610000
2015-08-13,0.570000,1.620000,109.902500,13.490000
2015-08-14,0.580000,1.620000,109.917400,12.830000
2015-08-17,0.580000,1.580000,110.143500,13.020000
2015-08-18,0.620000,1.580000,110.250400,13.790000
2015-08-19,0.550000,1.570000,110.433300,15.250000
2015-08-20,0.530000,1.560000,110.107700,19.140000
2015-08-21,0.520000,1.530000,110.144300,28.030000
2015-08-24,0.520000,1.490000,109.930600,40.740000
2015-08-25,0.590000,1.530000,110.339400,36.020000
2015-08-26,0.650000,1.530000,110.580700,30.320000
2015-08-27,0.600000,1.580000,110.483400,26.100000
2015-08-28,0.580000,1.610000,110.671400,26.050000
2015-08-31,0.580000,1.630000,110.562100,28.430000
2015-09-01,0.600000,1.570000,110.450600,31.400000
2015-09-02,0.640000,1.560000,110.797900,26.090000
2015-09-03,0.640000,1.540000,110.856600,25.610000
2015-09-04,0.620000,1.510000,111.101800,27.800000
2015-09-07,,,,
2015-09-08,0.670000,1.530000,110.794200,24.900000
2015-09-09,0.650000,1.560000,110.922500,26.230000
2015-09-10,0.640000,1.590000,110.633100,24.370000
2015-09-11,0.610000,1.590000,110.610900,23.200000
2015-09-14,0.620000,1.560000,110.500500,24.250000
2015-09-15,0.720000,1.560000,110.639400,22.540000
2015-09-16,0.730000,1.570000,110.102100,21.350000
2015-09-17,0.630000,1.580000,110.121200,21.140000
2015-09-18,0.580000,1.550000,109.816500,22.280000
2015-09-21,0.660000,1.540000,110.641400,20.140000
2015-09-22,0.630000,1.510000,111.196700,22.440000
2015-09-23,0.640000,1.520000,111.628700,22.130000
2015-09-24,0.640000,1.490000,111.445400,23.470000
2015-09-25,0.710000,1.460000,111.372500,23.620000
2015-09-28,0.710000,1.390000,111.391400,27.630000
2015-09-29,0.660000,1.390000,111.521900,26.830000
2015-09-30,0.650000,1.410000,111.331100,24.500000
2015-10-01,0.590000,1.460000,111.043900,22.550000
2015-10-02,0.510000,1.480000,110.700600,20.940000
2015-10-05,0.560000,1.510000,110.444500,19.540000
2015-10-06,0.530000,1.520000,110.137100,19.400000
2015-10-07,0.530000,1.550000,109.816200,18.400000
2015-10-08,0.540000,1.580000,109.645200,17.420000
2015-10-09,0.580000,1.540000,109.078200,17.080000
2015-10-12,,,,16.170000
2015-10-13,0.540000,1.520000,109.411900,17.670000
2015-10-14,0.500000,1.490000,109.124400,18.030000
2015-10-15,0.540000,1.500000,108.667100,16.050000
2015-10-16,0.560000,1.480000,108.995600,15.050000
2015-10-19,0.590000,1.450000,109.385800,14.980000
2015-10-20,0.600000,1.480000,109.336800,15.750000
2015-10-21,0.590000,1.450000,109.774600,16.700000
2015-10-22,0.570000,1.470000,110.034200,14.450000
2015-10-23,0.580000,1.510000,110.432900,14.460000
2015-10-26,0.590000,1.480000,110.208900,15.290000
2015-10-27,0.570000,1.480000,110.487500,15.430000
2015-10-28,0.630000,1.470000,110.233400,14.330000
2015-10-29,0.670000,1.520000,110.808300,14.610000
2015-10-30,0.630000,1.530000,110.207900,15.070000
2015-11-02,0.650000,1.550000,110.218800,14.150000
2015-11-03,0.650000,1.580000,110.244000,14.540000
2015-11-04,0.680000,1.570000,110.713900,15.510000
2015-11-05,0.710000,1.550000,110.830200,15.050000
2015-11-06,0.750000,1.590000,111.760300,14.330000
2015-11-09,0.760000,1.600000,111.911200,16.520000
2015-11-10,0.770000,1.550000,111.991900,15.290000
2015-11-11,,,,16.060000
2015-11-12,0.780000,1.540000,111.796500,18.370000
2015-11-13,0.760000,1.520000,112.026400,20.080000
2015-11-16,0.760000,1.510000,112.219900,18.160000
2015-11-17,0.720000,1.530000,112.314100,18.840000
2015-11-18,0.710000,1.560000,112.366300,16.850000
2015-11-19,0.680000,1.560000,111.574900,16.990000
2015-11-20,0.660000,1.600000,111.779900,15.470000
2015-11-23,0.640000,1.610000,112.112500,15.620000
2015-11-24,0.620000,1.620000,111.763800,15.930000
2015-11-25,0.620000,1.610000,111.893600,15.190000
2015-11-26,,,,
2015-11-27,0.620000,1.600000,112.282400,15.120000
2015-11-30,0.620000,1.590000,112.340000,16.130000
2015-12-01,0.580000,1.570000,112.113400,14.670000
2015-12-02,0.620000,1.560000,112.371500,15.910000
2015-12-03,0.720000,1.610000,111.640700,18.110000
2015-12-04,0.680000,1.600000,111.546300,14.810000
2015-12-07,0.670000,1.560000,112.305600,15.840000
2015-12-08,0.680000,1.560000,112.548500,17.600000
2015-12-09,0.690000,1.530000,112.191800,19.610000
2015-12-10,0.730000,1.510000,112.267200,19.340000
2015-12-11,0.670000,1.460000,112.714700,24.390000
2015-12-14,0.780000,1.450000,112.752100,22.730000
2015-12-15,0.800000,1.480000,112.860900,20.950000
2015-12-16,0.840000,1.460000,112.986400,17.860000
2015-12-17,0.770000,1.470000,113.817700,18.940000
2015-12-18,0.730000,1.460000,113.283700,20.700000
2015-12-21,0.750000,1.450000,113.414400,18.700000
2015-12-22,0.780000,1.460000,113.211000,16.600000
2015-12-23,0.760000,1.510000,113.184700,15.570000
2015-12-24,0.730000,1.520000,113.049600,15.740000
2015-12-25,,,,
2015-12-28,0.740000,1.500000,113.046100,16.910000
2015-12-29,0.790000,1.530000,113.166400,16.080000
2015-12-30,0.770000,1.540000,113.470700,17.290000
2015-12-31,0.730000,1.540000,113.342900,18.210000
2016-01-01,,,,
2016-01-04,0.690000,1.550000,114.159500,20.700000
2016-01-05,0.690000,1.560000,114.264900,19.340000
2016-01-06,0.650000,1.530000,114.617700,20.590000
2016-01-07,0.660000,1.500000,114.651600,24.990000
2016-01-08,0.650000,1.480000,115.009500,27.010000
2016-01-11,0.720000,1.450000,115.013900,24.300000
2016-01-12,0.690000,1.430000,115.312800,22.470000
2016-01-13,0.650000,1.430000,115.142500,25.220000
2016-01-14,0.670000,1.430000,115.384600,23.950000
2016-01-15,0.670000,1.360000,115.740400,27.020000
2016-01-18,,,,
2016-01-19,0.680000,1.380000,115.815500,26.050000
2016-01-20,0.690000,1.320000,116.349800,27.590000
2016-01-21,0.740000,1.280000,115.983300,26.690000
2016-01-22,0.720000,1.350000,,22.340000
2016-01-25,0.690000,1.340000,,24.150000
2016-01-26,0.650000,1.360000,,22.500000
2016-01-27,0.620000,1.400000,115.508700,23.110000
2016-01-28,0.580000,1.420000,115.222400,22.420000
2016-01-29,0.530000,1.410000,115.573100,20.200000
2016-02-01,0.570000,1.400000,115.333100,19.980000
2016-02-02,0.510000,1.360000,115.553000,21.980000
2016-02-03,0.500000,1.380000,114.614400,21.650000
2016-02-04,0.510000,1.360000,113.601200,21.840000
2016-02-05,0.530000,1.330000,114.293500,23.380000
2016-02-08,0.520000,1.230000,114.435100,26.000000
2016-02-09,0.530000,1.210000,114.127000,26.540000
2016-02-10,0.500000,1.210000,114.287700,26.290000
2016-02-11,0.450000,1.180000,114.184500,28.140000
2016-02-12,0.490000,1.250000,114.299200,25.400000
2016-02-15,,,,
2016-02-16,0.530000,1.250000,114.490500,24.110000
2016-02-17,0.530000,1.280000,113.863400,22.310000
2016-02-18,0.510000,1.240000,113.889700,21.640000
2016-02-19,0.500000,1.260000,113.955800,20.530000
2016-02-22,0.460000,1.310000,113.823200,19.380000
2016-02-23,0.420000,1.320000,114.177000,20.980000
2016-02-24,0.390000,1.360000,114.171600,20.720000
2016-02-25,0.320000,1.390000,113.922200,19.110000
2016-02-26,0.350000,1.410000,114.370800,19.810000
2016-02-29,0.320000,1.420000,114.241800,20.550000
2016-03-01,0.350000,1.480000,113.926500,17.700000
2016-03-02,0.330000,1.510000,113.796500,17.090000
2016-03-03,0.300000,1.530000,113.248200,16.700000
2016-03-04,0.370000,1.510000,112.638700,16.860000
2016-03-07,0.430000,1.480000,112.621900,17.350000
2016-03-08,0.370000,1.460000,112.846500,18.670000
2016-03-09,0.390000,1.510000,112.426800,18.340000
2016-03-10,0.450000,1.480000,112.419100,18.050000
2016-03-11,0.440000,1.540000,111.741000,16.500000
2016-03-14,0.450000,1.520000,112.168800,16.920000
2016-03-15,0.470000,1.500000,112.554500,16.840000
2016-03-16,0.360000,1.580000,112.775900,14.990000
2016-03-17,0.340000,1.570000,110.445000,14.440000
2016-03-18,0.270000,1.610000,110.400200,14.020000
2016-03-21,0.280000,1.640000,110.737000,13.790000
2016-03-22,0.310000,1.630000,110.787700,14.170000
2016-03-23,0.300000,1.580000,111.547300,14.940000
2016-03-24,0.340000,1.570000,111.816000,14.740000
2016-03-25,,,111.769800,
2016-03-28,0.330000,1.560000,111.357800,15.240000
2016-03-29,0.200000,1.610000,111.373600,13.820000
2016-03-30,0.180000,1.650000,110.230100,13.560000
2016-03-31,0.160000,1.620000,109.919100,13.950000
2016-04-01,0.170000,1.620000,110.297700,13.100000
2016-04-04,0.140000,1.640000,110.398700,14.120000
2016-04-05,0.140000,1.590000,110.947800,15.420000
2016-04-06,0.170000,1.590000,110.534700,14.090000
2016-04-07,0.120000,1.580000,110.887600,16.160000
2016-04-08,0.140000,1.580000,110.421300,15.360000
2016-04-11,0.170000,1.560000,109.975800,16.260000
2016-04-12,0.220000,1.570000,109.816000,14.850000
2016-04-13,0.210000,1.560000,110.143600,13.840000
2016-04-14,0.240000,1.560000,110.169100,13.720000
2016-04-15,0.200000,1.560000,110.193300,13.620000
2016-04-18,0.210000,1.570000,109.989200,13.350000
2016-04-19,0.190000,1.600000,109.278200,13.240000
2016-04-20,0.230000,1.620000,109.392600,13.280000
2016-04-21,0.240000,1.640000,109.853300,13.950000
2016-04-22,0.250000,1.640000,110.233100,13.220000
2016-04-25,0.260000,1.650000,110.186500,14.080000
2016-04-26,0.270000,1.670000,109.749600,13.960000
2016-04-27,0.190000,1.680000,109.848300,13.770000
2016-04-28,0.120000,1.720000,109.214800,15.220000
2016-04-29,0.120000,1.710000,108.827400,15.700000
2016-05-02,0.200000,1.680000,108.671000,14.680000
2016-05-03,0.170000,1.640000,109.361300,15.600000
2016-05-04,0.160000,1.630000,109.995200,16.050000
2016-05-05,0.130000,1.630000,110.241700,15.910000
2016-05-06,0.180000,1.610000,110.380100,14.720000
2016-05-09,0.180000,1.590000,110.946600,14.570000
2016-05-10,0.150000,1.620000,110.822500,13.630000
2016-05-11,0.140000,1.590000,110.280600,14.690000
2016-05-12,0.150000,1.600000,110.693500,14.410000
2016-05-13,0.130000,1.580000,111.252100,15.040000
2016-05-16,0.150000,1.600000,111.121700,14.680000
2016-05-17,0.150000,1.610000,111.086700,15.570000
2016-05-18,0.260000,1.610000,111.499500,15.950000
2016-05-19,0.290000,1.560000,112.233100,16.330000
2016-05-20,0.290000,1.560000,112.182200,15.200000
2016-05-23,0.300000,1.540000,112.284000,15.820000
2016-05-24,0.310000,1.550000,112.291200,14.420000
2016-05-25,0.290000,1.580000,112.200100,13.900000
2016-05-26,0.250000,1.580000,111.897900,13.430000
2016-05-27,0.270000,1.580000,112.082200,13.120000
2016-05-30,,,,
2016-05-31,0.300000,1.540000,112.427600,14.190000
2016-06-01,0.310000,1.540000,112.462000,14.200000
2016-06-02,0.270000,1.540000,112.456400,13.630000
2016-06-03,0.190000,1.520000,111.445100,13.470000
2016-06-06,0.190000,1.540000,111.229500,13.650000
2016-06-07,0.150000,1.570000,110.837800,14.050000
2016-06-08,0.120000,1.590000,110.191600,14.080000
2016-06-09,0.120000,1.560000,110.616800,14.640000
2016-06-10,0.120000,1.520000,111.102700,17.030000
2016-06-13,0.150000,1.470000,111.503600,20.970000
2016-06-14,0.170000,1.450000,111.982600,20.500000
2016-06-15,0.130000,1.470000,111.767100,20.140000
2016-06-16,0.150000,1.420000,112.234700,19.370000
2016-06-17,0.200000,1.420000,111.533200,19.410000
2016-06-20,0.240000,1.430000,110.869300,18.370000
2016-06-21,0.280000,1.430000,111.007700,18.480000
2016-06-22,0.250000,1.440000,110.768100,21.170000
2016-06-23,0.240000,1.500000,110.262000,17.250000
2016-06-24,0.150000,1.420000,112.135500,25.760000
2016-06-27,0.120000,1.340000,113.130100,23.850000
2016-06-28,0.090000,1.370000,112.754500,18.750000
2016-06-29,0.100000,1.400000,111.859700,16.640000
2016-06-30,0.090000,1.400000,112.161800,15.630000
2016-07-01,0.030000,1.430000,111.650900,14.770000
2016-07-04,,,,
2016-07-05,-0.030000,1.400000,112.423100,15.580000
2016-07-06,-0.050000,1.430000,112.543800,14.960000
2016-07-07,-0.030000,1.430000,112.577500,14.760000
2016-07-08,-0.060000,1.430000,112.396300,13.200000
2016-07-11,0.010000,1.420000,112.525400,13.540000
2016-07-12,0.070000,1.460000,112.110200,13.550000
2016-07-13,0.030000,1.450000,112.026600,13.040000
2016-07-14,0.080000,1.450000,111.769200,12.820000
2016-07-15,0.110000,1.490000,112.283300,12.670000
2016-07-18,0.100000,1.490000,112.246300,12.440000
2016-07-19,0.120000,1.440000,112.638000,11.970000
2016-07-20,0.130000,1.460000,112.674300,11.770000
2016-07-21,0.050000,1.520000,112.623900,12.740000
2016-07-22,0.060000,1.510000,112.989000,12.020000
2016-07-25,0.080000,1.500000,113.178400,12.870000
2016-07-26,0.070000,1.500000,113.059300,13.050000
2016-07-27,0.030000,1.490000,113.217000,12.830000
2016-07-28,0.000000,1.520000,112.739300,12.720000
2016-07-29,-0.030000,1.490000,111.874000,11.870000
2016-08-01,0.050000,1.460000,111.975700,12.440000
2016-08-02,0.110000,1.440000,111.712400,13.370000
2016-08-03,0.090000,1.460000,111.941900,12.860000
2016-08-04,0.040000,1.470000,111.914900,12.420000
2016-08-05,0.090000,1.500000,112.358900,11.390000
2016-08-08,0.080000,1.510000,112.145600,11.500000
2016-08-09,0.060000,1.490000,111.722000,11.660000
2016-08-10,0.060000,1.440000,111.323800,12.050000
2016-08-11,0.100000,1.470000,111.195400,11.680000
2016-08-12,0.070000,1.440000,111.178700,11.550000
2016-08-15,0.100000,1.450000,110.921200,11.810000
2016-08-16,0.130000,1.440000,110.429500,12.640000
2016-08-17,0.090000,1.470000,110.945900,12.190000
2016-08-18,0.060000,1.470000,110.313400,11.430000
2016-08-19,0.100000,1.480000,110.816300,11.340000
2016-08-22,0.080000,1.470000,110.999700,12.270000
2016-08-23,0.070000,1.480000,110.941400,12.380000
2016-08-24,0.080000,1.480000,111.295800,13.450000
2016-08-25,0.090000,1.490000,111.172600,13.630000
2016-08-26,0.150000,1.470000,111.203500,13.650000
2016-08-29,0.110000,1.460000,111.877500,12.940000
2016-08-30,0.110000,1.460000,112.292800,13.120000
2016-08-31,0.110000,1.470000,112.403600,13.420000
2016-09-01,0.120000,1.450000,112.173300,13.480000
2016-09-02,0.130000,1.470000,112.000900,11.980000
2016-09-05,,,,
2016-09-06,0.060000,1.490000,110.961300,12.020000
2016-09-07,0.030000,1.510000,110.971700,11.940000
2016-09-08,0.090000,1.520000,111.260900,12.510000
2016-09-09,0.170000,1.500000,111.987900,17.500000
2016-09-12,0.170000,1.510000,112.151600,15.160000
2016-09-13,0.240000,1.490000,112.520700,17.850000
2016-09-14,0.210000,1.490000,112.467800,18.140000
2016-09-15,0.220000,1.490000,112.475300,16.300000
2016-09-16,0.190000,1.510000,113.176500,15.370000
2016-09-19,0.200000,1.500000,112.903000,15.530000
2016-09-20,0.200000,1.490000,113.184800,15.920000
2016-09-21,0.150000,1.510000,112.984200,13.300000
2016-09-22,0.080000,1.550000,112.259200,12.020000
2016-09-23,0.050000,1.570000,112.716600,12.290000
2016-09-26,0.050000,1.540000,112.711200,14.500000
2016-09-27,0.040000,1.520000,112.551500,13.100000
2016-09-28,0.010000,1.560000,112.628300,12.390000
2016-09-29,0.020000,1.540000,112.287900,14.020000
2016-09-30,0.000000,1.600000,112.279500,13.290000
2016-10-03,0.000000,1.630000,112.507700,13.570000
2016-10-04,0.070000,1.620000,112.657900,13.630000
2016-10-05,0.100000,1.620000,112.794600,12.990000
2016-10-06,0.110000,1.640000,113.006600,12.840000
2016-10-07,0.100000,1.630000,113.291500,13.480000
2016-10-10,,,,13.380000
2016-10-11,0.130000,1.640000,113.446100,15.360000
2016-10-12,0.150000,1.640000,113.744200,15.910000
2016-10-13,0.120000,1.630000,113.623800,16.690000
2016-10-14,0.130000,1.670000,113.711900,16.120000
2016-10-17,0.090000,1.680000,113.548800,16.210000
2016-10-18,0.090000,1.660000,113.139300,15.280000
2016-10-19,0.080000,1.680000,113.054700,14.410000
2016-10-20,0.080000,1.680000,113.403300,13.750000
2016-10-21,0.070000,1.670000,113.901500,13.340000
2016-10-24,0.110000,1.660000,113.857100,13.020000
2016-10-25,0.070000,1.700000,113.680100,13.460000
2016-10-26,0.080000,1.710000,113.813100,14.240000
2016-10-27,0.130000,1.720000,114.199800,15.360000
2016-10-28,0.130000,1.730000,114.093100,16.190000
2016-10-31,0.110000,1.730000,114.018800,17.060000
2016-11-01,0.110000,1.720000,113.991500,18.560000
2016-11-02,0.110000,1.700000,113.920600,19.320000
2016-11-03,0.140000,1.680000,113.766400,22.080000
2016-11-04,0.110000,1.680000,113.582800,22.510000
2016-11-07,0.120000,1.710000,113.544300,18.710000
2016-11-08,0.150000,1.730000,113.301700,18.740000
2016-11-09,0.250000,1.820000,114.695600,14.380000
2016-11-10,0.270000,1.880000,115.937500,14.740000
2016-11-11,,,,14.170000
2016-11-14,0.400000,1.830000,117.224500,14.480000
2016-11-15,0.410000,1.820000,116.772400,13.370000
2016-11-16,0.390000,1.830000,116.806200,13.720000
2016-11-17,0.420000,1.870000,116.895200,13.350000
2016-11-18,0.440000,1.900000,117.593600,12.850000
2016-11-21,0.420000,1.910000,117.476200,12.420000
2016-11-22,0.410000,1.900000,117.450800,12.410000
2016-11-23,0.440000,1.920000,118.035600,12.430000
2016-11-24,,,,
2016-11-25,0.470000,1.890000,118.020000,12.340000
2016-11-28,0.470000,1.850000,117.727800,13.150000
2016-11-29,0.440000,1.860000,117.644000,12.900000
2016-11-30,0.430000,1.940000,117.763600,13.330000
2016-12-01,0.480000,1.970000,117.664200,14.070000
2016-12-02,0.490000,1.910000,117.311600,14.120000
2016-12-05,0.450000,1.940000,117.100800,12.140000
2016-12-06,0.440000,1.950000,116.922500,11.790000
2016-12-07,0.420000,1.920000,116.672000,12.220000
2016-12-08,0.450000,1.950000,117.032700,12.640000
2016-12-09,0.510000,1.960000,117.283400,11.750000
2016-12-12,0.510000,1.980000,116.916100,12.640000
2016-12-13,0.530000,1.950000,116.802900,12.720000
2016-12-14,0.600000,1.940000,116.733200,13.190000
2016-12-15,0.700000,1.900000,118.807200,12.790000
2016-12-16,0.740000,1.860000,118.358400,12.200000
2016-12-19,0.680000,1.860000,118.387500,11.710000
2016-12-20,0.670000,1.900000,118.630000,11.450000
2016-12-21,0.640000,1.910000,118.581000,11.270000
2016-12-22,0.600000,1.950000,118.820900,11.430000
2016-12-23,0.580000,1.970000,118.785600,11.440000
2016-12-26,,,,
2016-12-27,0.580000,1.990000,118.950600,11.990000
2016-12-28,0.560000,1.950000,119.230500,12.950000
2016-12-29,0.550000,1.940000,118.663700,13.370000
2016-12-30,0.500000,1.950000,118.346600,14.040000
2017-01-02,,,,
2017-01-03,0.470000,1.980000,119.090300,12.850000
2017-01-04,0.470000,1.990000,118.880300,11.850000
2017-01-05,0.420000,1.950000,117.999900,11.670000
2017-01-06,0.460000,1.960000,118.349500,11.320000
2017-01-09,0.430000,1.950000,118.411100,11.560000
2017-01-10,0.430000,1.950000,118.538600,11.490000
2017-01-11,0.390000,1.990000,119.021900,11.260000
2017-01-12,0.380000,1.980000,117.800100,11.540000
2017-01-13,0.410000,1.990000,117.988400,11.230000
2017-01-16,,,,
2017-01-17,0.360000,1.970000,117.265600,11.870000
2017-01-18,0.420000,2.000000,117.724200,12.480000
2017-01-19,0.430000,2.040000,118.318200,12.780000
2017-01-20,0.440000,2.040000,,11.540000
2017-01-23,0.390000,2.020000,117.247900,11.770000
2017-01-24,0.410000,2.060000,117.051600,11.070000
2017-01-25,0.450000,2.080000,116.935500,10.810000
2017-01-26,0.430000,2.080000,117.276600,10.630000
2017-01-27,0.410000,2.080000,117.073500,10.580000
2017-01-30,0.420000,2.070000,116.732500,11.880000
2017-01-31,0.400000,2.050000,116.224100,11.990000
2017-02-01,0.430000,2.050000,116.391400,11.810000
2017-02-02,0.430000,2.050000,115.903000,11.930000
2017-02-03,0.440000,2.050000,115.625900,10.970000
2017-02-06,0.400000,2.020000,116.050400,11.370000
2017-02-07,0.400000,2.000000,116.408200,11.290000
2017-02-08,0.380000,1.960000,116.138200,11.450000
2017-02-09,0.410000,1.990000,116.306000,10.880000
2017-02-10,0.400000,2.010000,116.148000,10.850000
2017-02-13,0.430000,2.000000,116.342700,11.070000
2017-02-14,0.460000,2.010000,116.394900,10.740000
2017-02-15,0.450000,2.060000,116.216200,11.970000
2017-02-16,0.430000,2.020000,116.006700,11.760000
2017-02-17,0.410000,2.010000,116.403500,11.490000
2017-02-20,,,,
2017-02-21,0.400000,2.030000,116.592100,11.570000
2017-02-22,0.380000,2.040000,116.213600,11.740000
2017-02-23,0.350000,2.030000,115.652700,11.710000
2017-02-24,0.310000,2.000000,115.814300,11.470000
2017-02-27,0.350000,2.010000,115.676400,12.090000
2017-02-28,0.340000,2.020000,116.003200,12.920000
2017-03-01,0.430000,2.030000,116.438000,12.540000
2017-03-02,0.480000,2.010000,116.842900,11.810000
2017-03-03,0.450000,2.040000,116.643800,10.960000
2017-03-06,0.480000,2.010000,116.431300,11.240000
2017-03-07,0.490000,2.030000,116.430300,11.450000
2017-03-08,0.560000,2.010000,116.875000,11.860000
2017-03-09,0.600000,2.000000,116.995900,12.300000
2017-03-10,0.570000,2.010000,116.616000,11.660000
2017-03-13,0.610000,2.010000,116.400400,11.350000
2017-03-14,0.610000,1.990000,116.564600,12.300000
2017-03-15,0.500000,2.010000,116.358400,11.630000
2017-03-16,0.510000,2.020000,115.445600,11.210000
2017-03-17,0.490000,2.010000,115.278300,11.280000
2017-03-20,0.470000,2.000000,115.042600,11.340000
2017-03-21,0.450000,1.980000,114.811900,12.470000
2017-03-22,0.430000,1.970000,114.793700,12.810000
2017-03-23,0.460000,1.950000,114.789900,13.120000
2017-03-24,0.420000,1.980000,114.637200,12.960000
2017-03-27,0.410000,1.970000,114.234700,12.500000
2017-03-28,0.450000,1.970000,114.419000,11.530000
2017-03-29,0.410000,1.980000,114.716700,11.420000
2017-03-30,0.460000,1.960000,114.524500,11.540000
2017-03-31,0.430000,1.970000,114.793800,12.370000
2017-04-03,0.390000,1.960000,114.873400,12.380000
2017-04-04,0.400000,1.960000,115.003800,11.790000
2017-04-05,0.370000,1.970000,114.949400,12.890000
2017-04-06,0.390000,1.950000,115.018100,12.390000
2017-04-07,0.440000,1.940000,115.054700,12.870000
2017-04-10,0.440000,1.930000,115.110000,14.050000
2017-04-11,0.410000,1.910000,115.009000,15.070000
2017-04-12,0.380000,1.900000,114.916200,15.770000
2017-04-13,0.320000,1.920000,114.505900,15.960000
2017-04-14,,,114.536800,
2017-04-17,0.380000,1.880000,114.328300,14.660000
2017-04-18,0.330000,1.850000,114.257500,14.420000
2017-04-19,0.360000,1.850000,114.792300,14.930000
2017-04-20,0.390000,1.850000,114.620500,14.150000
2017-04-21,0.400000,1.840000,114.812800,14.630000
2017-04-24,0.410000,1.870000,114.365900,10.840000
2017-04-25,0.440000,1.910000,114.511100,10.760000
2017-04-26,0.420000,1.900000,114.947900,10.850000
2017-04-27,0.390000,1.910000,114.994600,10.360000
2017-04-28,0.370000,1.920000,114.787700,10.820000
2017-05-01,0.410000,1.920000,114.592100,10.110000
2017-05-02,0.410000,1.880000,114.679200,10.590000
2017-05-03,0.460000,1.870000,114.663700,10.680000
2017-05-04,0.500000,1.860000,114.907600,10.460000
2017-05-05,0.500000,1.860000,114.772500,10.570000
2017-05-08,0.530000,1.860000,115.089500,9.770000
2017-05-09,0.560000,1.860000,115.393300,9.960000
2017-05-10,0.560000,1.850000,115.114500,10.210000
2017-05-11,0.510000,1.880000,115.066900,10.600000
2017-05-12,0.490000,1.840000,114.747900,10.400000
2017-05-15,0.520000,1.820000,114.350400,10.420000
2017-05-16,0.510000,1.820000,113.992300,10.650000
2017-05-17,0.440000,1.780000,113.750600,15.590000
2017-05-18,0.430000,1.800000,114.268300,14.660000
2017-05-19,0.410000,1.820000,113.700100,12.040000
2017-05-22,0.430000,1.820000,113.544200,10.930000
2017-05-23,0.460000,1.830000,113.686200,10.720000
2017-05-24,0.450000,1.810000,113.675000,10.020000
2017-05-25,0.450000,1.800000,113.371900,9.990000
2017-05-26,0.440000,1.810000,113.483900,9.810000
2017-05-29,,,,
2017-05-30,0.400000,1.810000,113.555200,10.380000
2017-05-31,0.400000,1.810000,113.295600,10.410000
2017-06-01,0.400000,1.810000,113.301700,9.890000
2017-06-02,0.360000,1.790000,113.190800,9.750000
2017-06-05,0.390000,1.790000,112.975500,10.070000
2017-06-06,0.370000,1.770000,112.709500,10.450000
2017-06-07,0.400000,1.780000,112.819100,10.390000
2017-06-08,0.410000,1.780000,112.835100,10.160000
2017-06-09,0.430000,1.780000,112.956200,10.700000
2017-06-12,0.460000,1.750000,112.983700,11.460000
2017-06-13,0.460000,1.750000,112.627100,10.420000
2017-06-14,0.440000,1.710000,112.073400,10.640000
2017-06-15,0.490000,1.670000,112.870800,10.900000
2017-06-16,0.490000,1.670000,112.615500,10.380000
2017-06-19,0.520000,1.670000,112.757600,10.370000
2017-06-20,0.500000,1.660000,113.269800,10.860000
2017-06-21,0.500000,1.660000,113.332700,10.750000
2017-06-22,0.460000,1.690000,113.165400,10.480000
2017-06-23,0.450000,1.700000,112.866500,10.020000
2017-06-26,0.430000,1.710000,112.763300,9.900000
2017-06-27,0.500000,1.710000,112.550000,11.060000
2017-06-28,0.490000,1.730000,112.074700,10.030000
2017-06-29,0.550000,1.720000,111.998000,11.440000
2017-06-30,0.580000,1.730000,111.989600,11.180000
2017-07-03,0.600000,1.750000,112.426800,11.220000
2017-07-04,,,,
2017-07-05,0.580000,1.750000,112.653400,11.070000
2017-07-06,0.610000,1.760000,112.419900,12.540000
2017-07-07,0.660000,1.730000,112.313700,11.190000
2017-07-10,0.660000,1.720000,112.158700,11.110000
2017-07-11,0.620000,1.750000,112.143400,10.890000
2017-07-12,0.570000,1.760000,111.590400,10.300000
2017-07-13,0.580000,1.770000,111.536500,9.900000
2017-07-14,0.570000,1.760000,110.907500,9.510000
2017-07-17,0.540000,1.770000,110.930400,9.820000
2017-07-18,0.510000,1.760000,110.435600,9.890000
2017-07-19,0.510000,1.760000,110.433900,9.790000
2017-07-20,0.500000,1.770000,110.251200,9.580000
2017-07-21,0.480000,1.760000,110.191000,9.360000
2017-07-24,0.480000,1.780000,110.200400,9.430000
2017-07-25,0.520000,1.810000,110.283500,9.430000
2017-07-26,0.490000,1.800000,110.381100,9.600000
2017-07-27,0.490000,1.830000,110.216000,10.110000
2017-07-28,0.470000,1.830000,109.920000,10.290000
2017-07-31,0.480000,1.820000,109.817700,10.260000
2017-08-01,0.470000,1.790000,109.849500,10.090000
2017-08-02,0.480000,1.790000,109.750300,10.280000
2017-08-03,0.460000,1.780000,109.833200,10.440000
2017-08-04,0.470000,1.800000,110.280800,10.030000
2017-08-07,0.460000,1.800000,110.373000,9.930000
2017-08-08,0.460000,1.830000,110.396000,10.960000
2017-08-09,0.420000,1.820000,110.367100,11.110000
2017-08-10,0.400000,1.800000,110.188600,16.040000
2017-08-11,0.400000,1.790000,110.042200,15.510000
2017-08-14,0.450000,1.770000,110.095000,12.330000
2017-08-15,0.490000,1.780000,110.484600,12.040000
2017-08-16,0.450000,1.780000,110.439400,11.740000
2017-08-17,0.420000,1.770000,110.167300,15.550000
2017-08-18,0.430000,1.760000,110.041000,14.260000
2017-08-21,0.430000,1.750000,109.734900,13.190000
2017-08-22,0.450000,1.770000,109.838600,11.350000
2017-08-23,0.420000,1.750000,109.809500,12.250000
2017-08-24,0.440000,1.750000,109.752400,12.230000
2017-08-25,0.420000,1.750000,109.341500,11.280000
2017-08-28,0.410000,1.750000,109.181500,11.320000
2017-08-29,0.390000,1.740000,109.094600,11.700000
2017-08-30,0.390000,1.760000,109.405200,11.220000
2017-08-31,0.360000,1.760000,109.368600,10.590000
2017-09-01,0.370000,1.790000,109.050400,10.130000
2017-09-04,,,,
2017-09-05,0.300000,1.770000,108.866400,12.230000
2017-09-06,0.320000,1.780000,108.489700,11.630000
2017-09-07,0.260000,1.790000,107.922400,11.550000
2017-09-08,0.250000,1.810000,107.808000,12.120000
2017-09-11,0.310000,1.830000,108.153000,10.730000
2017-09-12,0.330000,1.840000,108.323900,10.580000
2017-09-13,0.350000,1.850000,108.662800,10.500000
2017-09-14,0.350000,1.850000,108.618000,10.440000
2017-09-15,0.350000,1.850000,108.314700,10.170000
2017-09-18,0.360000,1.870000,108.640100,10.150000
2017-09-19,0.370000,1.870000,108.614200,10.180000
2017-09-20,0.430000,1.850000,108.432900,9.780000
2017-09-21,0.440000,1.830000,108.926700,9.670000
2017-09-22,0.420000,1.840000,108.754200,9.590000
2017-09-25,0.380000,1.840000,109.330200,10.210000
2017-09-26,0.400000,1.840000,109.776900,10.170000
2017-09-27,0.440000,1.870000,110.072200,9.870000
2017-09-28,0.440000,1.870000,110.241500,9.550000
2017-09-29,0.490000,1.840000,110.086700,9.510000
2017-10-02,0.510000,1.830000,110.368600,9.450000
2017-10-03,0.490000,1.840000,110.328100,9.510000
2017-10-04,0.480000,1.850000,110.242500,9.630000
2017-10-05,0.490000,1.860000,110.582300,9.190000
2017-10-06,0.500000,1.870000,110.784100,9.650000
2017-10-09,,,,10.330000
2017-10-10,0.470000,1.880000,110.303400,10.080000
2017-10-11,0.460000,1.890000,110.303700,9.850000
2017-10-12,0.440000,1.890000,110.315200,9.910000
2017-10-13,0.430000,1.850000,110.266900,9.610000
2017-10-16,0.460000,1.840000,110.543200,9.910000
2017-10-17,0.480000,1.820000,110.914100,10.310000
2017-10-18,0.500000,1.840000,110.721400,10.070000
2017-10-19,0.490000,1.840000,110.457700,10.050000
2017-10-20,0.520000,1.870000,111.037500,9.970000
2017-10-23,0.520000,1.860000,111.213400,11.070000
2017-10-24,0.550000,1.870000,111.402700,11.160000
2017-10-25,0.560000,1.880000,111.390400,11.230000
2017-10-26,0.570000,1.890000,111.641800,11.300000
2017-10-27,0.540000,1.880000,112.149500,9.800000
2017-10-30,0.500000,1.870000,111.901000,10.500000
2017-10-31,0.500000,1.880000,111.805200,10.180000
2017-11-01,0.490000,1.880000,111.794200,10.200000
2017-11-02,0.480000,1.870000,111.547400,9.930000
2017-11-03,0.480000,1.860000,111.938300,9.140000
2017-11-06,0.460000,1.860000,111.719700,9.400000
2017-11-07,0.440000,1.880000,111.944600,9.890000
2017-11-08,0.450000,1.870000,111.693500,9.780000
2017-11-09,0.460000,1.870000,111.562600,10.500000
2017-11-10,0.520000,1.880000,,11.290000
2017-11-13,0.520000,1.880000,111.783300,11.500000
2017-11-14,0.510000,1.870000,111.509700,11.590000
2017-11-15,0.480000,1.850000,111.480900,13.130000
2017-11-16,0.530000,1.840000,111.256800,11.760000
2017-11-17,0.490000,1.860000,111.001600,11.430000
2017-11-20,0.520000,1.850000,111.259900,10.650000
2017-11-21,0.520000,1.840000,110.982800,9.730000
2017-11-22,0.480000,1.840000,110.563200,9.880000
2017-11-23,,,,
2017-11-24,0.500000,1.840000,110.025300,9.670000
2017-11-27,0.490000,1.830000,110.113600,9.870000
2017-11-28,0.500000,1.840000,110.301800,10.030000
2017-11-29,0.530000,1.840000,110.326500,10.700000
2017-11-30,0.560000,1.860000,110.464800,11.280000
2017-12-01,0.510000,1.860000,110.141300,11.430000
2017-12-04,0.500000,1.870000,110.397000,11.680000
2017-12-05,0.500000,1.860000,110.490500,11.330000
2017-12-06,0.470000,1.860000,110.871100,11.020000
2017-12-07,0.500000,1.870000,111.017800,10.160000
2017-12-08,0.500000,1.880000,111.227300,9.580000
2017-12-11,0.510000,1.880000,111.082700,9.340000
2017-12-12,0.510000,1.890000,111.521400,9.920000
2017-12-13,0.480000,1.880000,111.275900,10.180000
2017-12-14,0.480000,1.870000,111.089300,10.490000
2017-12-15,0.470000,1.880000,111.128600,9.420000
2017-12-18,0.500000,1.890000,110.908600,9.530000
2017-12-19,0.550000,1.910000,111.125500,10.030000
2017-12-20,0.570000,1.920000,110.836100,9.720000
2017-12-21,0.550000,1.930000,110.878600,9.620000
2017-12-22,0.540000,1.940000,111.099700,9.900000
2017-12-25,,,,
2017-12-26,0.530000,1.940000,110.975800,10.250000
2017-12-27,0.480000,1.940000,110.855300,10.470000
2017-12-28,0.470000,1.960000,110.515400,10.180000
2017-12-29,0.440000,1.960000,110.078300,11.040000
2018-01-01,,,,
2018-01-02,0.460000,2.000000,109.644500,9.770000
2018-01-03,0.460000,1.980000,109.675100,9.150000
2018-01-04,0.450000,2.010000,109.477700,9.220000
2018-01-05,0.460000,2.010000,109.349600,9.220000
2018-01-08,0.470000,2.020000,109.568100,9.520000
2018-01-09,0.520000,2.030000,109.902500,10.080000
2018-01-10,0.520000,2.030000,109.628000,9.820000
2018-01-11,0.540000,2.000000,109.488800,9.880000
2018-01-12,0.540000,2.010000,108.901000,10.160000
2018-01-15,,,,
2018-01-16,0.510000,2.030000,108.321800,11.660000
2018-01-17,0.530000,2.040000,108.152600,11.910000
2018-01-18,0.570000,2.050000,108.065500,12.220000
2018-01-19,0.580000,2.060000,107.945500,11.270000
2018-01-22,0.600000,2.060000,108.107000,11.030000
2018-01-23,0.570000,2.060000,107.997900,11.100000
2018-01-24,0.580000,2.070000,107.080200,11.470000
2018-01-25,0.560000,2.070000,106.505200,11.580000
2018-01-26,0.570000,2.090000,106.691100,11.080000
2018-01-29,0.610000,2.090000,107.114200,13.840000
2018-01-30,0.630000,2.100000,107.106400,14.790000
2018-01-31,0.610000,2.110000,106.769600,13.540000
2018-02-01,0.670000,2.110000,106.487700,13.470000
2018-02-02,0.700000,2.140000,107.115100,17.310000
2018-02-05,0.670000,2.100000,107.330000,37.320000
2018-02-06,0.690000,2.100000,107.520400,29.980000
2018-02-07,0.740000,2.100000,107.717500,27.730000
2018-02-08,0.760000,2.090000,108.302500,33.460000
2018-02-09,0.780000,2.050000,108.258200,29.060000
2018-02-12,0.790000,2.070000,108.033200,25.610000
2018-02-13,0.780000,2.050000,107.757400,24.970000
2018-02-14,0.820000,2.090000,107.469100,19.260000
2018-02-15,0.790000,2.110000,106.986700,19.130000
2018-02-16,0.780000,2.090000,107.035900,19.460000
2018-02-19,,,,
2018-02-20,0.780000,2.100000,107.624900,20.600000
2018-02-21,0.820000,2.120000,107.867900,20.020000
2018-02-22,0.810000,2.110000,107.866800,18.720000
2018-02-23,0.760000,2.120000,107.680400,16.490000
2018-02-26,0.730000,2.130000,107.734700,15.800000
2018-02-27,0.770000,2.130000,108.173100,18.590000
2018-02-28,0.750000,2.120000,108.390300,19.850000
2018-03-01,0.710000,2.100000,108.535800,22.470000
2018-03-02,0.740000,2.120000,,19.590000
2018-03-05,0.750000,2.130000,108.361400,18.730000
2018-03-06,0.760000,2.120000,107.796900,18.360000
2018-03-07,0.760000,2.130000,108.091100,17.760000
2018-03-08,0.750000,2.110000,108.267100,16.540000
2018-03-09,0.780000,2.120000,107.923000,14.640000
2018-03-12,0.770000,2.100000,107.943800,15.780000
2018-03-13,0.750000,2.090000,107.738400,16.350000
2018-03-14,0.740000,2.070000,107.862300,17.230000
2018-03-15,0.740000,2.080000,108.203200,16.590000
2018-03-16,0.770000,2.080000,108.433200,15.800000
2018-03-19,0.770000,2.080000,108.314500,19.020000
2018-03-20,0.810000,2.080000,108.495300,18.200000
2018-03-21,0.800000,2.090000,,17.860000
2018-03-22,0.750000,2.080000,107.993500,23.340000
2018-03-23,0.750000,2.070000,107.749500,24.870000
2018-03-26,0.770000,2.080000,107.181900,21.030000
2018-03-27,0.710000,2.070000,107.335900,22.500000
2018-03-28,0.720000,2.050000,107.573300,22.870000
2018-03-29,0.690000,2.050000,107.665000,19.970000
2018-03-30,,,107.478400,
2018-04-02,0.680000,2.050000,107.703300,23.620000
2018-04-03,0.710000,2.080000,107.562400,21.100000
2018-04-04,0.710000,2.080000,107.636100,20.060000
2018-04-05,0.750000,2.080000,107.728100,18.940000
2018-04-06,0.700000,2.070000,107.788600,21.490000
2018-04-09,0.710000,2.070000,107.531600,21.770000
2018-04-10,0.720000,2.080000,107.365900,20.470000
2018-04-11,0.680000,2.110000,107.122400,20.240000
2018-04-12,0.700000,2.130000,107.290500,18.490000
2018-04-13,0.690000,2.130000,107.236800,17.410000
2018-04-16,0.710000,2.120000,107.059500,16.560000
2018-04-17,0.680000,2.140000,107.034400,15.250000
2018-04-18,0.710000,2.160000,107.109600,15.600000
2018-04-19,0.750000,2.170000,107.519700,15.960000
2018-04-20,0.790000,2.170000,108.178700,16.880000
2018-04-23,0.800000,2.180000,108.933200,16.340000
2018-04-24,0.830000,2.170000,108.790600,18.020000
2018-04-25,0.860000,2.170000,109.344700,17.840000
2018-04-26,0.820000,2.180000,109.364600,16.240000
2018-04-27,0.790000,2.170000,109.173500,15.410000
2018-04-30,0.780000,2.170000,109.336300,15.930000
2018-05-01,0.810000,2.160000,109.744500,15.490000
2018-05-02,0.800000,2.170000,110.162500,15.970000
2018-05-03,0.780000,2.160000,110.180300,15.900000
2018-05-04,0.790000,2.160000,110.250000,14.770000
2018-05-07,0.780000,2.170000,110.572100,14.750000
2018-05-08,0.810000,2.160000,111.063000,14.710000
2018-05-09,0.820000,2.180000,110.881800,13.420000
2018-05-10,0.800000,2.170000,110.405000,13.230000
2018-05-11,0.820000,2.150000,110.284700,12.650000
2018-05-14,0.850000,2.150000,110.408000,12.930000
2018-05-15,0.900000,2.180000,111.229200,14.630000
2018-05-16,0.920000,2.170000,111.306800,13.420000
2018-05-17,0.950000,2.160000,111.354700,13.430000
2018-05-18,0.910000,2.150000,111.717100,13.420000
2018-05-21,0.900000,2.160000,111.639400,13.080000
2018-05-22,0.910000,2.150000,111.194500,13.220000
2018-05-23,0.870000,2.140000,111.693300,12.580000
2018-05-24,0.860000,2.120000,111.488500,12.530000
2018-05-25,0.840000,2.090000,111.584300,13.220000
2018-05-28,,,,
2018-05-29,0.730000,2.040000,112.212700,17.020000
2018-05-30,0.780000,2.060000,111.673100,14.940000
2018-05-31,0.760000,2.070000,111.989400,15.430000
2018-06-01,0.800000,2.090000,111.826500,13.460000
2018-06-04,0.820000,2.120000,111.824700,12.740000
2018-06-05,0.790000,2.130000,112.264000,12.400000
2018-06-06,0.830000,2.140000,111.752500,11.640000
2018-06-07,0.800000,2.130000,112.072500,12.130000
2018-06-08,0.820000,2.110000,112.106600,12.180000
2018-06-11,0.830000,2.130000,112.110600,12.350000
2018-06-12,0.830000,2.130000,112.213800,12.340000
2018-06-13,0.860000,2.120000,112.257700,12.940000
2018-06-14,0.820000,2.120000,112.859300,12.120000
2018-06-15,0.810000,2.120000,113.337900,11.980000
2018-06-18,0.800000,2.120000,113.489900,12.310000
2018-06-19,0.770000,2.120000,113.639000,13.350000
2018-06-20,0.810000,2.120000,113.478400,12.790000
2018-06-21,0.790000,2.110000,113.610900,14.640000
2018-06-22,0.780000,2.120000,113.304700,13.770000
2018-06-25,0.770000,2.100000,113.286000,17.330000
2018-06-26,0.760000,2.120000,113.301600,15.920000
2018-06-27,0.720000,2.110000,113.897100,17.910000
2018-06-28,0.740000,2.100000,113.840500,16.850000
2018-06-29,0.740000,2.110000,113.258600,16.090000
2018-07-02,0.730000,2.140000,114.167300,15.600000
2018-07-03,0.710000,2.120000,113.322200,16.140000
2018-07-04,,,,
2018-07-05,0.710000,2.130000,112.975900,14.970000
2018-07-06,0.700000,2.120000,112.642800,13.370000
2018-07-09,0.730000,2.130000,112.642500,12.690000
2018-07-10,0.740000,2.130000,112.579400,12.640000
2018-07-11,0.740000,2.110000,112.858200,13.630000
2018-07-12,0.750000,2.100000,112.779000,12.580000
2018-07-13,0.720000,2.110000,113.070500,12.180000
2018-07-16,0.750000,2.100000,112.843700,12.830000
2018-07-17,0.770000,2.090000,113.150400,12.060000
2018-07-18,0.790000,2.090000,113.334800,12.100000
2018-07-19,0.750000,2.090000,113.946300,12.870000
2018-07-20,0.780000,2.110000,113.321300,12.860000
2018-07-23,0.850000,2.110000,113.424600,12.620000
2018-07-24,0.840000,2.110000,113.204500,12.410000
2018-07-25,0.810000,2.130000,112.922100,12.290000
2018-07-26,0.870000,2.110000,112.917900,12.140000
2018-07-27,0.840000,2.120000,112.812500,13.030000
2018-07-30,0.850000,2.130000,112.604400,14.260000
2018-07-31,0.840000,2.120000,112.729900,12.830000
2018-08-01,0.870000,2.130000,112.889900,13.150000
2018-08-02,0.860000,2.120000,113.167900,12.190000
2018-08-03,0.830000,2.120000,113.012000,11.640000
2018-08-06,0.830000,2.110000,113.229000,11.270000
2018-08-07,0.850000,2.130000,112.975900,10.930000
2018-08-08,0.850000,2.110000,113.141100,10.850000
2018-08-09,0.820000,2.110000,113.380600,11.270000
2018-08-10,0.780000,2.090000,114.300500,13.160000
2018-08-13,0.780000,2.100000,114.851000,14.780000
2018-08-14,0.800000,2.090000,114.658000,13.310000
2018-08-15,0.780000,2.080000,115.152600,14.640000
2018-08-16,0.790000,2.080000,114.641600,13.450000
2018-08-17,0.790000,2.080000,114.533900,12.640000
2018-08-20,0.750000,2.070000,114.350400,12.490000
2018-08-21,0.770000,2.080000,113.860400,12.860000
2018-08-22,0.740000,2.080000,113.663000,12.250000
2018-08-23,0.730000,2.090000,114.093200,12.410000
2018-08-24,0.730000,2.090000,113.598500,11.990000
2018-08-27,0.740000,2.110000,113.272100,12.160000
2018-08-28,0.770000,2.110000,113.344400,12.500000
2018-08-29,0.770000,2.120000,113.646100,12.250000
2018-08-30,0.760000,2.100000,114.089900,13.530000
2018-08-31,0.780000,2.080000,114.275500,12.860000
2018-09-03,,,,
2018-09-04,0.800000,2.100000,114.858400,13.160000
2018-09-05,0.810000,2.090000,114.747700,13.910000
2018-09-06,0.800000,2.080000,114.647900,14.650000
2018-09-07,0.840000,2.100000,114.581600,14.880000
2018-09-10,0.840000,2.100000,114.680200,14.160000
2018-09-11,0.860000,2.120000,114.705100,13.220000
2018-09-12,0.850000,2.120000,114.219200,13.140000
2018-09-13,0.870000,2.100000,113.926800,12.370000
2018-09-14,0.890000,2.100000,114.065700,12.070000
2018-09-17,0.890000,2.100000,113.915800,13.680000
2018-09-18,0.920000,2.130000,113.773900,12.790000
2018-09-19,0.930000,2.150000,113.653200,11.750000
2018-09-20,0.920000,2.150000,113.498900,11.800000
2018-09-21,0.920000,2.150000,113.509900,11.680000
2018-09-24,0.920000,2.160000,113.530100,12.200000
2018-09-25,0.940000,2.160000,113.720200,12.420000
2018-09-26,0.920000,2.140000,113.673900,12.890000
2018-09-27,0.910000,2.150000,113.978400,12.410000
2018-09-28,0.910000,2.140000,113.807700,12.120000
2018-10-01,0.950000,2.140000,113.823500,12.000000
2018-10-02,0.930000,2.120000,113.895400,12.050000
2018-10-03,0.990000,2.160000,114.156900,11.610000
2018-10-04,1.030000,2.160000,114.686700,14.220000
2018-10-05,1.070000,2.160000,114.561000,14.820000
2018-10-08,,,,15.690000
2018-10-09,1.040000,2.170000,114.658300,15.950000
2018-10-10,1.060000,2.160000,114.607200,22.960000
2018-10-11,1.020000,2.120000,114.407400,24.980000
2018-10-12,1.030000,2.120000,114.369100,21.310000
2018-10-15,1.030000,2.130000,114.045000,21.300000
2018-10-16,1.030000,2.130000,113.896300,17.620000
2018-10-17,1.060000,2.130000,114.175500,17.400000
2018-10-18,1.070000,2.100000,114.816400,20.060000
2018-10-19,1.090000,2.110000,114.856700,19.890000
2018-10-22,1.090000,2.110000,115.178200,19.640000
2018-10-23,1.080000,2.090000,115.165100,20.710000
2018-10-24,1.030000,2.070000,115.375500,25.230000
2018-10-25,1.090000,2.050000,115.483100,24.220000
2018-10-26,1.020000,2.060000,115.473000,24.160000
2018-10-29,1.020000,2.060000,115.893600,24.700000
2018-10-30,1.070000,2.050000,116.235700,23.350000
2018-10-31,1.100000,2.050000,116.528100,21.230000
2018-11-01,1.120000,2.020000,115.865700,19.340000
2018-11-02,1.160000,2.060000,115.643000,19.510000
2018-11-05,1.140000,2.060000,115.703000,19.960000
2018-11-06,1.150000,2.070000,115.562200,19.910000
2018-11-07,1.150000,2.070000,115.251900,16.360000
2018-11-08,1.170000,2.070000,115.647800,16.720000
2018-11-09,1.150000,2.040000,116.477800,17.360000
2018-11-12,,,,20.450000
2018-11-13,1.120000,2.020000,116.669400,20.020000
2018-11-14,1.120000,2.000000,116.498000,21.250000
2018-11-15,1.110000,2.000000,116.386100,19.980000
2018-11-16,1.060000,2.020000,115.925800,18.140000
2018-11-19,1.070000,1.990000,115.985900,20.100000
2018-11-20,1.090000,1.970000,116.236700,22.480000
2018-11-21,1.090000,1.970000,116.092000,20.800000
2018-11-22,,,,
2018-11-23,1.090000,1.960000,116.471300,21.520000
2018-11-26,1.110000,1.960000,116.620800,18.900000
2018-11-27,1.150000,1.910000,116.900100,19.020000
2018-11-28,1.120000,1.940000,116.834300,18.490000
2018-11-29,1.050000,1.980000,116.196100,18.790000
2018-11-30,1.040000,1.970000,116.413000,18.070000
2018-12-03,1.020000,1.960000,115.905700,16.440000
2018-12-04,0.970000,1.940000,116.002800,20.740000
2018-12-05,,,,
2018-12-06,0.970000,1.900000,116.399100,21.190000
2018-12-07,0.960000,1.890000,116.084700,23.230000
2018-12-10,0.990000,1.860000,116.674600,22.640000
2018-12-11,1.060000,1.830000,116.756400,21.760000
2018-12-12,1.080000,1.830000,116.221400,21.460000
2018-12-13,1.080000,1.830000,116.397400,20.650000
2018-12-14,1.070000,1.820000,116.790000,21.630000
2018-12-17,1.050000,1.810000,116.453200,24.520000
2018-12-18,1.010000,1.810000,116.412700,25.580000
2018-12-19,0.970000,1.800000,116.067600,25.580000
2018-12-20,1.030000,1.760000,116.018300,28.380000
2018-12-21,1.020000,1.770000,116.222700,30.110000
2018-12-24,0.990000,1.750000,116.218200,36.070000
2018-12-25,,,,
2018-12-26,1.040000,1.770000,116.116200,30.410000
2018-12-27,1.030000,1.740000,115.992700,29.960000
2018-12-28,0.990000,1.730000,115.723200,28.340000
2018-12-31,0.980000,1.710000,115.567400,25.420000
2019-01-01,,,,
2019-01-02,0.960000,1.700000,115.768900,23.220000
2019-01-03,0.880000,1.680000,115.462200,25.450000
2019-01-04,0.910000,1.760000,114.982100,21.380000
2019-01-07,0.920000,1.780000,114.562800,21.400000
2019-01-08,0.910000,1.820000,114.728100,20.470000
2019-01-09,0.910000,1.830000,114.140600,19.980000
2019-01-10,0.930000,1.810000,114.049600,19.500000
2019-01-11,0.880000,1.830000,114.040400,18.190000
2019-01-14,0.900000,1.810000,,19.070000
2019-01-15,0.910000,1.810000,114.340200,18.600000
2019-01-16,0.910000,1.820000,114.137000,19.040000
2019-01-17,0.960000,1.790000,114.411500,18.060000
2019-01-18,0.960000,1.830000,114.558000,17.800000
2019-01-21,,,,
2019-01-22,0.950000,1.790000,114.754100,20.800000
2019-01-23,0.960000,1.800000,114.575900,19.520000
2019-01-24,0.950000,1.770000,114.617000,18.890000
2019-01-25,0.970000,1.790000,114.019700,17.420000
2019-01-28,0.970000,1.780000,114.052200,18.870000
2019-01-29,0.940000,1.780000,114.026000,19.130000
2019-01-30,0.860000,1.840000,114.073100,17.660000
2019-01-31,0.780000,1.850000,113.550400,16.570000
2019-02-01,0.820000,1.880000,113.754800,16.140000
2019-02-04,0.860000,1.870000,113.876600,15.730000
2019-02-05,0.840000,1.870000,114.043100,15.570000
2019-02-06,0.840000,1.860000,114.230500,15.380000
2019-02-07,0.810000,1.840000,114.433900,16.370000
2019-02-08,0.810000,1.820000,114.500300,15.720000
2019-02-11,0.830000,1.820000,115.031000,15.970000
2019-02-12,0.850000,1.830000,114.729700,15.430000
2019-02-13,0.850000,1.860000,114.940700,15.650000
2019-02-14,0.810000,1.850000,115.100700,16.220000
2019-02-15,0.800000,1.860000,114.992300,14.910000
2019-02-18,,,,
2019-02-19,0.780000,1.870000,114.570000,14.880000
2019-02-20,0.760000,1.890000,,14.020000
2019-02-21,0.780000,1.910000,114.509100,14.460000
2019-02-22,0.740000,1.910000,114.271600,13.510000
2019-02-25,0.750000,1.920000,114.145700,14.850000
2019-02-26,0.720000,1.920000,114.068700,15.170000
2019-02-27,0.760000,1.930000,114.036300,14.700000
2019-02-28,0.780000,1.950000,114.199100,14.780000
2019-03-01,0.800000,1.960000,114.537000,13.570000
2019-03-04,0.780000,1.940000,114.692500,14.630000
2019-03-05,0.790000,1.930000,114.804000,14.740000
2019-03-06,0.780000,1.910000,114.971400,15.740000
2019-03-07,0.740000,1.900000,115.491900,16.590000
2019-03-08,0.720000,1.900000,115.359900,16.050000
2019-03-11,0.730000,1.910000,115.296700,14.330000
2019-03-12,0.710000,1.900000,114.939000,13.770000
2019-03-13,0.690000,1.920000,114.737200,13.410000
2019-03-14,0.690000,1.940000,114.790000,13.500000
2019-03-15,0.650000,1.940000,114.581500,12.880000
2019-03-18,0.640000,1.960000,114.437500,13.100000
2019-03-19,0.660000,1.950000,114.232400,13.560000
2019-03-20,0.580000,1.960000,114.150900,13.910000
2019-03-21,0.580000,1.960000,114.168400,13.630000
2019-03-22,0.540000,1.900000,114.685600,16.480000
2019-03-25,0.550000,1.880000,114.417100,16.330000
2019-03-26,0.550000,1.860000,114.641400,14.680000
2019-03-27,0.550000,1.840000,115.124300,15.150000
2019-03-28,0.560000,1.830000,115.258100,14.430000
2019-03-29,0.530000,1.880000,115.137100,13.710000
2019-04-01,0.590000,1.900000,114.936200,13.400000
2019-04-02,0.580000,1.900000,115.117300,13.360000
2019-04-03,0.610000,1.910000,114.721100,13.740000
2019-04-04,0.610000,1.900000,114.969700,13.580000
2019-04-05,0.600000,1.900000,114.972600,12.820000
2019-04-08,0.610000,1.910000,114.689300,13.180000
2019-04-09,0.600000,1.910000,114.532100,14.280000
2019-04-10,0.540000,1.940000,114.426900,13.300000
2019-04-11,0.570000,1.940000,114.630300,13.020000
2019-04-12,0.610000,1.950000,114.353100,12.010000
2019-04-15,0.610000,1.940000,114.495000,12.320000
2019-04-16,0.640000,1.960000,114.675600,12.180000
2019-04-17,0.650000,1.940000,114.514100,12.600000
2019-04-18,0.620000,1.950000,114.707300,12.090000
2019-04-19,,,114.697700,
2019-04-22,0.640000,1.950000,114.769400,12.420000
2019-04-23,0.620000,1.950000,115.157800,12.280000
2019-04-24,0.570000,1.960000,115.418700,13.140000
2019-04-25,0.560000,1.980000,115.770900,13.250000
2019-04-26,0.540000,1.970000,115.476700,12.730000
2019-04-29,0.580000,1.960000,115.522700,13.110000
2019-04-30,0.560000,1.950000,115.328100,13.120000
2019-05-01,0.590000,1.930000,115.002200,14.800000
2019-05-02,0.660000,1.890000,115.561700,14.420000
2019-05-03,0.630000,1.910000,115.264600,12.870000
2019-05-06,0.600000,1.910000,115.381100,15.440000
2019-05-07,0.580000,1.870000,115.611600,19.320000
2019-05-08,0.620000,1.870000,115.517100,19.400000
2019-05-09,0.600000,1.850000,115.842100,19.100000
2019-05-10,0.590000,1.880000,115.533400,16.040000
2019-05-13,0.550000,1.850000,115.915000,20.550000
2019-05-14,0.560000,1.860000,115.942500,18.060000
2019-05-15,0.540000,1.830000,115.856500,16.440000
2019-05-16,0.560000,1.840000,116.034600,15.290000
2019-05-17,0.580000,1.810000,116.448000,15.960000
2019-05-20,0.600000,1.810000,116.311900,16.310000
2019-05-21,0.600000,1.830000,116.284400,14.950000
2019-05-22,0.600000,1.790000,116.241200,14.750000
2019-05-23,0.580000,1.730000,116.236800,16.920000
2019-05-24,0.560000,1.760000,116.080600,15.850000
2019-05-27,,,,
2019-05-28,0.530000,1.730000,116.317400,17.500000
2019-05-29,0.500000,1.750000,116.553500,17.900000
2019-05-30,0.480000,1.740000,116.398900,17.300000
2019-05-31,0.400000,1.740000,116.727300,18.710000
2019-06-03,0.340000,1.730000,116.476400,18.860000
2019-06-04,0.380000,1.740000,116.091000,16.970000
2019-06-05,0.370000,1.750000,116.030000,16.090000
2019-06-06,0.390000,1.730000,115.977100,15.930000
2019-06-07,0.350000,1.740000,115.736800,16.300000
2019-06-10,0.420000,1.730000,115.500100,15.940000
2019-06-11,0.430000,1.720000,115.379400,15.990000
2019-06-12,0.420000,1.710000,115.438000,15.910000
2019-06-13,0.420000,1.680000,115.627500,15.820000
2019-06-14,0.460000,1.630000,115.905700,15.280000
2019-06-17,0.480000,1.610000,115.968400,15.350000
2019-06-18,0.420000,1.640000,115.879700,15.150000
2019-06-19,0.360000,1.670000,115.788900,14.330000
2019-06-20,0.270000,1.740000,114.804600,14.750000
2019-06-21,0.340000,1.730000,114.837700,15.400000
2019-06-24,0.310000,1.710000,114.655900,15.260000
2019-06-25,0.330000,1.670000,114.636300,16.280000
2019-06-26,0.350000,1.700000,114.560800,16.210000
2019-06-27,0.330000,1.680000,114.665000,15.820000
2019-06-28,0.310000,1.690000,114.582100,15.080000
2019-07-01,0.340000,1.690000,114.723900,14.060000
2019-07-02,0.330000,1.650000,114.825800,12.930000
2019-07-03,0.310000,1.650000,114.813500,12.570000
2019-07-04,,,,
2019-07-05,0.350000,1.690000,115.113200,13.280000
2019-07-08,0.350000,1.700000,115.025400,13.960000
2019-07-09,0.360000,1.710000,115.101700,14.090000
2019-07-10,0.330000,1.740000,115.087900,13.030000
2019-07-11,0.360000,1.770000,114.836100,12.930000
2019-07-12,0.350000,1.770000,114.768500,12.390000
2019-07-15,0.320000,1.770000,114.681900,12.680000
2019-07-16,0.330000,1.800000,115.011100,12.860000
2019-07-17,0.310000,1.750000,114.881900,13.970000
2019-07-18,0.250000,1.790000,114.874400,13.530000
2019-07-19,0.250000,1.800000,114.869500,14.450000
2019-07-22,0.260000,1.790000,115.001800,13.530000
2019-07-23,0.270000,1.810000,115.299500,12.610000
2019-07-24,0.260000,1.790000,115.243600,12.070000
2019-07-25,0.280000,1.800000,115.298200,12.740000
2019-07-26,0.300000,1.780000,115.544900,12.160000
2019-07-29,0.290000,1.770000,115.588500,12.830000
2019-07-30,0.280000,1.780000,115.621100,13.940000
2019-07-31,0.260000,1.760000,115.494600,16.120000
2019-08-01,0.200000,1.700000,116.049900,17.870000
2019-08-02,0.200000,1.660000,116.186400,17.610000
2019-08-05,0.150000,1.600000,116.585100,24.590000
2019-08-06,0.110000,1.620000,116.690400,20.170000
2019-08-07,0.090000,1.620000,116.798700,19.490000
2019-08-08,0.070000,1.650000,116.474000,16.910000
2019-08-09,0.080000,1.660000,116.441900,17.970000
2019-08-12,0.040000,1.610000,116.754800,21.090000
2019-08-13,0.050000,1.630000,116.726700,17.520000
2019-08-14,0.020000,1.570000,117.091300,22.100000
2019-08-15,-0.020000,1.540000,117.223900,21.180000
2019-08-16,0.010000,1.540000,117.078600,18.470000
2019-08-19,0.040000,1.560000,117.388600,16.880000
2019-08-20,0.020000,1.530000,117.372600,17.500000
2019-08-21,0.050000,1.540000,117.176400,15.800000
2019-08-22,0.070000,1.550000,117.355800,16.680000
2019-08-23,-0.020000,1.540000,117.300900,19.870000
2019-08-26,0.000000,1.540000,117.665800,19.320000
2019-08-27,-0.060000,1.550000,117.750000,20.310000
2019-08-28,-0.080000,1.550000,117.876700,19.350000
2019-08-29,-0.090000,1.590000,118.062500,17.880000
2019-08-30,-0.050000,1.550000,118.157500,18.980000
2019-09-02,,,,
2019-09-03,-0.030000,1.500000,118.311300,19.660000
2019-09-04,-0.040000,1.510000,117.672900,17.330000
2019-09-05,0.010000,1.560000,117.477600,16.270000
2019-09-06,0.010000,1.540000,117.129200,15.000000
2019-09-09,0.060000,1.570000,117.060100,15.270000
2019-09-10,0.120000,1.600000,117.088700,15.200000
2019-09-11,0.150000,1.600000,117.312500,14.610000
2019-09-12,0.160000,1.630000,116.837500,14.220000
2019-09-13,0.230000,1.670000,116.767700,13.740000
2019-09-16,0.170000,1.670000,117.025100,14.670000
2019-09-17,0.150000,1.660000,116.982600,14.440000
2019-09-18,0.210000,1.590000,116.976600,13.950000
2019-09-19,0.180000,1.610000,117.086100,14.050000
2019-09-20,0.130000,1.610000,117.181900,15.320000
2019-09-23,0.110000,1.610000,117.298600,14.910000
2019-09-24,0.060000,1.580000,117.222700,17.050000
2019-09-25,0.130000,1.600000,117.652700,15.960000
2019-09-26,0.130000,1.570000,117.726700,16.070000
2019-09-27,0.160000,1.530000,117.721800,17.220000
2019-09-30,0.150000,1.530000,117.946100,16.240000
2019-10-01,0.130000,1.520000,117.959500,18.560000
2019-10-02,0.100000,1.500000,117.967100,20.560000
2019-10-03,0.060000,1.480000,117.660800,19.120000
2019-10-04,0.020000,1.500000,117.528800,17.040000
2019-10-07,0.050000,1.510000,117.553300,17.860000
2019-10-08,0.060000,1.480000,117.740700,20.280000
2019-10-09,0.100000,1.490000,117.683500,18.640000
2019-10-10,0.150000,1.520000,117.280100,17.570000
2019-10-11,0.200000,1.560000,116.823900,15.580000
2019-10-14,,,,14.570000
2019-10-15,0.210000,1.560000,116.811100,13.540000
2019-10-16,0.180000,1.570000,116.642500,13.680000
2019-10-17,0.170000,1.590000,116.261500,13.790000
2019-10-18,0.160000,1.600000,116.134400,14.250000
2019-10-21,0.190000,1.610000,116.043600,14.000000
2019-10-22,0.170000,1.610000,115.985100,14.460000
2019-10-23,0.160000,1.610000,116.058600,14.010000
2019-10-24,0.150000,1.620000,116.127800,13.710000
2019-10-25,0.150000,1.650000,116.077400,12.650000
2019-10-28,0.210000,1.640000,116.022200,13.110000
2019-10-29,0.230000,1.610000,115.979700,13.200000
2019-10-30,0.210000,1.570000,116.163600,12.330000
2019-10-31,0.150000,1.540000,115.912500,13.220000
2019-11-01,0.140000,1.590000,115.731200,12.300000
2019-11-04,0.150000,1.640000,115.862400,12.830000
2019-11-05,0.180000,1.680000,116.113800,13.100000
2019-11-06,0.150000,1.660000,116.100400,12.620000
2019-11-07,0.230000,1.690000,116.117200,12.730000
2019-11-08,0.230000,1.710000,116.343600,12.070000
2019-11-11,,,,12.690000
2019-11-12,0.220000,1.700000,116.583700,12.680000
2019-11-13,0.220000,1.660000,116.839700,13.000000
2019-11-14,0.200000,1.620000,116.802200,13.050000
2019-11-15,0.210000,1.630000,116.440100,12.050000
2019-11-18,0.180000,1.630000,116.362500,12.460000
2019-11-19,0.160000,1.630000,116.539100,12.860000
2019-11-20,0.130000,1.600000,116.828000,12.780000
2019-11-21,0.140000,1.630000,116.743500,13.130000
2019-11-22,0.150000,1.620000,116.913700,12.340000
2019-11-25,0.140000,1.620000,117.009800,11.870000
2019-11-26,0.120000,1.620000,117.051300,11.540000
2019-11-27,0.140000,1.630000,117.127300,11.750000
2019-11-28,,,,
2019-11-29,0.170000,1.610000,117.120400,12.620000
2019-12-02,0.180000,1.650000,116.964700,14.910000
2019-12-03,0.090000,1.630000,116.889800,15.960000
2019-12-04,0.110000,1.660000,116.692000,14.800000
2019-12-05,0.130000,1.670000,116.383800,14.520000
2019-12-06,0.150000,1.690000,116.538100,13.620000
2019-12-09,0.140000,1.690000,116.328300,15.860000
2019-12-10,0.140000,1.710000,116.254200,15.680000
2019-12-11,0.100000,1.690000,116.147800,14.990000
2019-12-12,0.180000,1.720000,115.874100,13.940000
2019-12-13,0.120000,1.700000,115.696700,12.630000
2019-12-16,0.160000,1.730000,115.555000,12.140000
2019-12-17,0.140000,1.750000,115.555300,12.290000
2019-12-18,0.160000,1.760000,115.661800,12.580000
2019-12-19,0.150000,1.770000,115.598800,12.500000
2019-12-20,0.150000,1.770000,115.759800,12.510000
2019-12-23,0.180000,1.750000,115.805900,12.610000
2019-12-24,0.150000,1.750000,,12.670000
2019-12-25,,,,
2019-12-26,0.160000,1.740000,115.634000,12.650000
2019-12-27,0.150000,1.730000,115.220000,13.430000
2019-12-30,0.150000,1.750000,114.963100,14.820000
2019-12-31,0.150000,1.770000,114.669000,13.780000
2020-01-01,,,,
2020-01-02,0.080000,1.800000,114.974500,12.470000
2020-01-03,0.030000,1.770000,114.986700,14.020000
2020-01-06,0.060000,1.750000,114.955700,13.850000
2020-01-07,0.090000,1.740000,115.147700,13.790000
2020-01-08,0.120000,1.750000,115.132800,13.450000
2020-01-09,0.110000,1.740000,115.233100,12.540000
2020-01-10,0.070000,1.760000,115.067700,12.560000
2020-01-13,0.080000,1.770000,115.034200,12.320000
2020-01-14,0.050000,1.770000,115.023900,12.390000
2020-01-15,0.040000,1.750000,114.952800,12.420000
2020-01-16,0.070000,1.740000,115.000600,12.320000
2020-01-17,0.090000,1.750000,115.065600,12.100000
2020-01-20,,,,
2020-01-21,0.040000,1.740000,115.187600,12.850000
2020-01-22,0.050000,1.720000,115.227300,12.910000
2020-01-23,0.040000,1.700000,115.554500,12.980000
2020-01-24,0.020000,1.680000,115.555600,14.560000
2020-01-27,-0.020000,1.630000,115.800400,18.230000
2020-01-28,0.000000,1.650000,115.723900,16.280000
2020-01-29,-0.040000,1.640000,115.700300,16.390000
2020-01-30,-0.070000,1.640000,115.807700,15.490000
2020-01-31,-0.140000,1.650000,115.734500,18.840000
2020-02-03,-0.090000,1.630000,116.117200,17.970000
2020-02-04,-0.030000,1.640000,115.929100,16.050000
2020-02-05,0.000000,1.660000,116.009000,15.150000
2020-02-06,-0.020000,1.670000,116.151800,14.960000
2020-02-07,-0.070000,1.660000,116.508600,15.470000
2020-02-10,-0.100000,1.660000,116.571100,15.040000
2020-02-11,-0.060000,1.650000,116.358500,15.180000
2020-02-12,-0.040000,1.660000,116.279400,13.740000
2020-02-13,-0.060000,1.670000,116.399900,14.150000
2020-02-14,-0.070000,1.660000,116.422300,13.680000
2020-02-17,,,,
2020-02-18,-0.100000,1.650000,116.603900,14.830000
2020-02-19,-0.090000,1.650000,116.782900,14.380000
2020-02-20,-0.110000,1.630000,117.245400,15.560000
2020-02-21,-0.150000,1.610000,117.047300,17.080000
2020-02-24,-0.210000,1.590000,117.401800,25.030000
2020-02-25,-0.200000,1.530000,117.242500,27.850000
2020-02-26,-0.210000,1.540000,117.405000,27.560000
2020-02-27,-0.230000,1.530000,117.367800,39.160000
2020-02-28,-0.280000,1.410000,117.656800,40.110000
2020-03-02,-0.310000,1.410000,116.814400,33.420000
2020-03-03,-0.430000,1.450000,116.495800,36.820000
2020-03-04,-0.440000,1.460000,116.780200,31.990000
2020-03-05,-0.480000,1.400000,116.790100,39.620000
2020-03-06,-0.570000,1.310000,116.710600,41.940000
2020-03-09,-0.450000,0.990000,117.187100,54.460000
2020-03-10,-0.240000,1.000000,117.902700,47.300000
2020-03-11,-0.140000,0.960000,118.250500,53.900000
2020-03-12,-0.040000,0.920000,120.488300,75.470000
2020-03-13,0.040000,0.900000,120.438800,57.830000
2020-03-16,0.000000,0.730000,120.935200,82.690000
2020-03-17,0.390000,0.630000,122.481600,75.910000
2020-03-18,0.550000,0.630000,124.162300,76.450000
2020-03-19,0.620000,0.500000,125.058700,72.000000
2020-03-20,0.170000,0.750000,124.936200,66.040000
2020-03-23,-0.040000,0.800000,126.126200,61.590000
2020-03-24,-0.130000,0.970000,125.500100,61.670000
2020-03-25,-0.190000,1.070000,124.791600,63.950000
2020-03-26,-0.240000,1.070000,122.430800,61.000000
2020-03-27,-0.220000,0.940000,122.400700,65.540000
2020-03-30,-0.250000,0.950000,123.288300,57.080000
2020-03-31,-0.170000,0.870000,122.530100,53.540000
2020-04-01,-0.290000,0.910000,123.793300,57.060000
2020-04-02,-0.400000,1.030000,123.591600,50.910000
2020-04-03,-0.460000,1.080000,124.415200,46.800000
2020-04-06,-0.470000,1.140000,124.160000,45.240000
2020-04-07,-0.420000,1.170000,123.095600,46.700000
2020-04-08,-0.420000,1.190000,123.221600,43.350000
2020-04-09,-0.500000,1.230000,122.476000,41.670000
2020-04-10,,,122.159200,
2020-04-13,-0.500000,1.260000,122.520300,41.170000
2020-04-14,-0.530000,1.290000,122.112100,37.760000
2020-04-15,-0.560000,1.190000,123.075200,40.840000
2020-04-16,-0.420000,1.030000,123.461500,40.110000
2020-04-17,-0.360000,1.010000,122.871000,38.150000
2020-04-20,-0.310000,0.940000,123.103300,43.830000
2020-04-21,-0.380000,0.960000,123.911600,45.410000
2020-04-22,-0.430000,1.060000,123.925600,41.980000
2020-04-23,-0.440000,1.050000,123.754200,41.380000
2020-04-24,-0.510000,1.110000,124.161500,35.930000
2020-04-27,-0.500000,1.170000,123.884300,33.290000
2020-04-28,-0.520000,1.140000,123.369300,33.570000
2020-04-29,-0.510000,1.140000,122.778200,31.230000
2020-04-30,-0.430000,1.070000,122.327000,34.150000
2020-05-01,-0.420000,1.060000,123.149200,37.190000
2020-05-04,-0.430000,1.070000,123.211700,35.970000
2020-05-05,-0.440000,1.100000,122.803000,33.610000
2020-05-06,-0.380000,1.100000,123.609000,34.120000
2020-05-07,-0.450000,1.080000,123.124900,31.440000
2020-05-08,-0.430000,1.120000,122.537900,27.980000
2020-05-11,-0.400000,1.130000,123.233300,27.570000
2020-05-12,-0.400000,1.090000,123.059200,33.040000
2020-05-13,-0.430000,1.070000,123.540800,35.280000
2020-05-14,-0.430000,1.060000,123.642900,32.610000
2020-05-15,-0.450000,1.090000,123.599100,31.890000
2020-05-18,-0.440000,1.170000,122.796800,29.300000
2020-05-19,-0.450000,1.150000,122.565500,30.530000
2020-05-20,-0.480000,1.160000,122.100700,27.990000
2020-05-21,-0.460000,1.140000,122.091400,29.530000
2020-05-22,-0.460000,1.120000,122.321100,28.160000
2020-05-25,,,,
2020-05-26,-0.440000,1.130000,121.386400,28.010000
2020-05-27,-0.460000,1.140000,121.567700,27.620000
2020-05-28,-0.480000,1.180000,121.013800,28.590000
2020-05-29,-0.500000,1.150000,120.945800,27.510000
2020-06-01,-0.520000,1.180000,120.268600,28.230000
2020-06-02,-0.500000,1.180000,119.685400,26.840000
2020-06-03,-0.440000,1.210000,119.255600,25.660000
2020-06-04,-0.400000,1.220000,119.301400,25.810000
2020-06-05,-0.360000,1.270000,118.813800,24.520000
2020-06-08,-0.400000,1.280000,118.662100,25.810000
2020-06-09,-0.420000,1.260000,118.589300,27.570000
2020-06-10,-0.520000,1.270000,118.523100,27.570000
2020-06-11,-0.550000,1.210000,119.234700,40.790000
2020-06-12,-0.500000,1.210000,119.664500,36.090000
2020-06-15,-0.520000,1.230000,119.953900,34.400000
2020-06-16,-0.520000,1.270000,119.567000,33.670000
2020-06-17,-0.520000,1.260000,119.910500,33.470000
2020-06-18,-0.570000,1.280000,120.217300,32.940000
2020-06-19,-0.600000,1.300000,120.218600,35.120000
2020-06-22,-0.630000,1.340000,119.753200,31.770000
2020-06-23,-0.660000,1.380000,119.328500,31.370000
2020-06-24,-0.640000,1.330000,119.974400,33.840000
2020-06-25,-0.650000,1.330000,120.299700,32.220000
2020-06-26,-0.680000,1.320000,120.533000,34.730000
2020-06-29,-0.700000,1.340000,120.665800,31.780000
2020-06-30,-0.680000,1.340000,120.464900,30.430000
2020-07-01,-0.680000,1.370000,120.080800,28.620000
2020-07-02,-0.730000,1.410000,119.855500,27.680000
2020-07-03,,,,
2020-07-06,-0.760000,1.450000,119.285200,27.940000
2020-07-07,-0.780000,1.430000,119.571700,29.430000
2020-07-08,-0.750000,1.420000,119.552500,28.080000
2020-07-09,-0.770000,1.390000,119.512900,29.260000
2020-07-10,-0.760000,1.410000,119.350900,27.290000
2020-07-13,-0.780000,1.420000,119.189100,32.190000
2020-07-14,-0.780000,1.410000,119.390100,29.520000
2020-07-15,-0.770000,1.410000,119.033100,27.760000
2020-07-16,-0.790000,1.410000,118.927500,28.000000
2020-07-17,-0.820000,1.460000,119.124000,25.680000
2020-07-20,-0.840000,1.460000,119.048300,24.460000
2020-07-21,-0.870000,1.480000,118.404200,24.840000
2020-07-22,-0.880000,1.480000,118.133700,24.320000
2020-07-23,-0.900000,1.490000,118.061300,26.080000
2020-07-24,-0.920000,1.510000,118.132900,25.840000
2020-07-27,-0.900000,1.520000,117.386900,24.740000
2020-07-28,-0.920000,1.510000,117.318900,25.440000
2020-07-29,-0.950000,1.530000,117.212600,24.100000
2020-07-30,-0.970000,1.520000,117.400800,24.760000
2020-07-31,-1.000000,1.550000,117.208200,24.460000
2020-08-03,-1.020000,1.580000,117.807400,24.280000
2020-08-04,-1.050000,1.570000,117.783300,23.760000
2020-08-05,-1.060000,1.610000,116.873600,22.990000
2020-08-06,-1.080000,1.630000,117.042200,22.650000
2020-08-07,-1.040000,1.610000,117.623900,22.210000
2020-08-10,-1.020000,1.610000,117.582100,22.130000
2020-08-11,-0.990000,1.630000,117.378100,24.030000
2020-08-12,-0.980000,1.670000,117.255900,22.280000
2020-08-13,-0.960000,1.670000,117.119300,22.130000
2020-08-14,-0.940000,1.650000,116.939500,22.050000
2020-08-17,-0.970000,1.660000,116.749000,21.350000
2020-08-18,-1.010000,1.680000,116.559300,21.510000
2020-08-19,-0.990000,1.670000,116.567000,22.540000
2020-08-20,-0.970000,1.620000,116.812600,22.720000
2020-08-21,-1.000000,1.640000,117.057200,22.540000
2020-08-24,-1.020000,1.670000,116.912000,22.370000
2020-08-25,-1.010000,1.700000,116.820600,22.030000
2020-08-26,-1.030000,1.720000,116.624300,23.270000
2020-08-27,-0.990000,1.730000,116.649000,24.470000
2020-08-28,-1.030000,1.770000,115.937400,22.960000
2020-08-31,-1.080000,1.800000,115.758600,26.410000
2020-09-01,-1.080000,1.760000,115.568700,26.120000
2020-09-02,-1.070000,1.730000,116.030400,26.570000
2020-09-03,-1.020000,1.650000,116.068500,33.600000
2020-09-04,-0.980000,1.700000,116.034700,30.750000
2020-09-07,,,,
2020-09-08,-0.990000,1.680000,116.461800,31.460000
2020-09-09,-1.000000,1.710000,116.129100,28.810000
2020-09-10,-1.010000,1.690000,115.880600,29.710000
2020-09-11,-0.980000,1.650000,116.086600,26.870000
2020-09-14,-0.970000,1.650000,115.642800,25.850000
2020-09-15,-0.990000,1.670000,115.590800,25.590000
2020-09-16,-0.990000,1.680000,115.353700,26.040000
2020-09-17,-0.970000,1.660000,115.439200,26.460000
2020-09-18,-0.970000,1.670000,115.239500,25.830000
2020-09-21,-0.940000,1.620000,116.378000,27.780000
2020-09-22,-0.940000,1.620000,116.543800,26.860000
2020-09-23,-0.920000,1.600000,117.252600,28.580000
2020-09-24,-0.910000,1.580000,117.547300,28.510000
2020-09-25,-0.920000,1.580000,117.867900,26.380000
2020-09-28,-0.940000,1.610000,117.617800,26.190000
2020-09-29,-0.980000,1.640000,117.526000,26.270000
2020-09-30,-0.940000,1.630000,116.946000,26.370000
2020-10-01,-0.950000,1.630000,116.722700,26.700000
2020-10-02,-0.940000,1.640000,116.732100,27.630000
2020-10-05,-0.900000,1.680000,116.176700,27.960000
2020-10-06,-0.900000,1.660000,116.268100,29.480000
2020-10-07,-0.900000,1.710000,116.344700,28.060000
2020-10-08,-0.940000,1.720000,116.165700,26.360000
2020-10-09,-0.940000,1.730000,115.275700,25.000000
2020-10-12,,,,25.070000
2020-10-13,-0.960000,1.700000,115.910700,26.070000
2020-10-14,-0.960000,1.690000,115.687200,26.400000
2020-10-15,-0.950000,1.690000,116.096400,26.970000
2020-10-16,-0.950000,1.710000,115.767900,27.410000
2020-10-19,-0.930000,1.710000,115.403100,29.180000
2020-10-20,-0.910000,1.720000,115.248500,29.350000
2020-10-21,-0.910000,1.740000,114.910800,28.650000
2020-10-22,-0.890000,1.760000,115.115800,28.110000
2020-10-23,-0.900000,1.750000,115.012600,27.550000
2020-10-26,-0.910000,1.720000,115.279700,32.460000
2020-10-27,-0.920000,1.710000,115.013100,33.350000
2020-10-28,-0.910000,1.700000,115.802300,40.280000
2020-10-29,-0.860000,1.710000,116.306900,37.590000
2020-10-30,-0.820000,1.700000,116.135400,38.020000
2020-11-02,-0.840000,1.710000,116.236100,37.130000
2020-11-03,-0.820000,1.720000,115.480200,35.550000
2020-11-04,-0.860000,1.640000,115.167700,29.570000
2020-11-05,-0.870000,1.660000,114.455600,27.580000
2020-11-06,-0.820000,1.650000,113.991900,24.860000
2020-11-09,-0.770000,1.730000,114.089500,25.750000
2020-11-10,-0.780000,1.760000,114.075700,24.800000
2020-11-11,,,,23.450000
2020-11-12,-0.830000,1.710000,114.284300,25.350000
2020-11-13,-0.830000,1.720000,114.239700,23.100000
2020-11-16,-0.810000,1.720000,113.831200,22.450000
2020-11-17,-0.830000,1.700000,113.682000,22.710000
2020-11-18,-0.820000,1.700000,113.460000,23.840000
2020-11-19,-0.840000,1.700000,113.694000,23.110000
2020-11-20,-0.860000,1.690000,113.489000,23.700000
2020-11-23,-0.850000,1.710000,113.754800,22.660000
2020-11-24,-0.860000,1.740000,113.431600,21.640000
2020-11-25,-0.870000,1.750000,113.182300,21.250000
2020-11-26,,,,
2020-11-27,-0.910000,1.750000,,20.840000
2020-11-30,-0.930000,1.770000,113.225600,20.570000
2020-12-01,-0.890000,1.810000,112.806300,20.770000
2020-12-02,-0.900000,1.850000,112.611500,21.170000
2020-12-03,-0.940000,1.860000,112.023600,21.280000
2020-12-04,-0.920000,1.890000,111.777800,20.790000
2020-12-07,-0.940000,1.880000,111.838500,21.300000
2020-12-08,-0.970000,1.890000,111.863900,20.680000
2020-12-09,-0.960000,1.910000,112.030500,22.270000
2020-12-10,-0.960000,1.880000,111.978800,22.520000
2020-12-11,-0.970000,1.870000,112.141700,23.310000
2020-12-14,-0.980000,1.880000,112.170800,24.720000
2020-12-15,-0.990000,1.910000,111.860100,22.890000
2020-12-16,-1.000000,1.920000,111.715700,22.500000
2020-12-17,-1.000000,1.940000,111.222600,21.930000
2020-12-18,-1.000000,1.950000,111.607100,21.570000
2020-12-21,-1.000000,1.950000,111.941500,25.160000
2020-12-22,-1.010000,1.940000,112.194700,24.230000
2020-12-23,-1.010000,1.970000,111.980700,23.310000
2020-12-24,-1.030000,1.970000,,21.530000
2020-12-25,,,,
2020-12-28,-1.030000,1.970000,111.975200,21.700000
2020-12-29,-1.020000,1.960000,111.517200,23.080000
2020-12-30,-1.030000,1.960000,111.308400,22.770000
2020-12-31,-1.060000,1.990000,111.316900,22.750000
2021-01-01,,,,
2021-01-04,-1.080000,2.010000,111.207500,26.970000
2021-01-05,-1.070000,2.030000,110.957400,25.340000
2021-01-06,-1.020000,2.060000,110.850200,25.070000
2021-01-07,-1.010000,2.090000,111.304200,22.370000
2021-01-08,-0.930000,2.060000,111.284700,21.560000
2021-01-11,-0.910000,2.060000,111.825700,24.080000
2021-01-12,-0.930000,2.080000,111.550100,23.330000
2021-01-13,-0.960000,2.060000,111.362200,22.210000
2021-01-14,-0.940000,2.090000,111.156700,23.250000
2021-01-15,-0.990000,2.100000,111.510600,24.340000
2021-01-18,,,,
2021-01-19,-1.000000,2.100000,111.452700,23.240000
2021-01-20,-1.020000,2.120000,,21.580000
2021-01-21,-0.980000,2.100000,111.197300,21.320000
2021-01-22,-0.990000,2.090000,111.551600,21.910000
2021-01-25,-1.030000,2.080000,111.867600,23.190000
2021-01-26,-1.030000,2.080000,111.657200,23.020000
2021-01-27,-1.040000,2.080000,112.078200,37.210000
2021-01-28,-1.060000,2.130000,112.005900,30.210000
2021-01-29,-1.020000,2.130000,111.951100,33.090000
2021-02-01,-1.020000,2.110000,112.418900,30.240000
2021-02-02,-1.030000,2.150000,112.286200,25.560000
2021-02-03,-1.040000,2.190000,112.256700,22.910000
2021-02-04,-1.020000,2.170000,112.746900,21.770000
2021-02-05,-1.020000,2.210000,112.237900,20.870000
2021-02-08,-1.030000,2.220000,112.042800,21.240000
2021-02-09,-1.040000,2.220000,111.767500,21.630000
2021-02-10,-1.060000,2.210000,111.583400,21.990000
2021-02-11,-1.040000,2.200000,111.527200,21.250000
2021-02-12,-1.010000,2.210000,111.488900,19.970000
2021-02-15,,,,
2021-02-16,-0.940000,2.240000,111.787900,21.460000
2021-02-17,-0.920000,2.210000,112.020400,21.500000
2021-02-18,-0.870000,2.160000,112.160300,22.490000
2021-02-19,-0.800000,2.140000,111.705800,22.050000
2021-02-22,-0.790000,2.160000,111.918000,23.450000
2021-02-23,-0.790000,2.160000,111.898100,23.110000
2021-02-24,-0.790000,2.170000,111.721200,21.340000
2021-02-25,-0.600000,2.140000,111.925300,28.890000
2021-02-26,-0.710000,2.150000,112.830600,27.950000
2021-03-01,-0.710000,2.160000,112.526300,23.350000
2021-03-02,-0.780000,2.200000,112.534200,24.100000
2021-03-03,-0.740000,2.210000,112.761700,26.670000
2021-03-04,-0.660000,2.200000,112.703700,28.570000
2021-03-05,-0.660000,2.220000,113.748700,24.660000
2021-03-08,-0.620000,2.210000,114.267800,25.470000
2021-03-09,-0.660000,2.210000,113.928000,24.030000
2021-03-10,-0.730000,2.260000,113.588100,22.560000
2021-03-11,-0.740000,2.280000,112.921400,21.910000
2021-03-12,-0.620000,2.260000,113.026900,20.690000
2021-03-15,-0.650000,2.270000,113.192800,20.030000
2021-03-16,-0.680000,2.300000,112.983900,19.790000
2021-03-17,-0.670000,2.300000,113.158900,19.230000
2021-03-18,-0.560000,2.270000,112.774400,21.580000
2021-03-19,-0.570000,2.310000,112.975600,20.950000
2021-03-22,-0.640000,2.330000,113.002300,18.880000
2021-03-23,-0.660000,2.290000,113.291600,20.300000
2021-03-24,-0.690000,2.310000,113.656500,21.200000
2021-03-25,-0.690000,2.320000,114.001600,19.810000
2021-03-26,-0.670000,2.340000,113.740600,18.860000
2021-03-29,-0.630000,2.360000,113.931400,20.740000
2021-03-30,-0.620000,2.350000,114.203000,19.610000
2021-03-31,-0.630000,2.370000,113.823400,19.400000
2021-04-01,-0.660000,2.350000,113.738900,17.330000
2021-04-02,-0.640000,2.360000,113.731500,
2021-04-05,-0.620000,2.350000,113.394000,17.910000
2021-04-06,-0.650000,2.320000,113.146400,18.120000
2021-04-07,-0.660000,2.340000,113.243600,17.160000
2021-04-08,-0.690000,2.330000,113.091700,16.950000
2021-04-09,-0.640000,2.310000,113.202800,16.690000
2021-04-12,-0.640000,2.330000,113.181500,16.910000
2021-04-13,-0.690000,2.330000,113.039100,16.650000
2021-04-14,-0.690000,2.330000,112.784900,16.990000
2021-04-15,-0.770000,2.330000,112.618100,16.570000
2021-04-16,-0.770000,2.360000,112.481400,16.250000
2021-04-19,-0.730000,2.340000,112.183500,17.290000
2021-04-20,-0.740000,2.320000,112.235400,18.680000
2021-04-21,-0.760000,2.330000,112.177100,17.500000
2021-04-22,-0.760000,2.330000,112.229700,18.710000
2021-04-23,-0.760000,2.340000,112.088900,17.330000
2021-04-26,-0.780000,2.360000,111.810900,17.640000
2021-04-27,-0.760000,2.390000,111.909700,17.560000
2021-04-28,-0.780000,2.410000,111.790900,17.280000
2021-04-29,-0.770000,2.420000,111.746400,17.610000
2021-04-30,-0.760000,2.410000,112.083900,18.610000
2021-05-03,-0.790000,2.420000,112.005000,18.310000
2021-05-04,-0.810000,2.420000,112.289600,19.480000
2021-05-05,-0.880000,2.470000,112.151400,19.150000
2021-05-06,-0.870000,2.450000,111.840100,18.390000
2021-05-07,-0.890000,2.490000,111.024900,16.690000
2021-05-10,-0.910000,2.540000,110.790500,19.660000
2021-05-11,-0.890000,2.530000,110.892100,21.840000
2021-05-12,-0.850000,2.540000,111.563600,27.590000
2021-05-13,-0.850000,2.510000,111.595500,23.130000
2021-05-14,-0.880000,2.510000,111.135300,18.810000
2021-05-17,-0.900000,2.540000,111.079000,19.720000
2021-05-18,-0.880000,2.520000,110.831700,21.340000
2021-05-19,-0.800000,2.480000,110.880700,22.180000
2021-05-20,-0.780000,2.410000,110.860500,20.670000
2021-05-21,-0.800000,2.430000,111.057600,20.150000
2021-05-24,-0.830000,2.440000,110.911800,18.400000
2021-05-25,-0.860000,2.420000,110.842000,18.840000
2021-05-26,-0.820000,2.400000,110.867700,17.360000
2021-05-27,-0.810000,2.420000,110.868800,16.740000
2021-05-28,-0.840000,2.420000,110.757600,16.760000
2021-05-31,,,,
2021-06-01,-0.840000,2.460000,110.504600,17.900000
2021-06-02,-0.850000,2.440000,110.579900,17.480000
2021-06-03,-0.790000,2.420000,111.178200,18.040000
2021-06-04,-0.840000,2.400000,110.752100,16.420000
2021-06-07,-0.820000,2.390000,110.515500,16.420000
2021-06-08,-0.830000,2.360000,110.649000,17.070000
2021-06-09,-0.820000,2.320000,110.570700,17.890000
2021-06-10,-0.900000,2.350000,110.545600,16.100000
2021-06-11,-0.850000,2.320000,111.093300,15.650000
2021-06-14,-0.850000,2.360000,110.965900,16.390000
2021-06-15,-0.870000,2.380000,111.350700,17.020000
2021-06-16,-0.750000,2.320000,111.116500,18.150000
2021-06-17,-0.750000,2.270000,112.577200,17.750000
2021-06-18,-0.790000,2.240000,113.040800,20.700000
2021-06-21,-0.750000,2.250000,112.839100,17.890000
2021-06-22,-0.830000,2.310000,112.917400,16.660000
2021-06-23,-0.840000,2.340000,112.381900,16.320000
2021-06-24,-0.810000,2.300000,112.326000,15.970000
2021-06-25,-0.800000,2.340000,111.965500,15.620000
2021-06-28,-0.840000,2.330000,112.024800,15.760000
2021-06-29,-0.830000,2.320000,112.261300,16.020000
2021-06-30,-0.870000,2.320000,112.553300,15.830000
2021-07-01,-0.870000,2.350000,112.740000,15.480000
2021-07-02,-0.890000,2.330000,112.542500,15.070000
2021-07-05,,,,
2021-07-06,-0.940000,2.310000,112.951600,16.440000
2021-07-07,-0.950000,2.280000,113.104800,16.200000
2021-07-08,-0.920000,2.220000,113.077600,19.000000
2021-07-09,-0.910000,2.280000,112.837500,16.180000
2021-07-12,-0.950000,2.330000,112.761100,16.170000
2021-07-13,-0.940000,2.360000,113.006300,17.120000
2021-07-14,-0.970000,2.340000,112.880100,16.330000
2021-07-15,-1.010000,2.320000,113.004100,17.010000
2021-07-16,-1.020000,2.330000,113.042800,18.450000
2021-07-19,-1.050000,2.240000,113.547200,22.500000
2021-07-20,-1.030000,2.260000,113.750200,19.730000
2021-07-21,-0.980000,2.280000,113.392600,17.910000
2021-07-22,-1.010000,2.280000,113.469500,17.690000
2021-07-23,-1.050000,2.350000,113.439800,17.200000
2021-07-26,-1.110000,2.400000,113.223800,17.580000
2021-07-27,-1.130000,2.380000,113.222700,19.360000
2021-07-28,-1.150000,2.410000,113.180700,18.310000
2021-07-29,-1.150000,2.430000,112.483400,17.700000
2021-07-30,-1.160000,2.400000,112.671400,18.240000
2021-08-02,-1.170000,2.370000,112.669100,19.460000
2021-08-03,-1.190000,2.380000,112.822800,18.040000
2021-08-04,-1.160000,2.350000,112.895300,17.970000
2021-08-05,-1.100000,2.330000,112.767400,17.280000
2021-08-06,-1.060000,2.370000,113.308800,16.150000
2021-08-09,-1.040000,2.370000,113.452100,16.720000
2021-08-10,-1.040000,2.400000,113.497300,16.790000
2021-08-11,-1.070000,2.420000,113.282000,16.060000
2021-08-12,-1.050000,2.410000,113.269100,15.590000
2021-08-13,-1.080000,2.370000,113.061500,15.450000
2021-08-16,-1.100000,2.360000,113.169800,16.120000
2021-08-17,-1.070000,2.330000,113.617400,17.910000
2021-08-18,-1.050000,2.320000,113.695900,21.570000
2021-08-19,-1.040000,2.280000,114.110600,21.670000
2021-08-20,-1.010000,2.270000,114.500900,18.560000
2021-08-23,-1.020000,2.270000,113.941800,17.150000
2021-08-24,-1.010000,2.300000,113.679500,17.220000
2021-08-25,-1.000000,2.350000,113.632200,16.790000
2021-08-26,-0.990000,2.330000,113.788300,18.840000
2021-08-27,-1.080000,2.390000,113.340400,16.390000
2021-08-30,-1.080000,2.370000,113.246000,16.190000
2021-08-31,-1.030000,2.330000,113.107600,16.480000
2021-09-01,-1.030000,2.340000,112.873200,16.110000
2021-09-02,-1.030000,2.320000,112.786300,16.410000
2021-09-03,-1.010000,2.340000,112.547600,16.410000
2021-09-06,,,,
2021-09-07,-0.980000,2.360000,112.979500,18.140000
2021-09-08,-1.030000,2.380000,113.231900,17.960000
2021-09-09,-1.080000,2.380000,113.043000,18.800000
2021-09-10,-1.050000,2.400000,112.942500,20.950000
2021-09-13,-1.040000,2.370000,113.034100,19.370000
2021-09-14,-1.050000,2.330000,113.006100,19.460000
2021-09-15,-1.040000,2.350000,112.977300,18.180000
2021-09-16,-1.010000,2.350000,113.303600,18.690000
2021-09-17,-0.960000,2.330000,113.598900,20.810000
2021-09-20,-0.980000,2.290000,113.942200,25.710000
2021-09-21,-0.960000,2.290000,113.817900,24.360000
2021-09-22,-0.960000,2.280000,113.622300,20.870000
2021-09-23,-0.900000,2.310000,113.513000,18.630000
2021-09-24,-0.870000,2.340000,113.759700,17.750000
2021-09-27,-0.870000,2.350000,113.743200,18.760000
2021-09-28,-0.840000,2.380000,114.246900,23.250000
2021-09-29,-0.820000,2.370000,114.709200,22.560000
2021-09-30,-0.850000,2.370000,114.640300,23.140000
2021-10-01,-0.900000,2.380000,114.379800,21.150000
2021-10-04,-0.890000,2.380000,114.273900,22.960000
2021-10-05,-0.910000,2.450000,114.365400,21.300000
2021-10-06,-0.900000,2.430000,114.718500,21.000000
2021-10-07,-0.880000,2.460000,114.504400,19.540000
2021-10-08,-0.890000,2.500000,114.598600,18.770000
2021-10-11,,,,20.000000
2021-10-12,-0.900000,2.490000,114.754200,19.850000
2021-10-13,-0.960000,2.520000,114.470500,18.640000
2021-10-14,-1.000000,2.520000,114.205300,16.860000
2021-10-15,-0.970000,2.560000,114.090500,16.300000
2021-10-18,-0.950000,2.540000,113.989900,16.310000
2021-10-19,-0.890000,2.540000,113.647000,15.700000
2021-10-20,-0.920000,2.570000,113.508300,15.490000
2021-10-21,-0.960000,2.640000,113.618800,15.010000
2021-10-22,-0.980000,2.640000,113.670000,15.430000
2021-10-25,-1.020000,2.660000,113.605000,15.240000
2021-10-26,-1.060000,2.690000,113.674000,15.980000
2021-10-27,-1.110000,2.650000,113.621800,16.980000
2021-10-28,-1.000000,2.570000,113.438900,16.530000
2021-10-29,-0.960000,2.510000,114.134900,16.260000
2021-11-01,-0.920000,2.500000,114.206700,16.410000
2021-11-02,-0.950000,2.510000,114.284700,16.030000
2021-11-03,-0.930000,2.530000,114.359300,15.100000
2021-11-04,-1.030000,2.560000,114.355800,15.440000
2021-11-05,-1.090000,2.540000,114.073200,16.480000
2021-11-08,-1.110000,2.620000,113.825600,17.220000
2021-11-09,-1.170000,2.630000,113.762000,17.780000
2021-11-10,-1.140000,2.700000,114.148400,18.730000
2021-11-11,,,,17.660000
2021-11-12,-1.150000,2.730000,114.514400,16.290000
2021-11-15,-1.130000,2.760000,114.587600,16.490000
2021-11-16,-1.100000,2.730000,115.136000,16.370000
2021-11-17,-1.100000,2.700000,115.026300,17.110000
2021-11-18,-1.140000,2.730000,115.067800,17.590000
2021-11-19,-1.110000,2.650000,115.218700,17.910000
2021-11-22,-0.980000,2.610000,115.648100,19.170000
2021-11-23,-0.950000,2.620000,116.011800,19.380000
2021-11-24,-0.970000,2.610000,116.271100,18.580000
2021-11-25,,,,
2021-11-26,-1.070000,2.550000,116.510300,28.620000
2021-11-29,-1.020000,2.540000,116.581000,22.960000
2021-11-30,-1.070000,2.500000,116.207100,27.190000
2021-12-01,-1.010000,2.440000,115.889000,31.120000
2021-12-02,-1.030000,2.470000,116.018000,27.950000
2021-12-03,-1.080000,2.430000,116.237700,30.670000
2021-12-06,-1.010000,2.440000,116.153800,27.180000
2021-12-07,-0.990000,2.470000,115.855500,21.890000
2021-12-08,-1.000000,2.520000,115.441800,19.900000
2021-12-09,-0.980000,2.470000,115.778400,21.580000
2021-12-10,-0.960000,2.440000,115.573200,18.690000
2021-12-13,-0.980000,2.400000,115.842000,20.310000
2021-12-14,-0.930000,2.370000,116.239700,21.890000
2021-12-15,-0.920000,2.390000,116.421900,19.290000
2021-12-16,-0.980000,2.420000,115.714600,20.570000
2021-12-17,-0.970000,2.380000,115.791000,21.570000
2021-12-20,-0.960000,2.390000,116.009200,22.870000
2021-12-21,-0.960000,2.440000,116.108900,21.010000
2021-12-22,-1.010000,2.470000,115.748500,18.630000
2021-12-23,-0.970000,2.470000,115.533700,17.960000
2021-12-24,,,,
2021-12-27,-1.020000,2.500000,115.468400,17.680000
2021-12-28,-1.010000,2.500000,115.419200,17.540000
2021-12-29,-0.980000,2.530000,115.367800,16.950000
2021-12-30,-1.060000,2.580000,115.283000,17.330000
2021-12-31,-1.040000,2.560000,,17.220000
2022-01-03,-0.970000,2.600000,115.410100,16.600000
2022-01-04,-0.910000,2.570000,115.310300,16.910000
2022-01-05,-0.820000,2.530000,115.137000,19.730000
2022-01-06,-0.730000,2.460000,115.404600,19.610000
2022-01-07,-0.720000,2.480000,115.045100,18.760000
2022-01-10,-0.700000,2.480000,115.221600,19.400000
2022-01-11,-0.790000,2.540000,114.833200,18.410000
2022-01-12,-0.740000,2.480000,114.355000,17.620000
2022-01-13,-0.730000,2.430000,114.177000,20.310000
2022-01-14,-0.660000,2.440000,114.382500,19.190000
2022-01-17,,,,
2022-01-18,-0.590000,2.460000,114.737300,22.790000
2022-01-19,-0.570000,2.400000,114.610900,23.850000
2022-01-20,-0.500000,2.330000,114.464200,25.590000
2022-01-21,-0.590000,2.340000,114.612500,28.850000
2022-01-24,-0.630000,2.380000,115.203400,29.900000
2022-01-25,-0.630000,2.410000,115.165400,31.160000
2022-01-26,-0.530000,2.380000,115.092200,31.960000
2022-01-27,-0.590000,2.400000,115.978000,30.490000
2022-01-28,-0.660000,2.440000,116.039300,27.660000
2022-01-31,-0.650000,2.440000,115.566000,24.830000
2022-02-01,-0.620000,2.430000,115.368500,21.960000
2022-02-02,-0.630000,2.410000,115.153800,22.090000
2022-02-03,-0.560000,2.380000,114.906500,24.350000
2022-02-04,-0.480000,2.410000,115.136200,23.220000
2022-02-07,-0.480000,2.400000,115.009800,22.860000
2022-02-08,-0.460000,2.420000,115.089200,21.440000
2022-02-09,-0.480000,2.420000,114.823200,19.960000
2022-02-10,-0.420000,2.450000,114.552700,23.910000
2022-02-11,-0.510000,2.430000,114.841300,27.360000
2022-02-14,-0.500000,2.480000,115.194600,28.330000
2022-02-15,-0.430000,2.480000,114.930000,25.700000
2022-02-16,-0.430000,2.460000,114.688600,24.290000
2022-02-17,-0.460000,2.430000,114.675500,28.110000
2022-02-18,-0.490000,2.410000,114.798200,27.750000
2022-02-21,,,,
2022-02-22,-0.510000,2.450000,114.700200,28.810000
2022-02-23,-0.540000,2.530000,114.666800,31.020000
2022-02-24,-0.590000,2.550000,115.941900,30.320000
2022-02-25,-0.570000,2.540000,115.257700,27.590000
2022-02-28,-0.790000,2.620000,115.222400,30.150000
2022-03-01,-0.900000,2.620000,115.796200,33.320000
2022-03-02,-0.850000,2.710000,115.762300,30.740000
2022-03-03,-0.830000,2.690000,115.949500,30.480000
2022-03-04,-0.930000,2.670000,116.650300,31.980000
2022-03-07,-0.990000,2.770000,117.327800,36.450000
2022-03-08,-1.040000,2.900000,117.617600,35.130000
2022-03-09,-0.900000,2.840000,116.596100,32.450000
2022-03-10,-0.880000,2.860000,116.740100,30.230000
2022-03-11,-0.940000,2.940000,117.019200,30.750000
2022-03-14,-0.790000,2.930000,117.150600,31.770000
2022-03-15,-0.690000,2.840000,117.246000,29.830000
2022-03-16,-0.610000,2.800000,116.807300,26.670000
2022-03-17,-0.710000,2.910000,116.046700,25.670000
2022-03-18,-0.720000,2.860000,116.137800,23.870000
2022-03-21,-0.580000,2.900000,115.939800,23.530000
2022-03-22,-0.530000,2.910000,116.082400,22.940000
2022-03-23,-0.620000,2.940000,116.005000,23.570000
2022-03-24,-0.580000,2.920000,115.959900,21.670000
2022-03-25,-0.470000,2.950000,115.792100,20.810000
2022-03-28,-0.490000,2.950000,116.191100,19.630000
2022-03-29,-0.450000,2.860000,115.567900,18.900000
2022-03-30,-0.510000,2.860000,115.081800,19.330000
2022-03-31,-0.520000,2.840000,115.221800,20.560000
2022-04-01,-0.410000,2.800000,115.481400,19.630000
2022-04-04,-0.380000,2.800000,115.411200,18.570000
2022-04-05,-0.300000,2.840000,115.730000,21.030000
2022-04-06,-0.220000,2.830000,115.999500,22.100000
2022-04-07,-0.160000,2.820000,116.351200,21.550000
2022-04-08,-0.150000,2.870000,116.417600,21.160000
2022-04-11,-0.120000,2.910000,116.540100,24.370000
2022-04-12,-0.140000,2.860000,116.386600,24.260000
2022-04-13,-0.100000,2.800000,116.279600,21.820000
2022-04-14,-0.060000,2.890000,116.755800,22.700000
2022-04-15,,,116.701700,
2022-04-18,-0.070000,2.920000,116.844100,22.170000
2022-04-19,0.000000,2.930000,117.132400,21.370000
2022-04-20,-0.070000,2.920000,116.730600,20.320000
2022-04-21,-0.120000,3.020000,117.143200,22.680000
2022-04-22,-0.080000,2.980000,118.018600,28.210000
2022-04-25,-0.100000,2.910000,118.627100,27.020000
2022-04-26,-0.080000,2.850000,118.962400,33.520000
2022-04-27,-0.060000,2.880000,119.470800,31.600000
2022-04-28,-0.120000,2.970000,120.067500,29.990000
2022-04-29,0.010000,2.880000,119.493300,33.400000
2022-05-02,0.180000,2.810000,119.882500,32.340000
2022-05-03,0.140000,2.830000,119.704300,29.250000
2022-05-04,0.070000,2.860000,119.559200,25.420000
2022-05-05,0.180000,2.870000,120.006800,31.200000
2022-05-06,0.260000,2.860000,119.857700,30.190000
2022-05-09,0.300000,2.750000,120.497200,34.750000
2022-05-10,0.340000,2.650000,120.774200,32.990000
2022-05-11,0.210000,2.700000,120.392500,32.560000
2022-05-12,0.250000,2.590000,121.279600,31.770000
2022-05-13,0.240000,2.690000,120.844200,28.870000
2022-05-16,0.200000,2.680000,120.688100,27.470000
2022-05-17,0.270000,2.710000,119.887100,26.100000
2022-05-18,0.170000,2.720000,120.027400,30.960000
2022-05-19,0.250000,2.590000,119.427800,29.350000
2022-05-20,0.230000,2.550000,119.367700,29.430000
2022-05-23,0.260000,2.600000,118.716900,28.480000
2022-05-24,0.210000,2.550000,118.624500,29.450000
2022-05-25,0.190000,2.560000,118.959800,28.370000
2022-05-26,0.130000,2.620000,118.768700,27.500000
2022-05-27,0.110000,2.630000,118.283400,25.720000
2022-05-30,,,,26.540000
2022-05-31,0.210000,2.640000,118.070400,26.190000
2022-06-01,0.290000,2.650000,118.695400,25.690000
2022-06-02,0.260000,2.660000,118.065800,24.720000
2022-06-03,0.220000,2.740000,118.215300,24.790000
2022-06-06,0.280000,2.760000,118.308100,25.070000
2022-06-07,0.250000,2.730000,118.441400,24.020000
2022-06-08,0.280000,2.750000,118.395100,23.960000
2022-06-09,0.290000,2.750000,118.922600,26.090000
2022-06-10,0.390000,2.760000,119.998100,27.750000
2022-06-13,0.690000,2.740000,121.152300,34.020000
2022-06-14,0.890000,2.600000,121.666900,32.690000
2022-06-15,0.630000,2.700000,121.640300,29.620000
2022-06-16,0.660000,2.620000,120.671400,32.950000
2022-06-17,0.670000,2.580000,121.236900,31.130000
2022-06-20,,,,31.030000
2022-06-21,0.700000,2.610000,120.642700,30.190000
2022-06-22,0.620000,2.540000,120.519700,28.950000
2022-06-23,0.590000,2.500000,120.762200,29.050000
2022-06-24,0.570000,2.560000,120.485300,27.230000
2022-06-27,0.650000,2.550000,120.173600,26.950000
2022-06-28,0.720000,2.480000,120.620000,28.360000
2022-06-29,0.740000,2.360000,120.961600,28.160000
2022-06-30,0.650000,2.330000,120.965200,28.710000
2022-07-01,0.540000,2.340000,121.505800,26.700000
2022-07-04,,,,27.530000
2022-07-05,0.520000,2.300000,122.620300,27.540000
2022-07-06,0.640000,2.290000,123.007300,26.730000
2022-07-07,0.680000,2.330000,122.725700,26.080000
2022-07-08,0.720000,2.370000,122.466200,24.640000
2022-07-11,0.670000,2.320000,123.297400,26.170000
2022-07-12,0.640000,2.320000,123.452400,27.290000
2022-07-13,0.600000,2.310000,123.283400,26.820000
2022-07-14,0.620000,2.340000,124.062200,26.400000
2022-07-15,0.570000,2.360000,123.476500,24.230000
2022-07-18,0.590000,2.370000,122.772700,25.300000
2022-07-19,0.620000,2.390000,122.481900,24.500000
2022-07-20,0.660000,2.380000,122.599700,23.880000
2022-07-21,0.580000,2.330000,122.903200,23.110000
2022-07-22,0.430000,2.340000,122.451000,23.030000
2022-07-25,0.450000,2.360000,122.459400,23.360000
2022-07-26,0.450000,2.360000,122.758100,24.690000
2022-07-27,0.360000,2.420000,122.816900,23.240000
2022-07-28,0.200000,2.480000,122.116100,22.330000
2022-07-29,0.140000,2.530000,121.767800,21.330000
2022-08-01,0.090000,2.510000,121.410900,22.840000
2022-08-02,0.270000,2.480000,121.948600,23.930000
2022-08-03,0.230000,2.500000,122.388800,21.950000
2022-08-04,0.220000,2.460000,121.833300,21.440000
2022-08-05,0.370000,2.460000,122.321000,21.150000
2022-08-08,0.290000,2.480000,121.878300,21.290000
2022-08-09,0.330000,2.470000,121.861400,21.770000
2022-08-10,0.350000,2.430000,120.754300,19.740000
2022-08-11,0.400000,2.470000,120.716300,20.200000
2022-08-12,0.370000,2.470000,121.018000,19.530000
2022-08-15,0.350000,2.440000,121.431500,19.950000
2022-08-16,0.380000,2.440000,121.680700,19.690000
2022-08-17,0.430000,2.460000,122.071100,19.900000
2022-08-18,0.360000,2.520000,122.362700,19.560000
2022-08-19,0.430000,2.550000,123.050100,20.600000
2022-08-22,0.460000,2.570000,123.605000,23.800000
2022-08-23,0.470000,2.580000,123.054700,24.110000
2022-08-24,0.490000,2.620000,123.109000,22.820000
2022-08-25,0.430000,2.600000,123.058600,21.780000
2022-08-26,0.470000,2.570000,123.065600,25.560000
2022-08-29,0.540000,2.580000,123.468600,26.210000
2022-08-30,0.560000,2.550000,123.684800,26.210000
2022-08-31,0.670000,2.480000,123.535000,25.870000
2022-09-01,0.810000,2.450000,124.400600,25.560000
2022-09-02,0.730000,2.470000,123.774300,25.470000
2022-09-05,,,,25.990000
2022-09-06,0.850000,2.480000,124.767000,26.910000
2022-09-07,0.820000,2.450000,124.840800,24.640000
2022-09-08,0.880000,2.410000,124.578000,23.610000
2022-09-09,0.910000,2.420000,123.787400,22.790000
2022-09-12,0.950000,2.420000,123.333200,23.870000
2022-09-13,0.980000,2.440000,124.424200,27.270000
2022-09-14,0.950000,2.460000,124.450900,26.160000
2022-09-15,1.020000,2.430000,124.884300,26.270000
2022-09-16,1.070000,2.380000,124.879400,26.300000
2022-09-19,1.150000,2.340000,125.010400,25.760000
2022-09-20,1.170000,2.400000,125.124800,27.160000
2022-09-21,1.130000,2.380000,125.739900,27.990000
2022-09-22,1.290000,2.410000,126.166700,27.350000
2022-09-23,1.320000,2.370000,127.285300,29.920000
2022-09-26,1.560000,2.320000,128.453900,32.260000
2022-09-27,1.640000,2.330000,128.438600,32.600000
2022-09-28,1.390000,2.330000,128.088400,30.180000
2022-09-29,1.570000,2.190000,127.543700,31.840000
2022-09-30,1.680000,2.150000,127.514800,31.620000
2022-10-03,1.430000,2.240000,127.081300,30.100000
2022-10-04,1.380000,2.240000,126.181900,29.070000
2022-10-05,1.540000,2.220000,126.861600,28.550000
2022-10-06,1.610000,2.220000,127.249300,30.520000
2022-10-07,1.620000,2.270000,127.311100,31.360000
2022-10-10,,,,32.450000
2022-10-11,1.620000,2.310000,127.664100,33.630000
2022-10-12,1.620000,2.290000,128.148100,33.570000
2022-10-13,1.630000,2.340000,127.728600,31.940000
2022-10-14,1.590000,2.410000,128.332500,32.020000
2022-10-17,1.570000,2.450000,127.644800,31.370000
2022-10-18,1.600000,2.410000,127.915300,30.500000
2022-10-19,1.720000,2.420000,128.396800,30.760000
2022-10-20,1.730000,2.510000,128.005200,29.980000
2022-10-21,1.690000,2.520000,127.673500,29.690000
2022-10-24,1.660000,2.590000,128.030400,29.850000
2022-10-25,1.590000,2.510000,127.377100,28.460000
2022-10-26,1.600000,2.440000,126.472300,27.280000
2022-10-27,1.510000,2.450000,126.702800,27.390000
2022-10-28,1.510000,2.510000,127.213500,25.750000
2022-10-31,1.580000,2.520000,127.621900,25.880000
2022-11-01,1.560000,2.510000,127.398700,25.810000
2022-11-02,1.570000,2.530000,127.311500,25.860000
2022-11-03,1.740000,2.400000,128.174300,25.300000
2022-11-04,1.690000,2.480000,127.146800,24.550000
2022-11-07,1.690000,2.530000,126.306200,24.350000
2022-11-08,1.640000,2.500000,125.633000,25.540000
2022-11-09,1.700000,2.420000,125.986100,26.090000
2022-11-10,1.430000,2.390000,124.704400,23.530000
2022-11-11,,,,22.520000
2022-11-14,1.510000,2.370000,123.427700,23.730000
2022-11-15,1.450000,2.350000,123.039000,24.540000
2022-11-16,1.380000,2.290000,123.281700,24.110000
2022-11-17,1.490000,2.280000,123.977000,23.930000
2022-11-18,1.570000,2.250000,123.852400,23.120000
2022-11-21,1.520000,2.310000,124.700900,22.360000
2022-11-22,1.440000,2.320000,124.236500,21.290000
2022-11-23,1.390000,2.320000,123.757400,20.350000
2022-11-24,,,,20.420000
2022-11-25,1.360000,2.320000,123.338600,20.500000
2022-11-28,1.430000,2.260000,123.603200,22.210000
2022-11-29,1.500000,2.250000,123.661500,21.890000
2022-11-30,1.340000,2.340000,123.517500,20.580000
2022-12-01,1.170000,2.360000,122.004500,19.840000
2022-12-02,1.080000,2.430000,122.010200,19.060000
2022-12-05,1.210000,2.390000,122.638400,20.750000
2022-12-06,1.200000,2.310000,123.019100,22.170000
2022-12-07,1.160000,2.260000,122.760800,22.680000
2022-12-08,1.200000,2.280000,122.415200,22.290000
2022-12-09,1.310000,2.260000,122.420100,22.830000
2022-12-12,1.330000,2.280000,122.771400,25.000000
2022-12-13,1.270000,2.240000,121.849300,22.550000
2022-12-14,1.300000,2.190000,121.822600,21.140000
2022-12-15,1.280000,2.160000,122.551900,22.830000
2022-12-16,1.350000,2.130000,122.650500,22.620000
2022-12-19,1.420000,2.150000,122.527500,22.420000
2022-12-20,1.450000,2.240000,122.135700,21.480000
2022-12-21,1.410000,2.270000,122.282800,20.070000
2022-12-22,1.480000,2.190000,122.241900,21.970000
2022-12-23,1.550000,2.200000,121.974300,20.870000
2022-12-26,,,,
2022-12-27,1.580000,2.260000,121.753900,21.650000
2022-12-28,1.600000,2.280000,122.007500,22.140000
2022-12-29,1.560000,2.270000,121.657700,21.440000
2022-12-30,1.580000,2.300000,121.425600,21.670000
2023-01-02,,,,
2023-01-03,1.530000,2.260000,122.090500,22.900000
2023-01-04,1.470000,2.220000,121.500800,22.010000
2023-01-05,1.490000,2.220000,122.101700,22.460000
2023-01-06,1.340000,2.210000,121.085200,21.130000
2023-01-09,1.310000,2.220000,120.150800,21.970000
2023-01-10,1.370000,2.240000,120.248300,20.580000
2023-01-11,1.310000,2.230000,120.161400,21.090000
2023-01-12,1.220000,2.210000,119.421800,18.830000
2023-01-13,1.310000,2.180000,119.167300,18.350000
2023-01-16,,,,19.490000
2023-01-17,1.360000,2.170000,119.212100,19.360000
2023-01-18,1.250000,2.120000,119.075500,20.340000
2023-01-19,1.190000,2.200000,119.610700,20.520000
2023-01-20,1.250000,2.230000,119.348600,19.850000
2023-01-23,1.240000,2.280000,119.143400,19.810000
2023-01-24,1.190000,2.270000,119.095800,19.200000
2023-01-25,1.170000,2.290000,118.968600,19.080000
2023-01-26,1.160000,2.330000,119.021000,18.730000
2023-01-27,1.190000,2.330000,118.922300,18.510000
2023-01-30,1.260000,2.290000,118.895300,19.940000
2023-01-31,1.280000,2.240000,118.980200,19.400000
2023-02-01,1.140000,2.250000,118.625900,17.870000
2023-02-02,1.180000,2.220000,118.342100,18.730000
2023-02-03,1.310000,2.220000,119.509500,18.330000
2023-02-06,1.380000,2.250000,120.541000,19.430000
2023-02-07,1.360000,2.310000,120.347500,18.660000
2023-02-08,1.290000,2.340000,120.143600,19.630000
2023-02-09,1.340000,2.330000,119.978100,20.710000
2023-02-10,1.410000,2.330000,120.141900,20.530000
2023-02-13,1.410000,2.310000,119.982800,20.340000
2023-02-14,1.460000,2.310000,119.922900,18.910000
2023-02-15,1.460000,2.350000,120.455700,18.230000
2023-02-16,1.490000,2.370000,120.465100,20.170000
2023-02-17,1.460000,2.360000,120.552600,20.020000
2023-02-20,,,,21.230000
2023-02-21,1.530000,2.420000,120.625600,22.870000
2023-02-22,1.520000,2.410000,120.838900,22.290000
2023-02-23,1.490000,2.390000,121.089600,21.140000
2023-02-24,1.570000,2.380000,121.568100,21.670000
2023-02-27,1.560000,2.360000,121.394100,20.950000
2023-02-28,1.490000,2.430000,121.334100,20.700000
2023-03-01,1.570000,2.440000,120.634700,20.580000
2023-03-02,1.600000,2.480000,121.130200,19.590000
2023-03-03,1.450000,2.520000,120.774200,18.490000
2023-03-06,1.490000,2.490000,120.485000,18.610000
2023-03-07,1.590000,2.380000,121.462300,19.590000
2023-03-08,1.660000,2.320000,121.451100,19.110000
2023-03-09,1.630000,2.300000,121.445800,22.610000
2023-03-10,1.440000,2.260000,121.242100,24.800000
2023-03-13,1.310000,2.240000,120.889700,26.520000
2023-03-14,1.330000,2.310000,121.014100,23.730000
2023-03-15,1.220000,2.290000,122.107900,26.140000
2023-03-16,1.340000,2.220000,121.722100,22.990000
2023-03-17,1.290000,2.100000,121.564300,25.510000
2023-03-20,1.330000,2.140000,121.014100,24.150000
2023-03-21,1.360000,2.230000,120.895800,21.380000
2023-03-22,1.200000,2.280000,120.621700,22.260000
2023-03-23,1.190000,2.190000,119.758700,22.610000
2023-03-24,1.160000,2.220000,120.459800,21.740000
2023-03-27,1.290000,2.240000,120.254100,20.600000
2023-03-28,1.240000,2.310000,119.713800,19.970000
2023-03-29,1.240000,2.330000,119.725800,19.120000
2023-03-30,1.210000,2.340000,119.407800,19.020000
2023-03-31,1.160000,2.320000,119.360200,18.700000
2023-04-03,1.140000,2.290000,119.320400,18.550000
2023-04-04,1.100000,2.250000,119.142000,19.000000
2023-04-05,1.070000,2.230000,119.295300,19.080000
2023-04-06,1.060000,2.240000,119.307200,18.400000
2023-04-07,1.140000,2.250000,119.354700,
2023-04-10,1.140000,2.270000,119.794800,18.970000
2023-04-11,1.140000,2.290000,119.524800,19.100000
2023-04-12,1.140000,2.270000,119.003000,19.090000
2023-04-13,1.160000,2.290000,118.391500,17.800000
2023-04-14,1.220000,2.300000,118.856700,17.070000
2023-04-17,1.280000,2.320000,119.278700,16.950000
2023-04-18,1.300000,2.280000,119.104900,16.830000
2023-04-19,1.320000,2.280000,119.303000,16.460000
2023-04-20,1.280000,2.260000,119.119900,17.170000
2023-04-21,1.290000,2.280000,119.311700,16.770000
2023-04-24,1.240000,2.280000,119.203900,16.890000
2023-04-25,1.150000,2.250000,119.613000,18.760000
2023-04-26,1.180000,2.250000,119.322800,18.840000
2023-04-27,1.260000,2.270000,119.429800,17.030000
2023-04-28,1.260000,2.180000,119.224800,15.780000
2023-05-01,1.360000,2.230000,119.443500,16.080000
2023-05-02,1.240000,2.200000,119.610500,17.780000
2023-05-03,1.180000,2.200000,119.123300,18.340000
2023-05-04,1.180000,2.190000,119.046500,20.090000
2023-05-05,1.230000,2.210000,118.554800,17.190000
2023-05-08,1.290000,2.230000,118.575900,16.980000
2023-05-09,1.300000,2.230000,118.823900,17.710000
2023-05-10,1.260000,2.170000,118.586400,16.940000
2023-05-11,1.230000,2.160000,119.030300,16.930000
2023-05-12,1.280000,2.180000,119.367100,17.030000
2023-05-15,1.310000,2.190000,119.160800,17.120000
2023-05-16,1.350000,2.190000,119.174300,17.990000
2023-05-17,1.350000,2.220000,119.607000,16.870000
2023-05-18,1.420000,2.230000,120.088600,16.050000
2023-05-19,1.460000,2.240000,119.775100,16.810000
2023-05-22,1.480000,2.240000,120.087500,17.210000
2023-05-23,1.440000,2.260000,120.320400,18.530000
2023-05-24,1.480000,2.250000,120.475200,20.030000
2023-05-25,1.580000,2.250000,120.841300,19.140000
2023-05-26,1.570000,2.230000,120.630400,17.950000
2023-05-29,,,,17.460000
2023-05-30,1.470000,2.220000,120.554600,17.460000
2023-05-31,1.460000,2.180000,120.966200,17.940000
2023-06-01,1.450000,2.160000,120.049100,15.650000
2023-06-02,1.510000,2.180000,120.004900,14.600000
2023-06-05,1.500000,2.190000,120.004800,14.730000
2023-06-06,1.500000,2.200000,119.971800,13.960000
2023-06-07,1.580000,2.210000,119.859000,13.940000
2023-06-08,1.530000,2.200000,119.571200,13.650000
2023-06-09,1.550000,2.200000,119.432200,13.830000
2023-06-12,1.560000,2.170000,119.637600,15.010000
2023-06-13,1.640000,2.200000,119.189900,14.610000
2023-06-14,1.620000,2.210000,118.776000,13.880000
2023-06-15,1.510000,2.210000,118.552100,14.500000
2023-06-16,1.550000,2.220000,118.418400,13.540000
2023-06-19,,,,14.190000
2023-06-20,1.520000,2.220000,118.938000,13.880000
2023-06-21,1.510000,2.210000,118.727000,13.200000
2023-06-22,1.560000,2.240000,118.755200,12.910000
2023-06-23,1.530000,2.210000,119.152000,13.440000
2023-06-26,1.540000,2.180000,119.076100,14.250000
2023-06-27,1.570000,2.200000,118.894900,13.740000
2023-06-28,1.530000,2.180000,119.338200,13.430000
2023-06-29,1.650000,2.200000,119.527000,13.540000
2023-06-30,1.590000,2.220000,119.360600,13.590000
2023-07-03,1.610000,2.250000,119.211900,13.570000
2023-07-04,,,,13.700000
2023-07-05,1.690000,2.260000,119.348300,14.180000
2023-07-06,1.780000,2.270000,119.819300,15.440000
2023-07-07,1.790000,2.270000,119.076100,14.830000
2023-07-10,1.760000,2.250000,118.954800,15.070000
2023-07-11,1.750000,2.240000,118.734400,14.840000
2023-07-12,1.600000,2.260000,117.638500,13.540000
2023-07-13,1.520000,2.240000,117.183100,13.610000
2023-07-14,1.590000,2.240000,117.046300,13.340000
2023-07-17,1.560000,2.250000,117.126700,13.480000
2023-07-18,1.570000,2.230000,117.026400,13.300000
2023-07-19,1.530000,2.220000,117.346200,13.760000
2023-07-20,1.500000,2.350000,117.594700,13.990000
2023-07-21,1.490000,2.350000,117.941800,13.600000
2023-07-24,1.480000,2.380000,117.812400,13.910000
2023-07-25,1.520000,2.390000,117.856500,13.860000
2023-07-26,1.500000,2.360000,117.760000,13.190000
2023-07-27,1.640000,2.370000,117.893800,14.410000
2023-07-28,1.580000,2.380000,117.788000,13.330000
2023-07-31,1.600000,2.370000,117.824100,13.630000
2023-08-01,1.680000,2.370000,118.573800,13.930000
2023-08-02,1.720000,2.360000,119.126800,16.090000
2023-08-03,1.830000,2.370000,119.396300,15.920000
2023-08-04,1.670000,2.380000,118.821000,17.100000
2023-08-07,1.680000,2.410000,119.080900,15.770000
2023-08-08,1.660000,2.360000,119.640700,15.990000
2023-08-09,1.660000,2.340000,119.476000,15.960000
2023-08-10,1.760000,2.330000,119.158100,15.850000
2023-08-11,1.800000,2.360000,119.626800,14.840000
2023-08-14,1.830000,2.360000,120.072500,14.820000
2023-08-15,1.890000,2.320000,120.212700,16.460000
2023-08-16,1.960000,2.320000,120.355100,16.780000
2023-08-17,1.970000,2.330000,120.524200,17.890000
2023-08-18,1.940000,2.320000,120.432100,17.300000
2023-08-21,2.000000,2.340000,120.462700,17.130000
2023-08-22,1.990000,2.350000,120.355400,16.970000
2023-08-23,1.840000,2.350000,120.030700,15.980000
2023-08-24,1.910000,2.320000,120.235400,17.200000
2023-08-25,1.920000,2.330000,120.513700,15.680000
2023-08-28,1.900000,2.300000,120.315500,15.080000
2023-08-29,1.830000,2.290000,120.266900,14.450000
2023-08-30,1.860000,2.260000,119.793700,13.880000
2023-08-31,1.850000,2.240000,120.225000,13.570000
2023-09-01,1.920000,2.260000,120.759000,13.090000
2023-09-04,,,,13.820000
2023-09-05,1.980000,2.290000,121.434500,14.010000
2023-09-06,2.000000,2.300000,121.867100,14.450000
2023-09-07,1.950000,2.320000,121.952800,14.400000
2023-09-08,1.930000,2.330000,121.947500,13.840000
2023-09-11,1.940000,2.350000,121.338600,13.800000
2023-09-12,1.930000,2.340000,121.291300,14.230000
2023-09-13,1.900000,2.350000,121.054900,13.480000
2023-09-14,1.950000,2.340000,121.239500,12.820000
2023-09-15,1.980000,2.350000,121.199000,13.790000
2023-09-18,1.960000,2.360000,121.193800,14.000000
2023-09-19,2.000000,2.370000,121.164500,14.110000
2023-09-20,2.000000,2.350000,120.964800,15.140000
2023-09-21,2.110000,2.380000,121.552800,17.540000
2023-09-22,2.070000,2.370000,121.530600,17.200000
2023-09-25,2.180000,2.370000,122.114300,16.900000
2023-09-26,2.230000,2.330000,122.474200,18.940000
2023-09-27,2.270000,2.340000,122.989500,18.220000
2023-09-28,2.200000,2.390000,122.534200,17.340000
2023-09-29,2.240000,2.350000,122.307700,17.520000
2023-10-02,2.340000,2.350000,123.054500,17.610000
2023-10-03,2.450000,2.360000,123.784800,19.780000
2023-10-04,2.400000,2.330000,123.594600,18.580000
2023-10-05,2.410000,2.310000,123.899300,18.490000
2023-10-06,2.470000,2.310000,123.356300,17.450000
2023-10-09,,,,17.700000
2023-10-10,2.340000,2.320000,122.928200,17.030000
2023-10-11,2.260000,2.320000,122.769700,16.090000
2023-10-12,2.360000,2.340000,123.210100,16.690000
2023-10-13,2.290000,2.340000,123.595400,19.320000
2023-10-16,2.330000,2.380000,123.318500,17.210000
2023-10-17,2.420000,2.410000,123.120200,17.880000
2023-10-18,2.470000,2.440000,123.814800,19.220000
2023-10-19,2.490000,2.490000,123.798000,21.400000
2023-10-20,2.460000,2.470000,123.612000,21.710000
2023-10-23,2.450000,2.410000,123.284600,20.370000
2023-10-24,2.430000,2.400000,123.641600,18.970000
2023-10-25,2.520000,2.430000,123.787100,20.190000
2023-10-26,2.440000,2.420000,124.006400,20.680000
2023-10-27,2.420000,2.420000,123.620000,21.270000
2023-10-30,2.440000,2.440000,123.407600,19.750000
2023-10-31,2.460000,2.420000,123.836400,18.140000
2023-11-01,2.360000,2.410000,123.792200,16.870000
2023-11-02,2.270000,2.400000,122.881800,15.660000
2023-11-03,2.180000,2.390000,121.756400,14.910000
2023-11-06,2.250000,2.420000,121.648400,14.890000
2023-11-07,2.190000,2.390000,122.077700,14.810000
2023-11-08,2.150000,2.340000,122.092600,14.450000
2023-11-09,2.290000,2.330000,122.128100,15.290000
2023-11-10,2.290000,2.320000,,14.170000
2023-11-13,2.320000,2.310000,122.426400,14.760000
2023-11-14,2.160000,2.280000,121.350000,14.160000
2023-11-15,2.220000,2.310000,121.074900,14.180000
2023-11-16,2.180000,2.270000,121.175400,14.320000
2023-11-17,2.160000,2.280000,120.847700,13.800000
2023-11-20,2.120000,2.300000,120.253300,13.410000
2023-11-21,2.160000,2.250000,120.224100,13.350000
2023-11-22,2.160000,2.260000,120.680200,12.850000
2023-11-23,,,,12.800000
2023-11-24,2.210000,2.260000,120.210500,12.460000
2023-11-27,2.180000,2.210000,120.173000,12.690000
2023-11-28,2.120000,2.220000,119.590400,12.690000
2023-11-29,2.060000,2.210000,119.815900,12.980000
2023-11-30,2.140000,2.230000,120.243400,12.920000
2023-12-01,2.000000,2.220000,119.942400,12.630000
2023-12-04,2.070000,2.210000,120.472700,13.080000
2023-12-05,2.010000,2.170000,120.791300,12.850000
2023-12-06,1.980000,2.140000,120.533400,12.970000
2023-12-07,1.970000,2.170000,120.601300,13.060000
2023-12-08,2.020000,2.210000,120.760700,12.350000
2023-12-11,2.040000,2.190000,120.927900,12.630000
2023-12-12,2.040000,2.160000,120.681700,12.070000
2023-12-13,1.880000,2.160000,121.157100,12.190000
2023-12-14,1.700000,2.220000,119.568300,12.480000
2023-12-15,1.690000,2.220000,119.738200,12.280000
2023-12-18,1.740000,2.210000,119.910200,12.560000
2023-12-19,1.740000,2.190000,119.463200,12.530000
2023-12-20,1.670000,2.190000,119.543500,13.670000
2023-12-21,1.700000,2.190000,119.316800,13.650000
2023-12-22,1.710000,2.190000,119.062500,13.030000
2023-12-25,,,,
2023-12-26,1.710000,2.180000,118.887500,12.990000
2023-12-27,1.640000,2.150000,118.472900,12.430000
2023-12-28,1.680000,2.160000,118.410400,12.470000
2023-12-29,1.720000,2.160000,118.420800,12.450000
2024-01-01,,,,
2024-01-02,1.740000,2.210000,119.268600,13.200000
2024-01-03,1.710000,2.200000,119.695800,14.040000
2024-01-04,1.770000,2.220000,119.620800,14.130000
2024-01-05,1.830000,2.220000,119.388000,13.350000
2024-01-08,1.790000,2.220000,119.250600,13.080000
2024-01-09,1.800000,2.220000,119.666600,12.760000
2024-01-10,1.820000,2.220000,119.761400,12.690000
2024-01-11,1.760000,2.220000,119.891600,12.440000
2024-01-12,1.690000,2.270000,119.534000,12.700000
2024-01-15,,,,13.250000
2024-01-16,1.770000,2.300000,120.575900,13.840000
2024-01-17,1.800000,2.300000,121.040200,14.790000
2024-01-18,1.800000,2.340000,120.889500,14.130000
2024-01-19,1.810000,2.340000,120.644200,13.300000
2024-01-22,1.800000,2.310000,120.617800,13.190000
2024-01-23,1.850000,2.290000,121.100100,12.550000
2024-01-24,1.880000,2.300000,120.491600,13.140000
2024-01-25,1.850000,2.290000,120.831100,13.450000
2024-01-26,1.850000,2.300000,120.617300,13.260000
2024-01-29,1.780000,2.300000,120.853800,13.600000
2024-01-30,1.800000,2.260000,120.602500,13.310000
2024-01-31,1.730000,2.260000,120.433100,14.350000
2024-02-01,1.680000,2.190000,120.333500,13.880000
2024-02-02,1.820000,2.210000,120.902000,13.850000
2024-02-05,1.900000,2.270000,121.349000,13.670000
2024-02-06,1.850000,2.240000,120.958800,13.060000
2024-02-07,1.860000,2.230000,120.904900,12.830000
2024-02-08,1.910000,2.240000,121.079800,12.790000
2024-02-09,1.920000,2.250000,121.039000,12.930000
2024-02-12,1.930000,2.240000,120.937800,13.930000
2024-02-13,2.020000,2.290000,121.520200,15.850000
2024-02-14,1.970000,2.300000,121.400200,14.380000
2024-02-15,1.940000,2.300000,121.212100,14.010000
2024-02-16,1.970000,2.330000,121.150500,14.240000
2024-02-19,,,,14.710000
2024-02-20,1.950000,2.320000,121.019900,15.420000
2024-02-21,1.980000,2.340000,121.037900,15.340000
2024-02-22,2.020000,2.310000,121.102000,14.540000
2024-02-23,1.960000,2.300000,121.036900,13.750000
2024-02-26,1.970000,2.310000,121.059200,13.740000
2024-02-27,1.990000,2.320000,120.964700,13.430000
2024-02-28,1.940000,2.330000,121.128000,13.840000
2024-02-29,1.920000,2.330000,121.182400,13.400000
2024-03-01,1.870000,2.320000,121.011100,13.110000
2024-03-04,1.880000,2.340000,120.872000,13.490000
2024-03-05,1.810000,2.320000,120.884600,14.460000
2024-03-06,1.810000,2.300000,120.464900,14.500000
2024-03-07,1.810000,2.280000,120.190900,14.440000
2024-03-08,1.810000,2.280000,119.975000,14.740000
2024-03-11,1.830000,2.270000,120.039400,15.220000
2024-03-12,1.860000,2.300000,120.166800,13.840000
2024-03-13,1.890000,2.300000,119.964200,13.750000
2024-03-14,1.990000,2.300000,120.241000,14.400000
2024-03-15,1.990000,2.320000,120.400300,14.410000
2024-03-18,2.030000,2.310000,120.575200,14.330000
2024-03-19,2.000000,2.300000,120.933200,13.820000
2024-03-20,1.960000,2.310000,120.928900,13.040000
2024-03-21,1.930000,2.340000,120.808600,12.920000
2024-03-22,1.870000,2.350000,121.184200,13.060000
2024-03-25,1.920000,2.330000,121.029500,13.190000
2024-03-26,1.920000,2.320000,121.074200,13.240000
2024-03-27,1.880000,2.320000,121.008900,12.780000
2024-03-28,1.880000,2.320000,121.063500,13.010000
2024-03-29,,,121.019100,
2024-04-01,1.980000,2.350000,121.515100,13.650000
2024-04-02,2.000000,2.360000,121.303500,14.610000
2024-04-03,2.000000,2.360000,121.019800,14.330000
2024-04-04,1.970000,2.340000,120.761300,16.350000
2024-04-05,2.020000,2.370000,120.964600,16.030000
2024-04-08,2.040000,2.380000,120.735900,15.190000
2024-04-09,2.000000,2.360000,120.704800,14.980000
2024-04-10,2.150000,2.400000,121.572700,15.800000
2024-04-11,2.160000,2.400000,121.608100,14.910000
2024-04-12,2.110000,2.390000,122.288500,17.310000
2024-04-15,2.200000,2.430000,122.425000,19.230000
2024-04-16,2.240000,2.430000,123.123400,18.400000
2024-04-17,2.200000,2.390000,123.020700,18.210000
2024-04-18,2.240000,2.400000,123.001700,18.000000
2024-04-19,2.210000,2.410000,123.107500,18.710000
2024-04-22,2.210000,2.410000,123.060900,16.940000
2024-04-23,2.200000,2.410000,122.722700,15.690000
2024-04-24,2.240000,2.410000,122.890000,15.970000
2024-04-25,2.280000,2.420000,122.838400,15.370000
2024-04-26,2.240000,2.430000,122.947100,15.030000
2024-04-29,2.220000,2.410000,122.544900,14.670000
2024-04-30,2.280000,2.410000,122.985300,15.650000
2024-05-01,2.250000,2.380000,123.016800,15.390000
2024-05-02,2.210000,2.370000,122.438400,14.680000
2024-05-03,2.150000,2.350000,122.137500,13.490000
2024-05-06,2.140000,2.350000,121.891300,13.490000
2024-05-07,2.150000,2.320000,122.093000,13.230000
2024-05-08,2.170000,2.310000,122.192600,13.000000
2024-05-09,2.130000,2.320000,122.163400,12.690000
2024-05-10,2.160000,2.340000,122.014000,12.550000
2024-05-13,2.150000,2.330000,122.026100,13.600000
2024-05-14,2.120000,2.330000,121.925600,13.420000
2024-05-15,2.050000,2.310000,121.354300,12.450000
2024-05-16,2.070000,2.310000,121.223600,12.420000
2024-05-17,2.100000,2.320000,121.235400,11.990000
2024-05-20,2.110000,2.330000,121.228900,12.150000
2024-05-21,2.090000,2.320000,121.379300,11.860000
2024-05-22,2.100000,2.330000,121.546200,12.290000
2024-05-23,2.170000,2.300000,121.747700,12.770000
2024-05-24,2.140000,2.320000,121.617200,11.930000
2024-05-27,,,,12.360000
2024-05-28,2.200000,2.340000,121.430000,12.920000
2024-05-29,2.250000,2.360000,122.164100,14.280000
2024-05-30,2.190000,2.360000,121.960100,14.470000
2024-05-31,2.160000,2.350000,122.098000,12.920000
2024-06-03,2.080000,2.330000,122.350900,13.110000
2024-06-04,2.020000,2.310000,122.725600,13.160000
2024-06-05,1.990000,2.300000,122.533900,12.630000
2024-06-06,2.000000,2.280000,122.371300,12.580000
2024-06-07,2.130000,2.300000,123.549000,12.220000
2024-06-10,2.160000,2.310000,123.912500,12.740000
2024-06-11,2.120000,2.270000,124.034900,12.850000
2024-06-12,2.090000,2.220000,123.829500,12.040000
2024-06-13,2.030000,2.210000,124.023500,11.940000
2024-06-14,2.030000,2.170000,124.169400,12.660000
2024-06-17,2.060000,2.220000,124.239000,12.750000
2024-06-18,2.010000,2.210000,123.977600,12.300000
2024-06-19,,,,12.480000
2024-06-20,2.000000,2.250000,124.192000,13.280000
2024-06-21,2.020000,2.230000,124.108600,13.200000
2024-06-24,2.030000,2.220000,123.712500,13.330000
2024-06-25,2.010000,2.220000,123.941700,12.840000
2024-06-26,2.060000,2.260000,124.260000,12.550000
2024-06-27,2.030000,2.260000,124.337900,12.240000
2024-06-28,2.080000,2.280000,124.210300,12.440000
2024-07-01,2.160000,2.320000,124.466700,12.220000
2024-07-02,2.130000,2.300000,124.291700,12.030000
2024-07-03,2.090000,2.270000,123.776800,12.090000
2024-07-04,,,,12.260000
2024-07-05,2.000000,2.280000,123.476200,12.480000
2024-07-08,2.010000,2.270000,123.357600,12.370000
2024-07-09,2.040000,2.260000,123.407100,12.510000
2024-07-10,2.010000,2.270000,123.189500,12.850000
2024-07-11,1.950000,2.250000,122.769000,12.920000
2024-07-12,1.940000,2.240000,122.440400,12.460000
2024-07-15,1.960000,2.270000,122.634700,13.120000
2024-07-16,1.910000,2.260000,122.726400,13.190000
2024-07-17,1.900000,2.260000,122.518000,14.480000
2024-07-18,1.890000,2.310000,122.790900,15.930000
2024-07-19,1.930000,2.320000,123.147000,16.520000
2024-07-22,1.960000,2.300000,123.217200,14.910000
2024-07-23,1.960000,2.290000,123.384300,14.720000
2024-07-24,2.000000,2.280000,123.557500,18.040000
2024-07-25,1.990000,2.280000,123.528600,18.460000
2024-07-26,1.930000,2.270000,123.672000,16.390000
2024-07-29,1.920000,2.250000,124.139200,16.600000
2024-07-30,1.900000,2.250000,124.285500,17.690000
2024-07-31,1.850000,2.240000,123.637300,16.360000
2024-08-01,1.790000,2.200000,123.869300,18.590000
2024-08-02,1.760000,2.040000,123.468100,23.390000
2024-08-05,1.710000,2.070000,123.578700,38.570000
2024-08-06,1.780000,2.120000,123.653200,27.710000
2024-08-07,1.850000,2.110000,123.569800,27.850000
2024-08-08,1.870000,2.120000,123.446600,23.790000
2024-08-09,1.840000,2.100000,122.927600,20.370000
2024-08-12,1.790000,2.110000,123.220400,20.710000
2024-08-13,1.760000,2.090000,123.014600,18.120000
2024-08-14,1.770000,2.060000,122.429700,16.190000
2024-08-15,1.800000,2.120000,122.584400,15.230000
2024-08-16,1.810000,2.080000,122.397200,14.800000
2024-08-19,1.790000,2.070000,121.878800,14.650000
2024-08-20,1.750000,2.070000,121.772800,15.880000
2024-08-21,1.720000,2.070000,121.853500,16.270000
2024-08-22,1.760000,2.100000,122.362600,17.550000
2024-08-23,1.680000,2.130000,121.459700,15.860000
2024-08-26,1.670000,2.150000,121.694300,16.150000
2024-08-27,1.680000,2.150000,121.867200,15.430000
2024-08-28,1.690000,2.150000,121.894300,17.110000
2024-08-29,1.710000,2.160000,122.233300,15.650000
2024-08-30,1.760000,2.150000,122.326200,15.000000
2024-09-02,,,,15.550000
2024-09-03,1.730000,2.110000,122.781100,20.720000
2024-09-04,1.700000,2.070000,122.514400,21.320000
2024-09-05,1.700000,2.030000,122.453300,19.900000
2024-09-06,1.690000,2.030000,122.499100,22.380000
2024-09-09,1.660000,2.040000,122.715600,19.450000
2024-09-10,1.630000,2.020000,123.007100,19.080000
2024-09-11,1.610000,2.040000,122.775400,17.690000
2024-09-12,1.630000,2.050000,122.442300,17.070000
2024-09-13,1.580000,2.080000,121.655100,16.560000
2024-09-16,1.540000,2.090000,121.497600,17.140000
2024-09-17,1.530000,2.120000,121.603100,17.610000
2024-09-18,1.580000,2.120000,121.561800,18.230000
2024-09-19,1.560000,2.170000,121.305900,16.330000
2024-09-20,1.580000,2.150000,121.405200,16.150000
2024-09-23,1.580000,2.170000,121.430300,15.890000
2024-09-24,1.550000,2.190000,121.129100,15.390000
2024-09-25,1.610000,2.180000,121.444700,15.410000
2024-09-26,1.630000,2.160000,121.078500,15.370000
2024-09-27,1.600000,2.150000,121.111100,16.960000
2024-09-30,1.630000,2.180000,121.286400,16.730000
2024-10-01,1.550000,2.190000,121.688100,19.260000
2024-10-02,1.580000,2.210000,121.572400,18.900000
2024-10-03,1.640000,2.210000,122.119700,20.490000
2024-10-04,1.750000,2.230000,122.219700,19.210000
2024-10-07,1.760000,2.270000,122.424100,22.640000
2024-10-08,1.770000,2.270000,122.662500,21.420000
2024-10-09,1.770000,2.290000,122.882100,20.860000
2024-10-10,1.760000,2.330000,123.095100,20.930000
2024-10-11,1.750000,2.330000,122.980500,20.460000
2024-10-14,,,,19.700000
2024-10-15,1.750000,2.280000,123.512400,20.640000
2024-10-16,1.750000,2.270000,123.923500,19.580000
2024-10-17,1.790000,2.300000,124.112200,19.110000
2024-10-18,1.770000,2.310000,123.918500,18.030000
2024-10-21,1.880000,2.310000,124.475700,18.370000
2024-10-22,1.870000,2.330000,124.410700,18.200000
2024-10-23,1.930000,2.310000,124.693100,19.240000
2024-10-24,1.910000,2.300000,124.512700,19.080000
2024-10-25,1.960000,2.290000,124.610500,20.330000
2024-10-28,1.990000,2.290000,124.807600,19.800000
2024-10-29,1.980000,2.300000,124.861200,19.340000
2024-10-30,1.950000,2.340000,124.815300,20.350000
2024-10-31,1.950000,2.330000,124.798800,23.160000
2024-11-01,2.040000,2.330000,124.807600,21.880000
2024-11-04,2.030000,2.280000,124.590300,21.980000
2024-11-05,1.990000,2.270000,124.553200,20.490000
2024-11-06,2.040000,2.380000,125.703500,16.270000
2024-11-07,1.980000,2.330000,124.775000,15.200000
2024-11-08,1.950000,2.350000,125.581100,14.940000
2024-11-11,,,,14.970000
2024-11-12,2.080000,2.350000,126.776200,14.710000
2024-11-13,2.090000,2.350000,126.957200,14.020000
2024-11-14,2.100000,2.330000,127.001500,14.310000
2024-11-15,2.100000,2.330000,126.884800,16.140000
2024-11-18,2.080000,2.340000,126.604500,15.580000
2024-11-19,2.050000,2.340000,126.399400,16.350000
2024-11-20,2.060000,2.350000,126.880000,17.160000
2024-11-21,2.090000,2.340000,127.104700,16.870000
2024-11-22,2.070000,2.340000,127.471200,15.240000
2024-11-25,1.980000,2.290000,126.994800,14.600000
2024-11-26,2.020000,2.280000,127.430100,14.100000
2024-11-27,1.990000,2.260000,126.820500,14.100000
2024-11-28,,,,13.900000
2024-11-29,1.920000,2.260000,126.579800,13.510000
2024-12-02,1.930000,2.260000,127.127200,13.340000
2024-12-03,1.950000,2.280000,126.956500,13.300000
2024-12-04,1.900000,2.290000,126.757400,13.450000
2024-12-05,1.920000,2.250000,126.428600,13.540000
2024-12-06,1.910000,2.240000,126.688000,12.770000
2024-12-09,1.930000,2.270000,126.598100,14.190000
2024-12-10,1.930000,2.290000,126.957000,14.180000
2024-12-11,1.960000,2.300000,126.848300,13.580000
2024-12-12,2.000000,2.320000,126.955600,13.920000
2024-12-13,2.070000,2.330000,127.309600,13.810000
2024-12-16,2.070000,2.320000,127.268700,14.690000
2024-12-17,2.090000,2.310000,127.504300,15.870000
2024-12-18,2.180000,2.320000,127.641800,27.620000
2024-12-19,2.280000,2.290000,128.636600,24.090000
2024-12-20,2.230000,2.290000,127.893000,18.360000
2024-12-23,2.270000,2.320000,128.302100,16.780000
2024-12-24,2.240000,2.350000,128.337700,14.270000
2024-12-25,,,,
2024-12-26,2.230000,2.350000,128.332900,14.730000
2024-12-27,2.280000,2.340000,128.450000,15.950000
2024-12-30,2.240000,2.310000,128.820500,17.400000
2024-12-31,2.240000,2.340000,129.277500,17.350000
2025-01-01,,,,
2025-01-02,2.230000,2.340000,129.459800,17.930000
2025-01-03,2.260000,2.340000,129.453500,16.130000
2025-01-06,2.280000,2.340000,128.538000,16.040000
2025-01-07,2.290000,2.380000,128.613000,17.820000
2025-01-08,2.270000,2.400000,129.078500,17.700000
2025-01-09,2.290000,2.390000,129.282700,18.070000
2025-01-10,2.340000,2.430000,129.866400,19.540000
2025-01-13,2.340000,2.450000,130.041300,19.190000
2025-01-14,2.340000,2.440000,129.381200,18.710000
2025-01-15,2.240000,2.420000,129.209200,16.120000
2025-01-16,2.190000,2.420000,129.436000,16.600000
2025-01-17,2.200000,2.410000,129.485900,15.970000
2025-01-20,,,,15.810000
2025-01-21,2.190000,2.380000,128.415100,15.060000
2025-01-22,2.200000,2.400000,128.340200,15.100000
2025-01-23,2.230000,2.420000,128.216200,15.020000
2025-01-24,2.200000,2.430000,127.461100,14.850000
2025-01-27,2.130000,2.400000,128.091200,17.900000
2025-01-28,2.130000,2.420000,128.281700,16.410000
2025-01-29,2.150000,2.400000,128.341800,16.560000
2025-01-30,2.140000,2.380000,128.100400,15.840000
2025-01-31,2.160000,2.420000,128.482800,16.430000
2025-02-03,2.090000,2.450000,129.109000,18.620000
2025-02-04,2.080000,2.440000,128.108300,17.210000
2025-02-05,2.010000,2.420000,127.975100,15.770000
2025-02-06,2.030000,2.420000,128.201700,15.500000
2025-02-07,2.070000,2.420000,128.429200,16.540000
2025-02-10,2.070000,2.440000,128.638200,15.810000
2025-02-11,2.080000,2.460000,128.432200,16.020000
2025-02-12,2.160000,2.460000,128.328800,15.890000
2025-02-13,2.080000,2.440000,127.893100,15.100000
2025-02-14,2.040000,2.430000,127.149100,14.770000
2025-02-17,,,,15.370000
2025-02-18,2.100000,2.450000,127.290600,15.350000
2025-02-19,2.080000,2.450000,127.731700,15.270000
2025-02-20,2.050000,2.450000,127.112600,15.660000
2025-02-21,2.000000,2.420000,127.140800,18.210000
2025-02-24,1.980000,2.420000,127.192100,18.980000
2025-02-25,1.920000,2.380000,127.375200,19.430000
2025-02-26,1.890000,2.360000,127.282200,19.100000
2025-02-27,1.920000,2.370000,127.970400,21.130000
2025-02-28,1.860000,2.380000,128.280500,19.630000
2025-03-03,1.800000,2.360000,127.750000,22.780000
2025-03-04,1.870000,2.350000,127.996600,23.510000
2025-03-05,1.940000,2.340000,126.504000,21.930000
2025-03-06,1.950000,2.340000,126.109900,24.870000
2025-03-07,1.990000,2.330000,125.981400,23.370000
2025-03-10,1.910000,2.310000,126.268000,27.860000
2025-03-11,1.970000,2.310000,126.045700,26.920000
2025-03-12,1.990000,2.330000,125.866400,24.230000
2025-03-13,1.980000,2.290000,126.003100,24.660000
2025-03-14,2.010000,2.300000,125.694200,21.770000
2025-03-17,2.020000,2.290000,125.368800,20.510000
2025-03-18,1.990000,2.300000,125.488000,21.700000
2025-03-19,1.940000,2.310000,125.800600,19.900000
2025-03-20,1.930000,2.310000,125.985000,19.800000
2025-03-21,1.920000,2.330000,126.267900,19.280000
2025-03-24,1.980000,2.360000,126.195600,17.480000
2025-03-25,1.960000,2.350000,126.053500,17.150000
2025-03-26,1.980000,2.370000,126.236400,18.330000
2025-03-27,1.990000,2.390000,126.362600,18.690000
2025-03-28,1.900000,2.370000,126.418700,21.650000
2025-03-31,1.850000,2.380000,126.707500,22.280000
2025-04-01,1.840000,2.330000,126.433800,21.770000
2025-04-02,1.880000,2.320000,126.381100,21.510000
2025-04-03,1.780000,2.280000,124.731600,30.020000
2025-04-04,1.830000,2.180000,125.812900,45.310000
2025-04-07,1.960000,2.190000,126.828200,46.980000
2025-04-08,2.040000,2.220000,126.866800,52.330000
2025-04-09,2.070000,2.270000,126.628000,33.620000
2025-04-10,2.210000,2.190000,125.089000,40.720000
2025-04-11,2.280000,2.200000,124.016300,37.560000
2025-04-14,2.150000,2.230000,123.659800,30.890000
2025-04-15,2.160000,2.190000,123.776000,30.120000
2025-04-16,2.120000,2.170000,123.272400,32.640000
2025-04-17,2.110000,2.230000,123.129800,29.650000
2025-04-18,,,122.986500,
2025-04-21,2.200000,2.220000,122.314500,33.820000
2025-04-22,2.140000,2.270000,122.417500,30.570000
2025-04-23,2.110000,2.290000,123.025200,28.450000
2025-04-24,2.020000,2.300000,122.925100,26.470000
2025-04-25,2.020000,2.270000,122.885800,24.840000
2025-04-28,1.980000,2.250000,122.717600,25.150000
2025-04-29,1.960000,2.230000,122.594400,24.170000
2025-04-30,1.940000,2.230000,122.592100,24.700000
2025-05-01,2.000000,2.250000,123.140500,24.600000
2025-05-02,2.060000,2.270000,122.496200,22.680000
2025-05-05,2.080000,2.280000,122.261300,23.640000
2025-05-06,2.040000,2.260000,122.041700,24.760000
2025-05-07,2.010000,2.250000,122.117000,23.550000
2025-05-08,2.080000,2.290000,122.756800,22.480000
2025-05-09,2.080000,2.290000,122.519100,21.900000
2025-05-12,2.160000,2.290000,123.486300,18.390000
2025-05-13,2.170000,2.320000,122.958300,18.220000
2025-05-14,2.160000,2.370000,122.674600,18.620000
2025-05-15,2.110000,2.340000,122.817400,17.830000
2025-05-16,2.090000,2.340000,123.073700,17.240000
2025-05-19,2.100000,2.360000,122.418600,18.140000
2025-05-20,2.130000,2.350000,122.319900,18.090000
2025-05-21,2.230000,2.350000,121.749600,20.870000
2025-05-22,2.200000,2.340000,122.042900,20.280000
2025-05-23,2.180000,2.330000,121.383700,22.290000
2025-05-26,,,,20.570000
2025-05-27,2.110000,2.320000,121.609900,18.960000
2025-05-28,2.150000,2.320000,121.988800,19.310000
2025-05-29,2.110000,2.320000,121.561700,19.180000
2025-05-30,2.070000,2.340000,121.767400,18.570000
2025-06-02,2.130000,2.330000,121.188100,18.360000
2025-06-03,2.140000,2.320000,121.459200,17.690000
2025-06-04,2.060000,2.310000,121.053900,17.610000
2025-06-05,2.110000,2.290000,120.959600,18.480000
2025-06-06,2.200000,2.310000,121.161000,16.770000
2025-06-09,2.180000,2.310000,120.910300,17.160000
2025-06-10,2.180000,2.290000,121.048500,16.950000
2025-06-11,2.140000,2.270000,120.587000,17.260000
2025-06-12,2.110000,2.250000,120.172300,18.020000
2025-06-13,2.130000,2.280000,120.324500,20.820000
2025-06-16,2.160000,2.300000,120.156500,19.110000
2025-06-17,2.080000,2.310000,120.504800,21.600000
2025-06-18,2.070000,2.310000,120.730500,20.140000
2025-06-19,,,,22.170000
2025-06-20,2.050000,2.330000,121.040800,20.620000
2025-06-23,2.040000,2.300000,121.169400,19.830000
2025-06-24,2.010000,2.290000,120.364500,17.480000
2025-06-25,2.010000,2.280000,120.333600,16.760000
2025-06-26,1.980000,2.280000,119.645100,16.590000
2025-06-27,2.000000,2.290000,119.659000,16.320000
2025-06-30,1.950000,2.290000,119.408800,16.730000
2025-07-01,1.970000,2.290000,119.343600,16.830000
2025-07-02,2.000000,2.300000,119.303700,16.640000
2025-07-03,2.020000,2.330000,119.238200,16.380000
2025-07-04,,,,17.480000
2025-07-07,2.050000,2.350000,119.620100,17.790000
2025-07-08,2.070000,2.350000,119.837100,16.810000
2025-07-09,2.010000,2.330000,119.731100,15.940000
2025-07-10,2.010000,2.340000,119.834300,15.780000
2025-07-11,2.060000,2.370000,119.921400,16.400000
2025-07-14,2.040000,2.390000,120.220900,17.200000
2025-07-15,2.090000,2.410000,120.510500,17.380000
2025-07-16,2.050000,2.410000,120.417500,17.160000
2025-07-17,2.040000,2.430000,120.638400,16.520000
2025-07-18,2.030000,2.410000,120.356000,16.410000
2025-07-21,1.980000,2.400000,119.996100,16.650000
2025-07-22,1.960000,2.390000,119.681000,16.500000
2025-07-23,2.030000,2.370000,119.569700,15.370000
2025-07-24,1.980000,2.450000,119.566400,15.390000
2025-07-25,1.960000,2.440000,119.985700,14.930000
2025-07-28,1.980000,2.440000,120.614900,15.030000
2025-07-29,1.910000,2.430000,120.967400,15.980000
2025-07-30,1.960000,2.420000,121.404200,15.480000
2025-07-31,1.980000,2.390000,121.721000,16.720000
2025-08-01,1.900000,2.330000,121.212200,20.380000
2025-08-04,1.850000,2.370000,120.985900,17.520000
2025-08-05,1.860000,2.360000,120.908200,17.850000
2025-08-06,1.880000,2.340000,120.508200,16.770000
2025-08-07,1.880000,2.350000,120.504300,16.570000
2025-08-08,1.880000,2.390000,120.332900,15.150000
2025-08-11,1.870000,2.400000,120.689200,16.250000
2025-08-12,1.910000,2.380000,120.273600,14.730000
2025-08-13,1.870000,2.370000,120.130000,14.490000
2025-08-14,1.900000,2.390000,120.644600,14.830000
2025-08-15,1.950000,2.380000,120.337700,15.090000
2025-08-18,1.960000,2.380000,120.562200,14.990000
2025-08-19,1.950000,2.350000,120.722400,15.570000
2025-08-20,1.940000,2.350000,120.775700,15.690000
2025-08-21,1.940000,2.390000,121.084300,16.600000
2025-08-22,1.850000,2.410000,120.277400,14.220000
2025-08-25,1.870000,2.410000,120.421400,14.790000
2025-08-26,1.840000,2.420000,120.527400,14.620000
2025-08-27,1.810000,2.430000,120.727400,14.850000
2025-08-28,1.810000,2.410000,120.259500,14.430000
2025-08-29,1.820000,2.410000,120.208200,15.360000
2025-09-01,,,,16.120000
2025-09-02,1.870000,2.410000,120.683700,17.170000
2025-09-03,1.820000,2.400000,120.505200,16.350000
2025-09-04,1.790000,2.380000,120.762900,15.300000
2025-09-05,1.730000,2.370000,120.128200,15.180000
2025-09-08,1.700000,2.350000,120.097100,15.110000
2025-09-09,1.720000,2.360000,120.156900,15.040000
2025-09-10,1.690000,2.350000,120.122300,15.350000
2025-09-11,1.670000,2.340000,119.953400,14.710000
2025-09-12,1.700000,2.360000,120.061100,14.760000
2025-09-15,1.680000,2.370000,119.564400,15.690000
2025-09-16,1.670000,2.370000,119.134800,16.360000
2025-09-17,1.680000,2.380000,119.158200,15.720000
2025-09-18,1.730000,2.380000,119.661600,15.700000
2025-09-19,1.750000,2.390000,119.785800,15.450000
2025-09-22,1.780000,2.370000,119.815200,16.100000
2025-09-23,1.750000,2.370000,119.620200,16.640000
2025-09-24,1.780000,2.380000,120.170700,16.180000
2025-09-25,1.800000,2.380000,120.541900,16.740000
2025-09-26,1.820000,2.380000,120.434900,15.290000
2025-09-29,1.800000,2.350000,120.115000,16.120000
2025-09-30,1.800000,2.360000,120.136800,16.280000
2025-10-01,1.770000,2.350000,120.150200,16.290000
2025-10-02,1.760000,2.340000,120.429600,16.630000
2025-10-03,1.800000,2.330000,120.088100,16.650000
2025-10-06,1.840000,2.340000,120.272200,16.370000
2025-10-07,1.790000,2.350000,120.488400,17.240000
2025-10-08,1.780000,2.350000,120.776600,16.300000
2025-10-09,1.800000,2.340000,121.090200,16.430000
2025-10-10,1.750000,2.300000,121.116300,21.660000
2025-10-13,,,,19.030000
2025-10-14,1.730000,2.300000,121.182200,20.810000
2025-10-15,1.760000,2.290000,120.864200,20.640000
2025-10-16,1.710000,2.280000,120.669800,25.310000
2025-10-17,1.750000,2.270000,120.702800,20.780000
2025-10-20,1.740000,2.260000,120.620900,18.230000
2025-10-21,1.700000,2.280000,120.889500,17.870000
2025-10-22,1.680000,2.290000,120.895800,18.600000
2025-10-23,1.710000,2.300000,120.953100,17.300000
2025-10-24,1.730000,2.290000,120.934500,16.370000
2025-10-27,1.730000,2.280000,120.798800,15.790000
2025-10-28,1.710000,2.280000,120.636100,16.420000
2025-10-29,1.780000,2.300000,120.531200,16.920000
2025-10-30,1.820000,2.290000,121.283200,16.910000
2025-10-31,1.810000,2.300000,121.385900,17.440000
2025-11-03,1.820000,2.310000,121.451200,17.170000
2025-11-04,1.810000,2.290000,121.827100,19.000000
2025-11-05,1.870000,2.300000,121.848200,18.010000
2025-11-06,1.830000,2.280000,121.694800,19.500000
2025-11-07,1.830000,2.280000,121.388000,19.080000
2025-11-10,1.840000,2.290000,121.298400,17.600000
2025-11-11,,,,17.280000
2025-11-12,1.810000,2.270000,121.045800,17.510000
2025-11-13,1.830000,2.280000,120.772500,20.000000
2025-11-14,1.860000,2.280000,120.966600,19.830000
2025-11-17,1.850000,2.280000,121.114600,22.380000
2025-11-18,1.850000,2.270000,121.212700,24.690000
2025-11-19,1.860000,2.270000,121.497800,23.660000
2025-11-20,1.860000,2.240000,121.688900,26.420000
2025-11-21,1.820000,2.240000,121.865300,23.430000
2025-11-24,1.810000,2.230000,121.917100,20.520000
2025-11-25,1.790000,2.220000,121.633500,18.560000
2025-11-26,1.770000,2.230000,121.243700,17.190000
2025-11-27,,,,17.210000
2025-11-28,1.790000,2.230000,121.052700,16.350000
2025-12-01,1.850000,2.240000,120.986200,17.240000
2025-12-02,1.850000,2.240000,121.146700,16.590000
2025-12-03,1.820000,2.240000,120.733600,16.080000
2025-12-04,1.850000,2.260000,120.676600,15.780000
2025-12-05,1.880000,2.260000,120.686300,15.410000
2025-12-08,1.910000,2.260000,120.776000,16.660000
2025-12-09,1.920000,2.260000,120.683200,16.930000
2025-12-10,1.880000,2.250000,120.675200,15.770000
2025-12-11,1.890000,2.250000,119.980000,14.850000
2025-12-12,1.930000,2.260000,120.144200,15.740000
2025-12-15,1.930000,2.250000,119.956100,16.500000
2025-12-16,1.920000,2.230000,119.890200,16.480000
2025-12-17,1.920000,2.240000,120.155000,17.620000
2025-12-18,1.880000,2.240000,120.052800,16.870000
2025-12-19,1.920000,2.240000,120.165200,14.910000
2025-12-22,1.940000,2.230000,119.991200,14.080000
2025-12-23,1.940000,2.240000,119.705700,14.000000
2025-12-24,1.910000,2.240000,119.437200,13.470000
2025-12-25,,,,
2025-12-26,1.910000,2.230000,119.472300,13.600000
2025-12-29,1.900000,2.220000,119.589900,14.200000
2025-12-30,1.900000,2.240000,119.493900,14.330000
2025-12-31,1.930000,2.250000,119.745600,14.950000
2026-01-01,,,,
2026-01-02,1.940000,2.250000,119.605900,14.510000
2026-01-05,1.910000,2.260000,119.619200,14.900000
2026-01-06,1.910000,2.270000,119.780700,14.750000
2026-01-07,1.880000,2.270000,119.871900,15.380000
2026-01-08,1.920000,2.270000,120.090400,15.450000
2026-01-09,1.900000,2.280000,120.221500,14.490000
2026-01-12,1.900000,2.290000,119.995800,15.120000
2026-01-13,1.880000,2.300000,120.140100,15.980000
2026-01-14,1.860000,2.290000,119.953700,16.750000
2026-01-15,1.880000,2.290000,119.995100,15.840000
2026-01-16,1.910000,2.330000,120.083800,15.860000
2026-01-19,,,,18.840000
2026-01-20,1.970000,2.330000,119.445500,20.090000
2026-01-21,1.920000,2.340000,119.343100,16.900000
2026-01-22,1.950000,2.310000,119.196200,15.640000
2026-01-23,1.920000,2.320000,118.897600,16.090000
2026-01-26,1.900000,2.320000,118.052500,16.150000
2026-01-27,1.900000,2.340000,117.452300,16.350000
2026-01-28,1.900000,2.360000,117.511700,16.350000
2026-01-29,1.890000,2.350000,117.439600,16.880000
2026-01-30,1.900000,2.360000,117.899600,17.440000
2026-02-02,1.940000,2.350000,118.360900,16.340000
2026-02-03,1.920000,2.360000,117.976400,18.000000
2026-02-04,1.940000,2.350000,118.260200,18.640000
2026-02-05,1.890000,2.320000,118.503400,21.770000
2026-02-06,1.880000,2.340000,118.240700,17.760000
2026-02-09,1.870000,2.350000,117.639200,17.360000
2026-02-10,1.840000,2.320000,117.521600,17.790000
2026-02-11,1.860000,2.320000,117.460100,17.650000
2026-02-12,1.800000,2.290000,117.537600,20.820000
2026-02-13,1.770000,2.270000,117.525800,20.600000
2026-02-16,,,,21.200000
2026-02-17,1.790000,2.260000,117.737500,20.290000
2026-02-18,1.800000,2.290000,117.842600,19.620000
2026-02-19,1.790000,2.290000,118.235400,20.230000
2026-02-20,1.800000,2.280000,117.991700,19.090000
2026-02-23,1.770000,2.260000,117.939500,21.010000
2026-02-24,1.780000,2.260000,117.946300,19.550000
2026-02-25,1.770000,2.280000,117.769000,17.930000
2026-02-26,1.740000,2.280000,117.904200,18.630000
2026-02-27,1.720000,2.250000,117.822300,19.860000
2026-03-02,1.760000,2.290000,118.667000,21.440000
2026-03-03,1.770000,2.290000,119.434100,23.570000
2026-03-04,1.800000,2.290000,119.070500,21.150000
2026-03-05,1.820000,2.310000,119.568300,23.750000
2026-03-06,1.800000,2.350000,119.491000,29.490000
2026-03-09,1.780000,2.340000,119.515100,25.500000
2026-03-10,1.820000,2.330000,118.725500,24.930000
2026-03-11,1.850000,2.360000,119.288500,24.230000
2026-03-12,1.890000,2.380000,119.822700,27.290000
2026-03-13,1.920000,2.360000,120.551800,27.190000
2026-03-16,1.870000,2.360000,120.097000,23.510000
2026-03-17,1.830000,2.370000,119.832800,22.370000
2026-03-18,1.860000,2.400000,119.927600,25.090000
2026-03-19,1.880000,2.370000,120.180200,24.060000
2026-03-20,2.010000,2.380000,120.275700,26.780000
2026-03-23,2.010000,2.330000,119.937100,26.150000
2026-03-24,2.060000,2.330000,120.129500,26.950000
2026-03-25,2.020000,2.310000,120.128200,25.330000
2026-03-26,2.080000,2.340000,120.389000,27.440000
2026-03-27,2.130000,2.310000,120.885100,31.050000
2026-03-30,2.040000,2.310000,121.285100,30.610000
2026-03-31,2.000000,2.300000,121.035000,25.250000
2026-04-01,2.020000,2.310000,120.119800,24.540000
2026-04-02,1.970000,2.340000,120.503000,23.870000
2026-04-03,1.990000,2.360000,120.656500,
2026-04-06,1.980000,2.360000,120.430200,24.170000
2026-04-07,1.960000,2.370000,120.320000,25.780000
2026-04-08,1.960000,2.330000,119.059600,21.040000
2026-04-09,1.950000,2.340000,118.899800,19.490000
2026-04-10,1.950000,2.360000,118.855200,19.230000
2026-04-13,1.920000,2.380000,118.991600,19.120000
2026-04-14,1.890000,2.370000,118.358100,18.360000
2026-04-15,1.900000,2.390000,118.362300,18.170000
2026-04-16,1.930000,2.390000,118.361600,17.940000
2026-04-17,1.900000,2.360000,118.079500,17.480000
2026-04-20,1.910000,2.350000,118.237400,18.870000
2026-04-21,1.920000,2.380000,118.433100,19.500000
2026-04-22,1.920000,2.380000,118.600400,18.920000
2026-04-23,1.920000,2.420000,118.715500,19.310000
2026-04-24,1.890000,2.420000,118.729400,18.710000
2026-04-27,1.910000,2.440000,118.545800,18.020000
2026-04-28,1.920000,2.440000,118.771700,17.830000
2026-04-29,1.960000,2.460000,119.097500,18.810000
2026-04-30,1.940000,2.460000,118.671000,16.890000
2026-05-01,1.910000,2.480000,118.392600,16.990000
2026-05-04,1.950000,2.500000,118.826400,18.290000
2026-05-05,1.960000,2.470000,118.620700,17.380000
2026-05-06,1.940000,2.420000,118.098200,17.390000
2026-05-07,1.960000,2.450000,118.011600,17.080000
2026-05-08,1.930000,2.450000,118.039200,17.190000
2026-05-11,1.950000,2.470000,118.056200,18.380000
2026-05-12,1.990000,2.470000,118.523800,17.990000
2026-05-13,1.990000,2.470000,118.473700,17.870000
2026-05-14,2.000000,2.470000,118.669600,17.260000
2026-05-15,2.100000,2.490000,119.282500,18.430000
2026-05-18,2.130000,2.480000,119.057400,17.820000
2026-05-19,2.180000,2.490000,119.451000,18.060000
2026-05-20,2.130000,2.440000,119.162400,17.440000
2026-05-21,2.180000,2.390000,119.369000,16.760000
2026-05-22,2.160000,2.400000,119.286800,16.700000
2026-05-25,,,,16.590000
2026-05-26,2.100000,2.400000,119.169600,17.010000
2026-05-27,2.090000,2.390000,119.182900,16.290000
2026-05-28,2.060000,2.390000,119.031800,15.740000
2026-05-29,2.070000,2.380000,118.878300,15.320000
2026-06-01,2.070000,2.400000,119.165300,16.050000
2026-06-02,2.070000,2.390000,119.035900,15.770000
2026-06-03,2.110000,2.380000,119.384800,16.060000
2026-06-04,2.110000,2.360000,119.361500,15.400000
2026-06-05,2.190000,2.360000,120.083100,21.510000
2026-06-08,2.210000,2.350000,120.034000,18.920000
2026-06-09,2.200000,2.330000,119.961700,19.870000
2026-06-10,2.210000,2.340000,119.913400,22.220000
2026-06-11,2.160000,2.290000,120.117400,19.440000
2026-06-12,2.170000,2.310000,119.507300,17.680000
2026-06-15,2.150000,2.320000,119.315800,16.200000
2026-06-16,2.140000,2.290000,119.256000,16.410000
2026-06-17,2.230000,2.260000,119.387100,18.440000
2026-06-18,2.210000,2.250000,120.395800,16.400000
2026-06-19,,,,16.780000
2026-06-22,2.280000,2.230000,120.546300,17.280000
2026-06-23,2.290000,2.210000,121.055200,19.490000
2026-06-24,2.230000,2.180000,121.412000,18.630000
2026-06-25,2.190000,2.210000,121.055900,18.890000
2026-06-26,2.180000,2.200000,120.886600,18.410000
2026-06-29,2.160000,2.220000,120.952500,17.650000
2026-06-30,2.200000,2.240000,120.924800,16.450000
2026-07-01,2.250000,2.230000,121.145500,16.590000
2026-07-02,2.260000,2.230000,120.690200,16.150000
2026-07-03,,,,15.810000
2026-07-06,2.240000,2.240000,120.835000,15.570000
2026-07-07,2.300000,2.250000,120.814500,16.130000
2026-07-08,2.310000,2.250000,121.130700,16.900000
2026-07-09,2.310000,2.230000,120.753000,15.840000
2026-07-10,2.320000,2.240000,120.504600,15.030000
2026-07-13,2.360000,2.260000,120.741300,17.160000
2026-07-14,2.330000,2.250000,120.472800,16.500000
2026-07-15,2.320000,2.230000,120.308800,15.670000
2026-07-16,2.350000,2.220000,120.331000,16.730000
2026-07-17,2.310000,2.240000,120.531500,18.770000
2026-07-20,2.350000,2.250000,120.540100,18.650000
2026-07-21,2.370000,2.260000,120.577900,17.050000
2026-07-22,2.390000,2.280000,120.573600,16.640000
2026-07-23,2.430000,2.280000,120.907500,18.700000
2026-07-24,2.430000,2.260000,120.710500,18.580000
2026-07-27,2.440000,2.210000,120.773900,18.670000
2026-07-28,2.410000,2.200000,120.624700,18.210000
2026-07-29,2.410000,2.260000,120.789200,20.660000
2026-07-30,2.410000,2.270000,119.675300,17.090000
2026-07-31,2.470000,2.280000,119.703400,15.990000
2026-08-03,2.430000,2.270000,119.695100,15.860000
2026-08-04,2.400000,2.230000,119.597700,16.500000
2026-08-05,2.410000,2.220000,119.388100,15.810000
2026-08-06,2.430000,2.260000,119.511300,15.150000
2026-08-07,2.400000,2.250000,119.064900,14.900000
2026-08-10,2.430000,2.290000,119.118700,15.460000
2026-08-11,2.430000,2.270000,119.179000,15.280000
2026-08-12,2.420000,2.260000,119.117900,14.550000
2026-08-13,2.390000,2.240000,119.184800,14.630000
2026-08-14,2.410000,2.270000,118.902800,14.250000
2026-08-17,2.440000,2.280000,118.814000,15.190000
2026-08-18,2.410000,2.300000,118.983100,15.840000
2026-08-19,2.350000,2.300000,118.332800,14.890000
2026-08-20,2.350000,2.340000,118.254800,16.010000
2026-08-21,2.400000,2.340000,118.062800,15.130000
2026-08-24,2.380000,2.320000,118.319500,15.850000
2026-08-25,2.320000,2.320000,118.228300,15.450000
2026-08-26,2.340000,2.320000,118.446100,15.210000
2026-08-27,2.340000,2.330000,118.358300,14.510000
2026-08-28,2.420000,2.310000,118.747900,14.430000
2026-08-31,2.440000,2.310000,118.567900,14.920000
2026-09-01,2.440000,2.350000,118.656800,16.340000
2026-09-02,2.450000,2.340000,118.529600,15.200000
2026-09-03,2.420000,2.350000,118.127000,14.320000
2026-09-04,2.430000,2.350000,118.073200,14.530000
2026-09-07,,,,15.300000
2026-09-08,2.430000,2.370000,117.912700,15.720000
2026-09-09,2.460000,2.370000,117.883400,16.460000
2026-09-10,2.550000,2.400000,118.078700,17.840000
2026-09-11,2.600000,2.360000,118.212600,15.840000
2026-09-14,2.600000,2.370000,118.692300,17.100000
2026-09-15,2.620000,2.380000,118.882200,17.200000
2026-09-16,2.680000,2.330000,118.920600,17.710000
2026-09-17,2.610000,2.330000,119.348900,15.440000
2026-09-18,2.680000,2.330000,119.513300,14.810000
2026-09-21,2.620000,2.340000,119.401400,14.870000
2026-09-22,2.630000,2.330000,119.593300,14.210000
2026-09-23,2.760000,2.350000,120.116900,15.180000
2026-09-24,2.850000,2.330000,120.552100,15.670000
2026-09-25,2.830000,2.340000,120.330000,14.870000
2026-09-28,2.900000,2.340000,120.695800,16.070000
2026-09-29,2.910000,2.350000,121.029600,16.040000
2026-09-30,2.930000,2.360000,120.969300,16.340000
2026-10-01,2.880000,2.360000,121.788200,16.390000
2026-10-02,2.920000,2.360000,121.384800,15.310000
2026-10-05,,2.360000,,
